hasURI,hasco:hascoType,rdfs:subClassOf,rdfs:label,vstoi:hasContent,vstoi:hasLanguage,vstoi:hasVersion,hasco:hasMaker,rdfs:comment:,hasco:hasImage,hasco:hasWebDocument
pmsr:/CSM9c414dfc717b9601e,vstoi:ComponentStem,,Airway Pressure Detector Stem,Sensor for airway pressure changes during ventilation and intubation tasks.,en,1,,Proposed detector expansion for Airway Simulator; domain=AIRWAY_RESPIRATORY.,,https://www.nascohealthcare.com/testimonials/
pmsr:/CSM992d81c386989d7dc,vstoi:ComponentStem,,Pulse Rate Detector Stem,Detector for pulse presence and pulse-rate signal.,en,1,,Proposed detector expansion for Airway Simulator; domain=CARDIOVASCULAR_HEMODYNAMIC.,,https://www.nascohealthcare.com/testimonials/
pmsr:/CSM92fcfbc2c169e7fcd,vstoi:ComponentStem,,Applied Force Detector Stem,Detector for procedure force application magnitude.,en,1,,Proposed detector expansion for Airway Simulator; domain=PROCEDURAL_FORCE_PRESSURE.,,https://www.nascohealthcare.com/testimonials/
pmsr:/CSM9de4ab93ad5c6ee64,vstoi:ComponentStem,,Probe Contact Detector Stem,Detector for probe-to-surface contact quality.,en,1,,Proposed detector expansion for Anatomage Clinical Table; domain=IMAGING_ANATOMY_SPATIAL.,,https://www.anatomage.com/contact/
pmsr:/CSM9be87c7647c0e9873,vstoi:ComponentStem,,Probe Contact Detector Stem,Detector for probe-to-surface contact quality.,en,1,,Proposed detector expansion for Anatomage Large Table; domain=IMAGING_ANATOMY_SPATIAL.,,https://www.anatomage.com/contact/
pmsr:/CSM91ea9b0de3b837582,vstoi:ComponentStem,,Probe Contact Detector Stem,Detector for probe-to-surface contact quality.,en,1,,Proposed detector expansion for Anatomage Science Table; domain=IMAGING_ANATOMY_SPATIAL.,,https://www.anatomage.com/contact/
pmsr:/CSM9200668759cbaf1c2,vstoi:ComponentStem,,Probe Contact Detector Stem,Detector for probe-to-surface contact quality.,en,1,,Proposed detector expansion for Anatomage Small Tablet; domain=IMAGING_ANATOMY_SPATIAL.,,https://www.anatomage.com/contact/
pmsr:/CSM9641bcbc4968524aa,vstoi:ComponentStem,,Probe Contact Detector Stem,Detector for probe-to-surface contact quality.,en,1,,Proposed detector expansion for Anatomage Table Simulator; domain=IMAGING_ANATOMY_SPATIAL.,,https://www.anatomage.com/contact/
pmsr:/CSM91e7a747282590b1d,vstoi:ComponentStem,,Probe Contact Detector Stem,Detector for probe-to-surface contact quality.,en,1,,Proposed detector expansion for Anatomage Vet Table; domain=IMAGING_ANATOMY_SPATIAL.,,https://www.anatomage.com/contact/
pmsr:/CSM9fc9ee023f5a19edc,vstoi:ComponentStem,,Probe Contact Detector Stem,Detector for probe-to-surface contact quality.,en,1,,Proposed detector expansion for ARTEC LEO Scanner; domain=IMAGING_ANATOMY_SPATIAL.,,https://support.3shape.com/
pmsr:/CSM9d220c5adb12ec30e,vstoi:ComponentStem,,Pulse Rate Detector Stem,Detector for pulse presence and pulse-rate signal.,en,1,,Proposed detector expansion for Automated External Defibrilator; domain=CARDIOVASCULAR_HEMODYNAMIC.,,https://laerdal.com/us/products/simulation-training/
pmsr:/CSM9a8a78fad10b0006c,vstoi:ComponentStem,,Airway Pressure Detector Stem,Sensor for airway pressure changes during ventilation and intubation tasks.,en,1,,Proposed detector expansion for Automated External Defibrilator; domain=AIRWAY_RESPIRATORY.,,https://laerdal.com/us/products/simulation-training/
pmsr:/CSM96b1c40cbd945a79a,vstoi:ComponentStem,,Applied Force Detector Stem,Detector for procedure force application magnitude.,en,1,,Proposed detector expansion for Automated External Defibrilator; domain=PROCEDURAL_FORCE_PRESSURE.,,https://laerdal.com/us/products/simulation-training/
pmsr:/CSM9a73c6d40dc645982,vstoi:ComponentStem,,Applied Force Detector Stem,Detector for procedure force application magnitude.,en,1,,Proposed detector expansion for Blood Pressure Measurement Simulator; domain=PROCEDURAL_FORCE_PRESSURE.,,https://www.fda.gov/about-fda/cdrh-transparency/total-product-life-cycle-medical-devices
pmsr:/CSM95024d8c436e90342,vstoi:ComponentStem,,Airway Pressure Detector Stem,Sensor for airway pressure changes during ventilation and intubation tasks.,en,1,,Proposed detector expansion for Blood Pressure Measurement Simulator; domain=AIRWAY_RESPIRATORY.,,https://www.fda.gov/about-fda/cdrh-transparency/total-product-life-cycle-medical-devices
pmsr:/CSM9d498117296650fd4,vstoi:ComponentStem,,Pulse Rate Detector Stem,Detector for pulse presence and pulse-rate signal.,en,1,,Proposed detector expansion for Blood Pressure Measurement Simulator; domain=CARDIOVASCULAR_HEMODYNAMIC.,,https://www.fda.gov/about-fda/cdrh-transparency/total-product-life-cycle-medical-devices
pmsr:/CSM956a09acce37c00df,vstoi:ComponentStem,,Probe Contact Detector Stem,Detector for probe-to-surface contact quality.,en,1,,Proposed detector expansion for Butterfly IQ+; domain=IMAGING_ANATOMY_SPATIAL.,,https://support.butterflynetwork.com/hc/en-us
pmsr:/CSM9d2cd2e0e3164e3dc,vstoi:ComponentStem,,Probe Contact Detector Stem,Detector for probe-to-surface contact quality.,en,1,,Proposed detector expansion for Butterfly Ultrasound Probes; domain=IMAGING_ANATOMY_SPATIAL.,,https://www.chison.com/handheld-ultrasound/
pmsr:/CSM9e1a69de49a265f82,vstoi:ComponentStem,,Interaction Event Detector Stem,General detector for user-device interaction events.,en,1,,Proposed detector expansion for CAD-CAM System; domain=GENERAL_SIMULATION_OTHER.,,https://support.3shape.com/
pmsr:/CSM96b31842bce5dcdb2,vstoi:ComponentStem,,Interaction Event Detector Stem,General detector for user-device interaction events.,en,1,,Proposed detector expansion for Cancer Patient Simulator; domain=GENERAL_SIMULATION_OTHER.,,https://www.who.int/mega-menu/health-topics/resources/fact-sheets
pmsr:/CSM90815dc96432f96da,vstoi:ComponentStem,,Airway Pressure Detector Stem,Sensor for airway pressure changes during ventilation and intubation tasks.,en,1,,Proposed detector expansion for Cancer Patient Simulator; domain=AIRWAY_RESPIRATORY.,,https://www.who.int/mega-menu/health-topics/resources/fact-sheets
pmsr:/CSM9bfbefb4029562be2,vstoi:ComponentStem,,Pulse Rate Detector Stem,Detector for pulse presence and pulse-rate signal.,en,1,,Proposed detector expansion for Cancer Patient Simulator; domain=CARDIOVASCULAR_HEMODYNAMIC.,,https://www.who.int/mega-menu/health-topics/resources/fact-sheets
pmsr:/CSM986f6f2fcca772e17,vstoi:ComponentStem,,Interaction Event Detector Stem,General detector for user-device interaction events.,en,1,,Proposed detector expansion for Cancer Patient Simulator; domain=GENERAL_SIMULATION_OTHER.,,https://www.who.int/mega-menu/health-topics/resources/fact-sheets
pmsr:/CSM9c7164c6501a2f221,vstoi:ComponentStem,,Airway Pressure Detector Stem,Sensor for airway pressure changes during ventilation and intubation tasks.,en,1,,Proposed detector expansion for Cancer Patient Simulator; domain=AIRWAY_RESPIRATORY.,,https://www.who.int/mega-menu/health-topics/resources/fact-sheets
pmsr:/CSM97d340fb11b45a500,vstoi:ComponentStem,,Pulse Rate Detector Stem,Detector for pulse presence and pulse-rate signal.,en,1,,Proposed detector expansion for Cancer Patient Simulator; domain=CARDIOVASCULAR_HEMODYNAMIC.,,https://www.who.int/mega-menu/health-topics/resources/fact-sheets
pmsr:/CSM918a63ecb1715441b,vstoi:ComponentStem,,Pulse Rate Detector Stem,Detector for pulse presence and pulse-rate signal.,en,1,,Proposed detector expansion for Cardiac Procedure Simulator; domain=CARDIOVASCULAR_HEMODYNAMIC.,,https://www.fda.gov/about-fda/cdrh-transparency/total-product-life-cycle-medical-devices
pmsr:/CSM990298a1427442675,vstoi:ComponentStem,,Airway Pressure Detector Stem,Sensor for airway pressure changes during ventilation and intubation tasks.,en,1,,Proposed detector expansion for Cardiac Procedure Simulator; domain=AIRWAY_RESPIRATORY.,,https://www.fda.gov/about-fda/cdrh-transparency/total-product-life-cycle-medical-devices
pmsr:/CSM91c04b48e31427ab0,vstoi:ComponentStem,,Applied Force Detector Stem,Detector for procedure force application magnitude.,en,1,,Proposed detector expansion for Cardiac Procedure Simulator; domain=PROCEDURAL_FORCE_PRESSURE.,,https://www.fda.gov/about-fda/cdrh-transparency/total-product-life-cycle-medical-devices
pmsr:/CSM98b9cb85b46753960,vstoi:ComponentStem,,Interaction Event Detector Stem,General detector for user-device interaction events.,en,1,,Proposed detector expansion for Care Simulators; domain=GENERAL_SIMULATION_OTHER.,,https://www.ssih.org/about-simulation
pmsr:/CSM9379db4d4fb785cf5,vstoi:ComponentStem,,Airway Pressure Detector Stem,Sensor for airway pressure changes during ventilation and intubation tasks.,en,1,,Proposed detector expansion for Care Simulators; domain=AIRWAY_RESPIRATORY.,,https://www.ssih.org/about-simulation
pmsr:/CSM92f77f894ce273233,vstoi:ComponentStem,,Pulse Rate Detector Stem,Detector for pulse presence and pulse-rate signal.,en,1,,Proposed detector expansion for Care Simulators; domain=CARDIOVASCULAR_HEMODYNAMIC.,,https://www.ssih.org/about-simulation
pmsr:/CSM9918d10e4ac4a7259,vstoi:ComponentStem,,Probe Contact Detector Stem,Detector for probe-to-surface contact quality.,en,1,,Proposed detector expansion for Chison Cbit-9 Stationary Ultrasound; domain=IMAGING_ANATOMY_SPATIAL.,,https://www.chison.com/products/
pmsr:/CSM94d921b7a5d237544,vstoi:ComponentStem,,Scenario State Detector Stem,Detector for scenario-state transitions and milestones.,en,1,,Proposed detector expansion for Dani Model; domain=SOFTWARE_WORKFLOW_STATE.,,https://www.fda.gov/about-fda/cdrh-transparency/total-product-life-cycle-medical-devices
pmsr:/CSM9f92c10a177fda40c,vstoi:ComponentStem,,Airway Pressure Detector Stem,Sensor for airway pressure changes during ventilation and intubation tasks.,en,1,,Proposed detector expansion for Dani Model; domain=AIRWAY_RESPIRATORY.,,https://www.fda.gov/about-fda/cdrh-transparency/total-product-life-cycle-medical-devices
pmsr:/CSM977ca489e37e7effe,vstoi:ComponentStem,,Pulse Rate Detector Stem,Detector for pulse presence and pulse-rate signal.,en,1,,Proposed detector expansion for Dani Model; domain=CARDIOVASCULAR_HEMODYNAMIC.,,https://www.fda.gov/about-fda/cdrh-transparency/total-product-life-cycle-medical-devices
pmsr:/CSM9b335deba451cba52,vstoi:ComponentStem,,Applied Force Detector Stem,Detector for procedure force application magnitude.,en,1,,Proposed detector expansion for Dani Model; domain=PROCEDURAL_FORCE_PRESSURE.,,https://www.fda.gov/about-fda/cdrh-transparency/total-product-life-cycle-medical-devices
pmsr:/CSM9c66ffd5355ad297e,vstoi:ComponentStem,,Venous Flashback Detector Stem,Detector for venous access flashback event.,en,1,,Proposed detector expansion for Dani Model; domain=IV_VASCULAR_ACCESS.,,https://www.fda.gov/about-fda/cdrh-transparency/total-product-life-cycle-medical-devices
pmsr:/CSM975bf32c5546d1287,vstoi:ComponentStem,,Action Sequence Detector Stem,Detector for ordered step completion events.,en,1,,Proposed detector expansion for Dani Model; domain=SOFTWARE_WORKFLOW_STATE.,,https://www.fda.gov/about-fda/cdrh-transparency/total-product-life-cycle-medical-devices
pmsr:/CSM93316fda62f53722b,vstoi:ComponentStem,,Ventilation Flow Detector Stem,Sensor for inspiratory/expiratory flow signal.,en,1,,Proposed detector expansion for Dani Model; domain=AIRWAY_RESPIRATORY.,,https://www.fda.gov/about-fda/cdrh-transparency/total-product-life-cycle-medical-devices
pmsr:/CSM93c4a5674971bce75,vstoi:ComponentStem,,Probe Contact Detector Stem,Detector for probe-to-surface contact quality.,en,1,,Proposed detector expansion for Diagnostic Imaging Simulator; domain=IMAGING_ANATOMY_SPATIAL.,,https://www.chison.com/b-w-ultrasound/eco-2.html
pmsr:/CSM959cc1176e717120e,vstoi:ComponentStem,,Interaction Event Detector Stem,General detector for user-device interaction events.,en,1,,Proposed detector expansion for Diagnostic Simulators; domain=GENERAL_SIMULATION_OTHER.,,https://www.fda.gov/medical-devices/medical-device-databases/corrective-actions-electronic-products
pmsr:/CSM99586654dea8a7e16,vstoi:ComponentStem,,Airway Pressure Detector Stem,Sensor for airway pressure changes during ventilation and intubation tasks.,en,1,,Proposed detector expansion for Diagnostic Simulators; domain=AIRWAY_RESPIRATORY.,,https://www.fda.gov/medical-devices/medical-device-databases/corrective-actions-electronic-products
pmsr:/CSM9acd6d76f97b32a6f,vstoi:ComponentStem,,Pulse Rate Detector Stem,Detector for pulse presence and pulse-rate signal.,en,1,,Proposed detector expansion for Diagnostic Simulators; domain=CARDIOVASCULAR_HEMODYNAMIC.,,https://www.fda.gov/medical-devices/medical-device-databases/corrective-actions-electronic-products
pmsr:/CSM92ba49139c757ed04,vstoi:ComponentStem,,Probe Contact Detector Stem,Detector for probe-to-surface contact quality.,en,1,,Proposed detector expansion for Diagnostic Ultrasound; domain=IMAGING_ANATOMY_SPATIAL.,,https://www.chison.com/b-w-ultrasound/eco-2.html
pmsr:/CSM9b8b5990a9bc16b7f,vstoi:ComponentStem,,Interaction Event Detector Stem,General detector for user-device interaction events.,en,1,,Proposed detector expansion for Ear Irrigation Simulator; domain=GENERAL_SIMULATION_OTHER.,,https://www.fda.gov/about-fda/cdrh-transparency/total-product-life-cycle-medical-devices
pmsr:/CSM93a294ba2fcd554b7,vstoi:ComponentStem,,Airway Pressure Detector Stem,Sensor for airway pressure changes during ventilation and intubation tasks.,en,1,,Proposed detector expansion for Ear Irrigation Simulator; domain=AIRWAY_RESPIRATORY.,,https://www.fda.gov/about-fda/cdrh-transparency/total-product-life-cycle-medical-devices
pmsr:/CSM9c17082de921f3bd7,vstoi:ComponentStem,,Pulse Rate Detector Stem,Detector for pulse presence and pulse-rate signal.,en,1,,Proposed detector expansion for Ear Irrigation Simulator; domain=CARDIOVASCULAR_HEMODYNAMIC.,,https://www.fda.gov/about-fda/cdrh-transparency/total-product-life-cycle-medical-devices
pmsr:/CSM9abb802bebfa6e73f,vstoi:ComponentStem,,Probe Contact Detector Stem,Detector for probe-to-surface contact quality.,en,1,,Proposed detector expansion for Extraoral Scanner; domain=IMAGING_ANATOMY_SPATIAL.,,https://support.3shape.com/
pmsr:/CSM949019081da4194fc,vstoi:ComponentStem,,Interaction Event Detector Stem,General detector for user-device interaction events.,en,1,,Proposed detector expansion for Female Genitalia Catherization Simulator; domain=GENERAL_SIMULATION_OTHER.,,https://www.nascohealthcare.com/
pmsr:/CSM976487c272f9a16da,vstoi:ComponentStem,,Airway Pressure Detector Stem,Sensor for airway pressure changes during ventilation and intubation tasks.,en,1,,Proposed detector expansion for Female Genitalia Catherization Simulator; domain=AIRWAY_RESPIRATORY.,,https://www.nascohealthcare.com/
pmsr:/CSM994bdafe1fd135ba9,vstoi:ComponentStem,,Pulse Rate Detector Stem,Detector for pulse presence and pulse-rate signal.,en,1,,Proposed detector expansion for Female Genitalia Catherization Simulator; domain=CARDIOVASCULAR_HEMODYNAMIC.,,https://www.nascohealthcare.com/
pmsr:/CSM97ef6b9bafd907a3e,vstoi:ComponentStem,,Applied Force Detector Stem,Detector for procedure force application magnitude.,en,1,,Proposed detector expansion for Female Genitalia Catherization Simulator; domain=PROCEDURAL_FORCE_PRESSURE.,,https://www.nascohealthcare.com/
pmsr:/CSM90d8bb8436b354767,vstoi:ComponentStem,,Venous Flashback Detector Stem,Detector for venous access flashback event.,en,1,,Proposed detector expansion for Female Genitalia Catherization Simulator; domain=IV_VASCULAR_ACCESS.,,https://www.nascohealthcare.com/
pmsr:/CSM9be63693a4d2de85d,vstoi:ComponentStem,,Procedure Completion Detector Stem,Detector for successful procedure completion state.,en,1,,Proposed detector expansion for Female Genitalia Catherization Simulator; domain=GENERAL_SIMULATION_OTHER.,,https://www.nascohealthcare.com/
pmsr:/CSM91c78dbd4a4e327ad,vstoi:ComponentStem,,Ventilation Flow Detector Stem,Sensor for inspiratory/expiratory flow signal.,en,1,,Proposed detector expansion for Female Genitalia Catherization Simulator; domain=AIRWAY_RESPIRATORY.,,https://www.nascohealthcare.com/
pmsr:/CSM9cbad38031c8a8953,vstoi:ComponentStem,,Interaction Event Detector Stem,General detector for user-device interaction events.,en,1,,Proposed detector expansion for Geriatic Care Simulator; domain=GENERAL_SIMULATION_OTHER.,,https://www.fda.gov/about-fda/cdrh-transparency/total-product-life-cycle-medical-devices
pmsr:/CSM99a823c181f4f7de1,vstoi:ComponentStem,,Airway Pressure Detector Stem,Sensor for airway pressure changes during ventilation and intubation tasks.,en,1,,Proposed detector expansion for Geriatic Care Simulator; domain=AIRWAY_RESPIRATORY.,,https://www.fda.gov/about-fda/cdrh-transparency/total-product-life-cycle-medical-devices
pmsr:/CSM9645ca857216205a0,vstoi:ComponentStem,,Pulse Rate Detector Stem,Detector for pulse presence and pulse-rate signal.,en,1,,Proposed detector expansion for Geriatic Care Simulator; domain=CARDIOVASCULAR_HEMODYNAMIC.,,https://www.fda.gov/about-fda/cdrh-transparency/total-product-life-cycle-medical-devices
pmsr:/CSM97509f0062fd1f406,vstoi:ComponentStem,,Interaction Event Detector Stem,General detector for user-device interaction events.,en,1,,Proposed detector expansion for Gynaecological Examination Mannequin; domain=GENERAL_SIMULATION_OTHER.,,https://laerdal.com/us/products/simulation-training/
pmsr:/CSM90bbc3d6d425d8b1b,vstoi:ComponentStem,,Airway Pressure Detector Stem,Sensor for airway pressure changes during ventilation and intubation tasks.,en,1,,Proposed detector expansion for Gynaecological Examination Mannequin; domain=AIRWAY_RESPIRATORY.,,https://laerdal.com/us/products/simulation-training/
pmsr:/CSM9dfe1e8fa98846b5c,vstoi:ComponentStem,,Pulse Rate Detector Stem,Detector for pulse presence and pulse-rate signal.,en,1,,Proposed detector expansion for Gynaecological Examination Mannequin; domain=CARDIOVASCULAR_HEMODYNAMIC.,,https://laerdal.com/us/products/simulation-training/
pmsr:/CSM93977c34f39b38c17,vstoi:ComponentStem,,Applied Force Detector Stem,Detector for procedure force application magnitude.,en,1,,Proposed detector expansion for Gynaecological Examination Mannequin; domain=PROCEDURAL_FORCE_PRESSURE.,,https://laerdal.com/us/products/simulation-training/
pmsr:/CSM9791272432f1f76a0,vstoi:ComponentStem,,Venous Flashback Detector Stem,Detector for venous access flashback event.,en,1,,Proposed detector expansion for Gynaecological Examination Mannequin; domain=IV_VASCULAR_ACCESS.,,https://laerdal.com/us/products/simulation-training/
pmsr:/CSM9a9fa37e49b581efa,vstoi:ComponentStem,,Procedure Completion Detector Stem,Detector for successful procedure completion state.,en,1,,Proposed detector expansion for Gynaecological Examination Mannequin; domain=GENERAL_SIMULATION_OTHER.,,https://laerdal.com/us/products/simulation-training/
pmsr:/CSM914424e2ca6f23875,vstoi:ComponentStem,,Ventilation Flow Detector Stem,Sensor for inspiratory/expiratory flow signal.,en,1,,Proposed detector expansion for Gynaecological Examination Mannequin; domain=AIRWAY_RESPIRATORY.,,https://laerdal.com/us/products/simulation-training/
pmsr:/CSM9f7ed46ceb4229e18,vstoi:ComponentStem,,Interaction Event Detector Stem,General detector for user-device interaction events.,en,1,,Proposed detector expansion for High-Fidelity Mannequin; domain=GENERAL_SIMULATION_OTHER.,,https://laerdal.com/us/products/simulation-training/
pmsr:/CSM90d4988be27c71565,vstoi:ComponentStem,,Airway Pressure Detector Stem,Sensor for airway pressure changes during ventilation and intubation tasks.,en,1,,Proposed detector expansion for High-Fidelity Mannequin; domain=AIRWAY_RESPIRATORY.,,https://laerdal.com/us/products/simulation-training/
pmsr:/CSM9cacdf80013f26e29,vstoi:ComponentStem,,Pulse Rate Detector Stem,Detector for pulse presence and pulse-rate signal.,en,1,,Proposed detector expansion for High-Fidelity Mannequin; domain=CARDIOVASCULAR_HEMODYNAMIC.,,https://laerdal.com/us/products/simulation-training/
pmsr:/CSM9606dfb5a35237e48,vstoi:ComponentStem,,Applied Force Detector Stem,Detector for procedure force application magnitude.,en,1,,Proposed detector expansion for High-Fidelity Mannequin; domain=PROCEDURAL_FORCE_PRESSURE.,,https://laerdal.com/us/products/simulation-training/
pmsr:/CSM98c7aba34e5be7709,vstoi:ComponentStem,,Venous Flashback Detector Stem,Detector for venous access flashback event.,en,1,,Proposed detector expansion for High-Fidelity Mannequin; domain=IV_VASCULAR_ACCESS.,,https://laerdal.com/us/products/simulation-training/
pmsr:/CSM94b01ffb43fb6d533,vstoi:ComponentStem,,Procedure Completion Detector Stem,Detector for successful procedure completion state.,en,1,,Proposed detector expansion for High-Fidelity Mannequin; domain=GENERAL_SIMULATION_OTHER.,,https://laerdal.com/us/products/simulation-training/
pmsr:/CSM93b670eb872389131,vstoi:ComponentStem,,Ventilation Flow Detector Stem,Sensor for inspiratory/expiratory flow signal.,en,1,,Proposed detector expansion for High-Fidelity Mannequin; domain=AIRWAY_RESPIRATORY.,,https://laerdal.com/us/products/simulation-training/
pmsr:/CSM928cf00be99515fd6,vstoi:ComponentStem,,Probe Contact Detector Stem,Detector for probe-to-surface contact quality.,en,1,,Proposed detector expansion for Imaging; domain=IMAGING_ANATOMY_SPATIAL.,,https://www.chison.com/products/
pmsr:/CSM9aee9cbc3472181e4,vstoi:ComponentStem,,Interaction Event Detector Stem,General detector for user-device interaction events.,en,1,,Proposed detector expansion for Intramuscular Injections Simulator; domain=GENERAL_SIMULATION_OTHER.,,https://www.ssih.org/about-simulation
pmsr:/CSM9eb559da4ff377d1f,vstoi:ComponentStem,,Airway Pressure Detector Stem,Sensor for airway pressure changes during ventilation and intubation tasks.,en,1,,Proposed detector expansion for Intramuscular Injections Simulator; domain=AIRWAY_RESPIRATORY.,,https://www.ssih.org/about-simulation
pmsr:/CSM938613baf26581c7c,vstoi:ComponentStem,,Pulse Rate Detector Stem,Detector for pulse presence and pulse-rate signal.,en,1,,Proposed detector expansion for Intramuscular Injections Simulator; domain=CARDIOVASCULAR_HEMODYNAMIC.,,https://www.ssih.org/about-simulation
pmsr:/CSM9b333dd31966be4b4,vstoi:ComponentStem,,Applied Force Detector Stem,Detector for procedure force application magnitude.,en,1,,Proposed detector expansion for Intramuscular Injections Simulator; domain=PROCEDURAL_FORCE_PRESSURE.,,https://www.ssih.org/about-simulation
pmsr:/CSM98c93075db7016ddb,vstoi:ComponentStem,,Venous Flashback Detector Stem,Detector for venous access flashback event.,en,1,,Proposed detector expansion for Intramuscular Injections Simulator; domain=IV_VASCULAR_ACCESS.,,https://www.ssih.org/about-simulation
pmsr:/CSM99cf2b1dc559be6ee,vstoi:ComponentStem,,Procedure Completion Detector Stem,Detector for successful procedure completion state.,en,1,,Proposed detector expansion for Intramuscular Injections Simulator; domain=GENERAL_SIMULATION_OTHER.,,https://www.ssih.org/about-simulation
pmsr:/CSM9dfdfed4bb1be7a1b,vstoi:ComponentStem,,Ventilation Flow Detector Stem,Sensor for inspiratory/expiratory flow signal.,en,1,,Proposed detector expansion for Intramuscular Injections Simulator; domain=AIRWAY_RESPIRATORY.,,https://www.ssih.org/about-simulation
pmsr:/CSM9ad565cbb6b63799b,vstoi:ComponentStem,,Probe Contact Detector Stem,Detector for probe-to-surface contact quality.,en,1,,Proposed detector expansion for Intraoral Scanner; domain=IMAGING_ANATOMY_SPATIAL.,,https://support.3shape.com/
pmsr:/CSM9bf1a4781a6d647a0,vstoi:ComponentStem,,Interaction Event Detector Stem,General detector for user-device interaction events.,en,1,,Proposed detector expansion for IV Fluid Administration; domain=GENERAL_SIMULATION_OTHER.,,https://www.nascohealthcare.com/about/our-purpose/
pmsr:/CSM92892a1cff1cd3b32,vstoi:ComponentStem,,Airway Pressure Detector Stem,Sensor for airway pressure changes during ventilation and intubation tasks.,en,1,,Proposed detector expansion for IV Fluid Administration; domain=AIRWAY_RESPIRATORY.,,https://www.nascohealthcare.com/about/our-purpose/
pmsr:/CSM93fd09db7cb896ac0,vstoi:ComponentStem,,Pulse Rate Detector Stem,Detector for pulse presence and pulse-rate signal.,en,1,,Proposed detector expansion for IV Fluid Administration; domain=CARDIOVASCULAR_HEMODYNAMIC.,,https://www.nascohealthcare.com/about/our-purpose/
pmsr:/CSM9e8674cf2e7fa5220,vstoi:ComponentStem,,Airway Pressure Detector Stem,Sensor for airway pressure changes during ventilation and intubation tasks.,en,1,,Proposed detector expansion for Laerdal Airway Simulator; domain=AIRWAY_RESPIRATORY.,,https://laerdal.com/us/products/simulation-training/
pmsr:/CSM9e8fe63646daa95de,vstoi:ComponentStem,,Pulse Rate Detector Stem,Detector for pulse presence and pulse-rate signal.,en,1,,Proposed detector expansion for Laerdal Airway Simulator; domain=CARDIOVASCULAR_HEMODYNAMIC.,,https://laerdal.com/us/products/simulation-training/
pmsr:/CSM94ebae35a247b51a4,vstoi:ComponentStem,,Applied Force Detector Stem,Detector for procedure force application magnitude.,en,1,,Proposed detector expansion for Laerdal Airway Simulator; domain=PROCEDURAL_FORCE_PRESSURE.,,https://laerdal.com/us/products/simulation-training/
pmsr:/CSM980029c127592d21b,vstoi:ComponentStem,,Interaction Event Detector Stem,General detector for user-device interaction events.,en,1,,Proposed detector expansion for Laerdal ALS Baby Trainer 200; domain=GENERAL_SIMULATION_OTHER.,,https://laerdal.com/us/products/simulation-training/
pmsr:/CSM9e0b6f7bc85843494,vstoi:ComponentStem,,Airway Pressure Detector Stem,Sensor for airway pressure changes during ventilation and intubation tasks.,en,1,,Proposed detector expansion for Laerdal ALS Baby Trainer 200; domain=AIRWAY_RESPIRATORY.,,https://laerdal.com/us/products/simulation-training/
pmsr:/CSM9c4da8f90d6ea756c,vstoi:ComponentStem,,Pulse Rate Detector Stem,Detector for pulse presence and pulse-rate signal.,en,1,,Proposed detector expansion for Laerdal ALS Baby Trainer 200; domain=CARDIOVASCULAR_HEMODYNAMIC.,,https://laerdal.com/us/products/simulation-training/
pmsr:/CSM9fb7ba86cf67ea5dc,vstoi:ComponentStem,,Pulse Rate Detector Stem,Detector for pulse presence and pulse-rate signal.,en,1,,Proposed detector expansion for Laerdal DAE Simulator; domain=CARDIOVASCULAR_HEMODYNAMIC.,,https://laerdal.com/us/products/simulation-training/
pmsr:/CSM9ef673dff665df409,vstoi:ComponentStem,,Airway Pressure Detector Stem,Sensor for airway pressure changes during ventilation and intubation tasks.,en,1,,Proposed detector expansion for Laerdal DAE Simulator; domain=AIRWAY_RESPIRATORY.,,https://laerdal.com/us/products/simulation-training/
pmsr:/CSM9c2113835d438aee5,vstoi:ComponentStem,,Applied Force Detector Stem,Detector for procedure force application magnitude.,en,1,,Proposed detector expansion for Laerdal DAE Simulator; domain=PROCEDURAL_FORCE_PRESSURE.,,https://laerdal.com/us/products/simulation-training/
pmsr:/CSM91cc8dd9fe070231c,vstoi:ComponentStem,,Interaction Event Detector Stem,General detector for user-device interaction events.,en,1,,Proposed detector expansion for Laerdal Nursing Anne Mannequin; domain=GENERAL_SIMULATION_OTHER.,,https://laerdal.com/us/products/simulation-training/
pmsr:/CSM9add0352cfe599c69,vstoi:ComponentStem,,Airway Pressure Detector Stem,Sensor for airway pressure changes during ventilation and intubation tasks.,en,1,,Proposed detector expansion for Laerdal Nursing Anne Mannequin; domain=AIRWAY_RESPIRATORY.,,https://laerdal.com/us/products/simulation-training/
pmsr:/CSM904112859831dadbf,vstoi:ComponentStem,,Pulse Rate Detector Stem,Detector for pulse presence and pulse-rate signal.,en,1,,Proposed detector expansion for Laerdal Nursing Anne Mannequin; domain=CARDIOVASCULAR_HEMODYNAMIC.,,https://laerdal.com/us/products/simulation-training/
pmsr:/CSM979fca9100d52ccf0,vstoi:ComponentStem,,Interaction Event Detector Stem,General detector for user-device interaction events.,en,1,,Proposed detector expansion for Laerdal Nursing Care Simulator; domain=GENERAL_SIMULATION_OTHER.,,https://laerdal.com/us/products/simulation-training/
pmsr:/CSM9467137db2d4e6a7b,vstoi:ComponentStem,,Airway Pressure Detector Stem,Sensor for airway pressure changes during ventilation and intubation tasks.,en,1,,Proposed detector expansion for Laerdal Nursing Care Simulator; domain=AIRWAY_RESPIRATORY.,,https://laerdal.com/us/products/simulation-training/
pmsr:/CSM96037fc0e94786d9f,vstoi:ComponentStem,,Pulse Rate Detector Stem,Detector for pulse presence and pulse-rate signal.,en,1,,Proposed detector expansion for Laerdal Nursing Care Simulator; domain=CARDIOVASCULAR_HEMODYNAMIC.,,https://laerdal.com/us/products/simulation-training/
pmsr:/CSM919c6d0686cf43830,vstoi:ComponentStem,,Interaction Event Detector Stem,General detector for user-device interaction events.,en,1,,Proposed detector expansion for Low-Fidelity Mannequin; domain=GENERAL_SIMULATION_OTHER.,,https://laerdal.com/us/products/simulation-training/
pmsr:/CSM9f1822f6c63187bc9,vstoi:ComponentStem,,Airway Pressure Detector Stem,Sensor for airway pressure changes during ventilation and intubation tasks.,en,1,,Proposed detector expansion for Low-Fidelity Mannequin; domain=AIRWAY_RESPIRATORY.,,https://laerdal.com/us/products/simulation-training/
pmsr:/CSM946d3fefdfb3a28d7,vstoi:ComponentStem,,Pulse Rate Detector Stem,Detector for pulse presence and pulse-rate signal.,en,1,,Proposed detector expansion for Low-Fidelity Mannequin; domain=CARDIOVASCULAR_HEMODYNAMIC.,,https://laerdal.com/us/products/simulation-training/
pmsr:/CSM954f6bbe1b96ada9c,vstoi:ComponentStem,,Applied Force Detector Stem,Detector for procedure force application magnitude.,en,1,,Proposed detector expansion for Low-Fidelity Mannequin; domain=PROCEDURAL_FORCE_PRESSURE.,,https://laerdal.com/us/products/simulation-training/
pmsr:/CSM95b063cfadd54d82c,vstoi:ComponentStem,,Venous Flashback Detector Stem,Detector for venous access flashback event.,en,1,,Proposed detector expansion for Low-Fidelity Mannequin; domain=IV_VASCULAR_ACCESS.,,https://laerdal.com/us/products/simulation-training/
pmsr:/CSM961a9cc377e9a221b,vstoi:ComponentStem,,Procedure Completion Detector Stem,Detector for successful procedure completion state.,en,1,,Proposed detector expansion for Low-Fidelity Mannequin; domain=GENERAL_SIMULATION_OTHER.,,https://laerdal.com/us/products/simulation-training/
pmsr:/CSM9f53f56aa58547bcb,vstoi:ComponentStem,,Ventilation Flow Detector Stem,Sensor for inspiratory/expiratory flow signal.,en,1,,Proposed detector expansion for Low-Fidelity Mannequin; domain=AIRWAY_RESPIRATORY.,,https://laerdal.com/us/products/simulation-training/
pmsr:/CSM94e9b8e23350873df,vstoi:ComponentStem,,Interaction Event Detector Stem,General detector for user-device interaction events.,en,1,,Proposed detector expansion for Male Examination Mannequin; domain=GENERAL_SIMULATION_OTHER.,,https://laerdal.com/us/products/simulation-training/
pmsr:/CSM9ad4c41fd70771332,vstoi:ComponentStem,,Airway Pressure Detector Stem,Sensor for airway pressure changes during ventilation and intubation tasks.,en,1,,Proposed detector expansion for Male Examination Mannequin; domain=AIRWAY_RESPIRATORY.,,https://laerdal.com/us/products/simulation-training/
pmsr:/CSM9fb71c35948a8dff3,vstoi:ComponentStem,,Pulse Rate Detector Stem,Detector for pulse presence and pulse-rate signal.,en,1,,Proposed detector expansion for Male Examination Mannequin; domain=CARDIOVASCULAR_HEMODYNAMIC.,,https://laerdal.com/us/products/simulation-training/
pmsr:/CSM9043b2882248148d3,vstoi:ComponentStem,,Applied Force Detector Stem,Detector for procedure force application magnitude.,en,1,,Proposed detector expansion for Male Examination Mannequin; domain=PROCEDURAL_FORCE_PRESSURE.,,https://laerdal.com/us/products/simulation-training/
pmsr:/CSM9bacd0483b6810de8,vstoi:ComponentStem,,Venous Flashback Detector Stem,Detector for venous access flashback event.,en,1,,Proposed detector expansion for Male Examination Mannequin; domain=IV_VASCULAR_ACCESS.,,https://laerdal.com/us/products/simulation-training/
pmsr:/CSM9f8e092fb2e272512,vstoi:ComponentStem,,Procedure Completion Detector Stem,Detector for successful procedure completion state.,en,1,,Proposed detector expansion for Male Examination Mannequin; domain=GENERAL_SIMULATION_OTHER.,,https://laerdal.com/us/products/simulation-training/
pmsr:/CSM99dbc825c3be4f80a,vstoi:ComponentStem,,Ventilation Flow Detector Stem,Sensor for inspiratory/expiratory flow signal.,en,1,,Proposed detector expansion for Male Examination Mannequin; domain=AIRWAY_RESPIRATORY.,,https://laerdal.com/us/products/simulation-training/
pmsr:/CSM9274604affb920a0a,vstoi:ComponentStem,,Interaction Event Detector Stem,General detector for user-device interaction events.,en,1,,Proposed detector expansion for Male Genitalia Catherization Simulator; domain=GENERAL_SIMULATION_OTHER.,,https://www.nascohealthcare.com/
pmsr:/CSM9ede9d7af1b8c2acd,vstoi:ComponentStem,,Airway Pressure Detector Stem,Sensor for airway pressure changes during ventilation and intubation tasks.,en,1,,Proposed detector expansion for Male Genitalia Catherization Simulator; domain=AIRWAY_RESPIRATORY.,,https://www.nascohealthcare.com/
pmsr:/CSM904dee88db7e6474b,vstoi:ComponentStem,,Pulse Rate Detector Stem,Detector for pulse presence and pulse-rate signal.,en,1,,Proposed detector expansion for Male Genitalia Catherization Simulator; domain=CARDIOVASCULAR_HEMODYNAMIC.,,https://www.nascohealthcare.com/
pmsr:/CSM9889e1563b8722239,vstoi:ComponentStem,,Applied Force Detector Stem,Detector for procedure force application magnitude.,en,1,,Proposed detector expansion for Male Genitalia Catherization Simulator; domain=PROCEDURAL_FORCE_PRESSURE.,,https://www.nascohealthcare.com/
pmsr:/CSM9879990c7fa03fb47,vstoi:ComponentStem,,Venous Flashback Detector Stem,Detector for venous access flashback event.,en,1,,Proposed detector expansion for Male Genitalia Catherization Simulator; domain=IV_VASCULAR_ACCESS.,,https://www.nascohealthcare.com/
pmsr:/CSM9b0245a983027f16e,vstoi:ComponentStem,,Procedure Completion Detector Stem,Detector for successful procedure completion state.,en,1,,Proposed detector expansion for Male Genitalia Catherization Simulator; domain=GENERAL_SIMULATION_OTHER.,,https://www.nascohealthcare.com/
pmsr:/CSM9541c228991545c66,vstoi:ComponentStem,,Ventilation Flow Detector Stem,Sensor for inspiratory/expiratory flow signal.,en,1,,Proposed detector expansion for Male Genitalia Catherization Simulator; domain=AIRWAY_RESPIRATORY.,,https://www.nascohealthcare.com/
pmsr:/CSM9da1b5b63805d895a,vstoi:ComponentStem,,Scenario State Detector Stem,Detector for scenario-state transitions and milestones.,en,1,,Proposed detector expansion for Male Inguinal Hernia Anatomy Model; domain=SOFTWARE_WORKFLOW_STATE.,,https://www.who.int/mega-menu/health-topics/resources/fact-sheets
pmsr:/CSM9b79534d1c233d6fe,vstoi:ComponentStem,,Airway Pressure Detector Stem,Sensor for airway pressure changes during ventilation and intubation tasks.,en,1,,Proposed detector expansion for Male Inguinal Hernia Anatomy Model; domain=AIRWAY_RESPIRATORY.,,https://www.who.int/mega-menu/health-topics/resources/fact-sheets
pmsr:/CSM906c9c8ff4e641686,vstoi:ComponentStem,,Pulse Rate Detector Stem,Detector for pulse presence and pulse-rate signal.,en,1,,Proposed detector expansion for Male Inguinal Hernia Anatomy Model; domain=CARDIOVASCULAR_HEMODYNAMIC.,,https://www.who.int/mega-menu/health-topics/resources/fact-sheets
pmsr:/CSM9ebf40fea71caa8ae,vstoi:ComponentStem,,Applied Force Detector Stem,Detector for procedure force application magnitude.,en,1,,Proposed detector expansion for Male Inguinal Hernia Anatomy Model; domain=PROCEDURAL_FORCE_PRESSURE.,,https://www.who.int/mega-menu/health-topics/resources/fact-sheets
pmsr:/CSM94c77baabed1b5e02,vstoi:ComponentStem,,Venous Flashback Detector Stem,Detector for venous access flashback event.,en,1,,Proposed detector expansion for Male Inguinal Hernia Anatomy Model; domain=IV_VASCULAR_ACCESS.,,https://www.who.int/mega-menu/health-topics/resources/fact-sheets
pmsr:/CSM937fe427779e73ec5,vstoi:ComponentStem,,Action Sequence Detector Stem,Detector for ordered step completion events.,en,1,,Proposed detector expansion for Male Inguinal Hernia Anatomy Model; domain=SOFTWARE_WORKFLOW_STATE.,,https://www.who.int/mega-menu/health-topics/resources/fact-sheets
pmsr:/CSM91a9809ad692f7b22,vstoi:ComponentStem,,Ventilation Flow Detector Stem,Sensor for inspiratory/expiratory flow signal.,en,1,,Proposed detector expansion for Male Inguinal Hernia Anatomy Model; domain=AIRWAY_RESPIRATORY.,,https://www.who.int/mega-menu/health-topics/resources/fact-sheets
pmsr:/CSM90cfd572cf2f09177,vstoi:ComponentStem,,Interaction Event Detector Stem,General detector for user-device interaction events.,en,1,,Proposed detector expansion for Medical Device; domain=GENERAL_SIMULATION_OTHER.,,https://www.fda.gov/about-fda/cdrh-transparency/total-product-life-cycle-medical-devices
pmsr:/CSM9e6521aff7cb648cf,vstoi:ComponentStem,,Interaction Event Detector Stem,General detector for user-device interaction events.,en,1,,Proposed detector expansion for Medical Examination Simulators; domain=GENERAL_SIMULATION_OTHER.,,https://www.ssih.org/about-simulation
pmsr:/CSM9f77d66191307f0c2,vstoi:ComponentStem,,Airway Pressure Detector Stem,Sensor for airway pressure changes during ventilation and intubation tasks.,en,1,,Proposed detector expansion for Medical Examination Simulators; domain=AIRWAY_RESPIRATORY.,,https://www.ssih.org/about-simulation
pmsr:/CSM9dfe27453d946c411,vstoi:ComponentStem,,Pulse Rate Detector Stem,Detector for pulse presence and pulse-rate signal.,en,1,,Proposed detector expansion for Medical Examination Simulators; domain=CARDIOVASCULAR_HEMODYNAMIC.,,https://www.ssih.org/about-simulation
pmsr:/CSM9d2655979f9d2a7d0,vstoi:ComponentStem,,Interaction Event Detector Stem,General detector for user-device interaction events.,en,1,,Proposed detector expansion for Medical Procedure Simulator; domain=GENERAL_SIMULATION_OTHER.,,https://www.fda.gov/about-fda/cdrh-transparency/total-product-life-cycle-medical-devices
pmsr:/CSM9fc7c83aa0a1b41be,vstoi:ComponentStem,,Airway Pressure Detector Stem,Sensor for airway pressure changes during ventilation and intubation tasks.,en,1,,Proposed detector expansion for Medical Procedure Simulator; domain=AIRWAY_RESPIRATORY.,,https://www.fda.gov/about-fda/cdrh-transparency/total-product-life-cycle-medical-devices
pmsr:/CSM975932db2a2a7d3a4,vstoi:ComponentStem,,Pulse Rate Detector Stem,Detector for pulse presence and pulse-rate signal.,en,1,,Proposed detector expansion for Medical Procedure Simulator; domain=CARDIOVASCULAR_HEMODYNAMIC.,,https://www.fda.gov/about-fda/cdrh-transparency/total-product-life-cycle-medical-devices
pmsr:/CSM94851c7961084d562,vstoi:ComponentStem,,Probe Contact Detector Stem,Detector for probe-to-surface contact quality.,en,1,,Proposed detector expansion for Monitoring Virtual Simulator; domain=IMAGING_ANATOMY_SPATIAL.,,https://www.chison.com/hotproduct/handheld-ultrasound-for-pregnancy.html
pmsr:/CSM9ede71287eaccff70,vstoi:ComponentStem,,Interaction Event Detector Stem,General detector for user-device interaction events.,en,1,,Proposed detector expansion for Nursing Care Simulator; domain=GENERAL_SIMULATION_OTHER.,,https://www.fda.gov/medsun-medical-product-safety-network
pmsr:/CSM967e6321778d4e8eb,vstoi:ComponentStem,,Airway Pressure Detector Stem,Sensor for airway pressure changes during ventilation and intubation tasks.,en,1,,Proposed detector expansion for Nursing Care Simulator; domain=AIRWAY_RESPIRATORY.,,https://www.fda.gov/medsun-medical-product-safety-network
pmsr:/CSM9adb23be7a608f3d2,vstoi:ComponentStem,,Pulse Rate Detector Stem,Detector for pulse presence and pulse-rate signal.,en,1,,Proposed detector expansion for Nursing Care Simulator; domain=CARDIOVASCULAR_HEMODYNAMIC.,,https://www.fda.gov/medsun-medical-product-safety-network
pmsr:/CSM9e69cda41298fc071,vstoi:ComponentStem,,Interaction Event Detector Stem,General detector for user-device interaction events.,en,1,,Proposed detector expansion for Obstetric Simulator; domain=GENERAL_SIMULATION_OTHER.,,https://www.nascohealthcare.com/
pmsr:/CSM9f57de03672708e4b,vstoi:ComponentStem,,Airway Pressure Detector Stem,Sensor for airway pressure changes during ventilation and intubation tasks.,en,1,,Proposed detector expansion for Obstetric Simulator; domain=AIRWAY_RESPIRATORY.,,https://www.nascohealthcare.com/
pmsr:/CSM9c00b991146a5e222,vstoi:ComponentStem,,Pulse Rate Detector Stem,Detector for pulse presence and pulse-rate signal.,en,1,,Proposed detector expansion for Obstetric Simulator; domain=CARDIOVASCULAR_HEMODYNAMIC.,,https://www.nascohealthcare.com/
pmsr:/CSM9c6e2fdaec2ff4602,vstoi:ComponentStem,,Interaction Event Detector Stem,General detector for user-device interaction events.,en,1,,Proposed detector expansion for Oncology Care Simulator; domain=GENERAL_SIMULATION_OTHER.,,https://www.fda.gov/about-fda/cdrh-transparency/total-product-life-cycle-medical-devices
pmsr:/CSM95ba4f41e49a82cf4,vstoi:ComponentStem,,Airway Pressure Detector Stem,Sensor for airway pressure changes during ventilation and intubation tasks.,en,1,,Proposed detector expansion for Oncology Care Simulator; domain=AIRWAY_RESPIRATORY.,,https://www.fda.gov/about-fda/cdrh-transparency/total-product-life-cycle-medical-devices
pmsr:/CSM9d3cbf04cd5a9dc11,vstoi:ComponentStem,,Pulse Rate Detector Stem,Detector for pulse presence and pulse-rate signal.,en,1,,Proposed detector expansion for Oncology Care Simulator; domain=CARDIOVASCULAR_HEMODYNAMIC.,,https://www.fda.gov/about-fda/cdrh-transparency/total-product-life-cycle-medical-devices
pmsr:/CSM9b9d74283ee55ca86,vstoi:ComponentStem,,Probe Contact Detector Stem,Detector for probe-to-surface contact quality.,en,1,,Proposed detector expansion for Patient Monitor Simulator; domain=IMAGING_ANATOMY_SPATIAL.,,https://www.chison.com/hotproduct/handheld-ultrasound-for-pregnancy.html
pmsr:/CSM983f7e59ddbedbb0d,vstoi:ComponentStem,,Interaction Event Detector Stem,General detector for user-device interaction events.,en,1,,Proposed detector expansion for Penis Foreskin Cleaning Simulator; domain=GENERAL_SIMULATION_OTHER.,,https://www.nascohealthcare.com/
pmsr:/CSM9636ea0cfbd8ead18,vstoi:ComponentStem,,Airway Pressure Detector Stem,Sensor for airway pressure changes during ventilation and intubation tasks.,en,1,,Proposed detector expansion for Penis Foreskin Cleaning Simulator; domain=AIRWAY_RESPIRATORY.,,https://www.nascohealthcare.com/
pmsr:/CSM9cdbf9a7c08763ea3,vstoi:ComponentStem,,Pulse Rate Detector Stem,Detector for pulse presence and pulse-rate signal.,en,1,,Proposed detector expansion for Penis Foreskin Cleaning Simulator; domain=CARDIOVASCULAR_HEMODYNAMIC.,,https://www.nascohealthcare.com/
pmsr:/CSM9a001083c7b640daf,vstoi:ComponentStem,,Interaction Event Detector Stem,General detector for user-device interaction events.,en,1,,Proposed detector expansion for Physical Medical Device; domain=GENERAL_SIMULATION_OTHER.,,https://www.fda.gov/about-fda/cdrh-transparency/total-product-life-cycle-medical-devices
pmsr:/CSM99997bda9462e0dc1,vstoi:ComponentStem,,Interaction Event Detector Stem,General detector for user-device interaction events.,en,1,,Proposed detector expansion for Physical Medical Simulator; domain=GENERAL_SIMULATION_OTHER.,,https://www.fda.gov/about-fda/cdrh-transparency/total-product-life-cycle-medical-devices
pmsr:/CSM9c35f546342020c06,vstoi:ComponentStem,,Airway Pressure Detector Stem,Sensor for airway pressure changes during ventilation and intubation tasks.,en,1,,Proposed detector expansion for Physical Medical Simulator; domain=AIRWAY_RESPIRATORY.,,https://www.fda.gov/about-fda/cdrh-transparency/total-product-life-cycle-medical-devices
pmsr:/CSM92027f1811183301e,vstoi:ComponentStem,,Pulse Rate Detector Stem,Detector for pulse presence and pulse-rate signal.,en,1,,Proposed detector expansion for Physical Medical Simulator; domain=CARDIOVASCULAR_HEMODYNAMIC.,,https://www.fda.gov/about-fda/cdrh-transparency/total-product-life-cycle-medical-devices
pmsr:/CSM96e9ed5518b288a6c,vstoi:ComponentStem,,Interaction Event Detector Stem,General detector for user-device interaction events.,en,1,,Proposed detector expansion for Physiology Simulator; domain=GENERAL_SIMULATION_OTHER.,,https://www.fda.gov/about-fda/cdrh-transparency/total-product-life-cycle-medical-devices
pmsr:/CSM9312f74f59ed728fb,vstoi:ComponentStem,,Airway Pressure Detector Stem,Sensor for airway pressure changes during ventilation and intubation tasks.,en,1,,Proposed detector expansion for Physiology Simulator; domain=AIRWAY_RESPIRATORY.,,https://www.fda.gov/about-fda/cdrh-transparency/total-product-life-cycle-medical-devices
pmsr:/CSM950fbf7be9829860b,vstoi:ComponentStem,,Pulse Rate Detector Stem,Detector for pulse presence and pulse-rate signal.,en,1,,Proposed detector expansion for Physiology Simulator; domain=CARDIOVASCULAR_HEMODYNAMIC.,,https://www.fda.gov/about-fda/cdrh-transparency/total-product-life-cycle-medical-devices
pmsr:/CSM9ab31f49f3bff162f,vstoi:ComponentStem,,Applied Force Detector Stem,Detector for procedure force application magnitude.,en,1,,Proposed detector expansion for Physiology Simulator; domain=PROCEDURAL_FORCE_PRESSURE.,,https://www.fda.gov/about-fda/cdrh-transparency/total-product-life-cycle-medical-devices
pmsr:/CSM929173f7eb6a26971,vstoi:ComponentStem,,Venous Flashback Detector Stem,Detector for venous access flashback event.,en,1,,Proposed detector expansion for Physiology Simulator; domain=IV_VASCULAR_ACCESS.,,https://www.fda.gov/about-fda/cdrh-transparency/total-product-life-cycle-medical-devices
pmsr:/CSM9170bba61f34d9900,vstoi:ComponentStem,,Procedure Completion Detector Stem,Detector for successful procedure completion state.,en,1,,Proposed detector expansion for Physiology Simulator; domain=GENERAL_SIMULATION_OTHER.,,https://www.fda.gov/about-fda/cdrh-transparency/total-product-life-cycle-medical-devices
pmsr:/CSM9c20842741f16ebfd,vstoi:ComponentStem,,Ventilation Flow Detector Stem,Sensor for inspiratory/expiratory flow signal.,en,1,,Proposed detector expansion for Physiology Simulator; domain=AIRWAY_RESPIRATORY.,,https://www.fda.gov/about-fda/cdrh-transparency/total-product-life-cycle-medical-devices
pmsr:/CSM94d95a46e1a39e320,vstoi:ComponentStem,,Tissue Volume Change Detector Stem,Detector for localized tissue-volume variation signal.,en,1,,Proposed detector expansion for Pitting Edema Simulator; domain=EDEMA_TISSUE_VOLUME.,,https://www.who.int/mega-menu/health-topics/resources/fact-sheets
pmsr:/CSM9d9d069b4ffad310d,vstoi:ComponentStem,,Airway Pressure Detector Stem,Sensor for airway pressure changes during ventilation and intubation tasks.,en,1,,Proposed detector expansion for Pitting Edema Simulator; domain=AIRWAY_RESPIRATORY.,,https://www.who.int/mega-menu/health-topics/resources/fact-sheets
pmsr:/CSM9b0375d91cfb00205,vstoi:ComponentStem,,Pulse Rate Detector Stem,Detector for pulse presence and pulse-rate signal.,en,1,,Proposed detector expansion for Pitting Edema Simulator; domain=CARDIOVASCULAR_HEMODYNAMIC.,,https://www.who.int/mega-menu/health-topics/resources/fact-sheets
pmsr:/CSM98c937469c2fa8964,vstoi:ComponentStem,,Applied Force Detector Stem,Detector for procedure force application magnitude.,en,1,,Proposed detector expansion for Pitting Edema Simulator; domain=PROCEDURAL_FORCE_PRESSURE.,,https://www.who.int/mega-menu/health-topics/resources/fact-sheets
pmsr:/CSM9b699231bc65a49c9,vstoi:ComponentStem,,Venous Flashback Detector Stem,Detector for venous access flashback event.,en,1,,Proposed detector expansion for Pitting Edema Simulator; domain=IV_VASCULAR_ACCESS.,,https://www.who.int/mega-menu/health-topics/resources/fact-sheets
pmsr:/CSM9c0860b5eca47d872,vstoi:ComponentStem,,Pitting Response Detector Stem,Detector for tissue rebound response after pressure.,en,1,,Proposed detector expansion for Pitting Edema Simulator; domain=EDEMA_TISSUE_VOLUME.,,https://www.who.int/mega-menu/health-topics/resources/fact-sheets
pmsr:/CSM9d88f50a11e25b17b,vstoi:ComponentStem,,Ventilation Flow Detector Stem,Sensor for inspiratory/expiratory flow signal.,en,1,,Proposed detector expansion for Pitting Edema Simulator; domain=AIRWAY_RESPIRATORY.,,https://www.who.int/mega-menu/health-topics/resources/fact-sheets
pmsr:/CSM92c3074e71a01186b,vstoi:ComponentStem,,Probe Contact Detector Stem,Detector for probe-to-surface contact quality.,en,1,,Proposed detector expansion for Portable Ultrasound; domain=IMAGING_ANATOMY_SPATIAL.,,https://www.chison.com/products/
pmsr:/CSM9e5759f048e6c79fb,vstoi:ComponentStem,,Interaction Event Detector Stem,General detector for user-device interaction events.,en,1,,Proposed detector expansion for Procedure Simulator; domain=GENERAL_SIMULATION_OTHER.,,https://www.fda.gov/about-fda/cdrh-transparency/total-product-life-cycle-medical-devices
pmsr:/CSM99054fe9f50d3bde9,vstoi:ComponentStem,,Airway Pressure Detector Stem,Sensor for airway pressure changes during ventilation and intubation tasks.,en,1,,Proposed detector expansion for Procedure Simulator; domain=AIRWAY_RESPIRATORY.,,https://www.fda.gov/about-fda/cdrh-transparency/total-product-life-cycle-medical-devices
pmsr:/CSM9a57154fdbb87a265,vstoi:ComponentStem,,Pulse Rate Detector Stem,Detector for pulse presence and pulse-rate signal.,en,1,,Proposed detector expansion for Procedure Simulator; domain=CARDIOVASCULAR_HEMODYNAMIC.,,https://www.fda.gov/about-fda/cdrh-transparency/total-product-life-cycle-medical-devices
pmsr:/CSM996631ced811ada90,vstoi:ComponentStem,,Scenario State Detector Stem,Detector for scenario-state transitions and milestones.,en,1,,Proposed detector expansion for Prostate Model; domain=SOFTWARE_WORKFLOW_STATE.,,https://www.nascohealthcare.com/
pmsr:/CSM9fefb1fd9927e8e34,vstoi:ComponentStem,,Airway Pressure Detector Stem,Sensor for airway pressure changes during ventilation and intubation tasks.,en,1,,Proposed detector expansion for Prostate Model; domain=AIRWAY_RESPIRATORY.,,https://www.nascohealthcare.com/
pmsr:/CSM9158ef1d2236448ed,vstoi:ComponentStem,,Pulse Rate Detector Stem,Detector for pulse presence and pulse-rate signal.,en,1,,Proposed detector expansion for Prostate Model; domain=CARDIOVASCULAR_HEMODYNAMIC.,,https://www.nascohealthcare.com/
pmsr:/CSM9861f75432df4d13d,vstoi:ComponentStem,,Applied Force Detector Stem,Detector for procedure force application magnitude.,en,1,,Proposed detector expansion for Prostate Model; domain=PROCEDURAL_FORCE_PRESSURE.,,https://www.nascohealthcare.com/
pmsr:/CSM995429221e2c9e7dc,vstoi:ComponentStem,,Venous Flashback Detector Stem,Detector for venous access flashback event.,en,1,,Proposed detector expansion for Prostate Model; domain=IV_VASCULAR_ACCESS.,,https://www.nascohealthcare.com/
pmsr:/CSM9d9a5612bfd67e90c,vstoi:ComponentStem,,Action Sequence Detector Stem,Detector for ordered step completion events.,en,1,,Proposed detector expansion for Prostate Model; domain=SOFTWARE_WORKFLOW_STATE.,,https://www.nascohealthcare.com/
pmsr:/CSM93ad77243e3602ae3,vstoi:ComponentStem,,Ventilation Flow Detector Stem,Sensor for inspiratory/expiratory flow signal.,en,1,,Proposed detector expansion for Prostate Model; domain=AIRWAY_RESPIRATORY.,,https://www.nascohealthcare.com/
pmsr:/CSM99db0afe6cba59dd7,vstoi:ComponentStem,,Interaction Event Detector Stem,General detector for user-device interaction events.,en,1,,Proposed detector expansion for Rectal Examination Simulator; domain=GENERAL_SIMULATION_OTHER.,,https://www.nascohealthcare.com/news-and-events/local-events-news/
pmsr:/CSM974c53dc821f9bdf5,vstoi:ComponentStem,,Airway Pressure Detector Stem,Sensor for airway pressure changes during ventilation and intubation tasks.,en,1,,Proposed detector expansion for Rectal Examination Simulator; domain=AIRWAY_RESPIRATORY.,,https://www.nascohealthcare.com/news-and-events/local-events-news/
pmsr:/CSM9817dd67c0cc15561,vstoi:ComponentStem,,Pulse Rate Detector Stem,Detector for pulse presence and pulse-rate signal.,en,1,,Proposed detector expansion for Rectal Examination Simulator; domain=CARDIOVASCULAR_HEMODYNAMIC.,,https://www.nascohealthcare.com/news-and-events/local-events-news/
pmsr:/CSM93937e5987505333e,vstoi:ComponentStem,,Applied Force Detector Stem,Detector for procedure force application magnitude.,en,1,,Proposed detector expansion for Rectal Examination Simulator; domain=PROCEDURAL_FORCE_PRESSURE.,,https://www.nascohealthcare.com/news-and-events/local-events-news/
pmsr:/CSM9935ce957d0181e93,vstoi:ComponentStem,,Venous Flashback Detector Stem,Detector for venous access flashback event.,en,1,,Proposed detector expansion for Rectal Examination Simulator; domain=IV_VASCULAR_ACCESS.,,https://www.nascohealthcare.com/news-and-events/local-events-news/
pmsr:/CSM9a4d37f93f255d3fd,vstoi:ComponentStem,,Procedure Completion Detector Stem,Detector for successful procedure completion state.,en,1,,Proposed detector expansion for Rectal Examination Simulator; domain=GENERAL_SIMULATION_OTHER.,,https://www.nascohealthcare.com/news-and-events/local-events-news/
pmsr:/CSM9b299d3003ac38652,vstoi:ComponentStem,,Ventilation Flow Detector Stem,Sensor for inspiratory/expiratory flow signal.,en,1,,Proposed detector expansion for Rectal Examination Simulator; domain=AIRWAY_RESPIRATORY.,,https://www.nascohealthcare.com/news-and-events/local-events-news/
pmsr:/CSM91afbc7db76020049,vstoi:ComponentStem,,Interaction Event Detector Stem,General detector for user-device interaction events.,en,1,,Proposed detector expansion for Rectal Medicine Administration Simulator; domain=GENERAL_SIMULATION_OTHER.,,https://www.nascohealthcare.com/about/our-purpose/
pmsr:/CSM98b1ee7182ad3bbd3,vstoi:ComponentStem,,Airway Pressure Detector Stem,Sensor for airway pressure changes during ventilation and intubation tasks.,en,1,,Proposed detector expansion for Rectal Medicine Administration Simulator; domain=AIRWAY_RESPIRATORY.,,https://www.nascohealthcare.com/about/our-purpose/
pmsr:/CSM965ba6f22e3fa0c32,vstoi:ComponentStem,,Pulse Rate Detector Stem,Detector for pulse presence and pulse-rate signal.,en,1,,Proposed detector expansion for Rectal Medicine Administration Simulator; domain=CARDIOVASCULAR_HEMODYNAMIC.,,https://www.nascohealthcare.com/about/our-purpose/
pmsr:/CSM9897b8e60a24d3a05,vstoi:ComponentStem,,Applied Force Detector Stem,Detector for procedure force application magnitude.,en,1,,Proposed detector expansion for Rectal Medicine Administration Simulator; domain=PROCEDURAL_FORCE_PRESSURE.,,https://www.nascohealthcare.com/about/our-purpose/
pmsr:/CSM979d8ebc448ebc615,vstoi:ComponentStem,,Venous Flashback Detector Stem,Detector for venous access flashback event.,en,1,,Proposed detector expansion for Rectal Medicine Administration Simulator; domain=IV_VASCULAR_ACCESS.,,https://www.nascohealthcare.com/about/our-purpose/
pmsr:/CSM96ebf1c7d618eebc9,vstoi:ComponentStem,,Procedure Completion Detector Stem,Detector for successful procedure completion state.,en,1,,Proposed detector expansion for Rectal Medicine Administration Simulator; domain=GENERAL_SIMULATION_OTHER.,,https://www.nascohealthcare.com/about/our-purpose/
pmsr:/CSM9dc25030be7413835,vstoi:ComponentStem,,Ventilation Flow Detector Stem,Sensor for inspiratory/expiratory flow signal.,en,1,,Proposed detector expansion for Rectal Medicine Administration Simulator; domain=AIRWAY_RESPIRATORY.,,https://www.nascohealthcare.com/about/our-purpose/
pmsr:/CSM90c123e4114a66687,vstoi:ComponentStem,,Pulse Rate Detector Stem,Detector for pulse presence and pulse-rate signal.,en,1,,Proposed detector expansion for ResusciAnne DAE Simulator; domain=CARDIOVASCULAR_HEMODYNAMIC.,,https://laerdal.com/us/products/simulation-training/
pmsr:/CSM98df3249f85c5e8ca,vstoi:ComponentStem,,Airway Pressure Detector Stem,Sensor for airway pressure changes during ventilation and intubation tasks.,en,1,,Proposed detector expansion for ResusciAnne DAE Simulator; domain=AIRWAY_RESPIRATORY.,,https://laerdal.com/us/products/simulation-training/
pmsr:/CSM9eef47d93782e8659,vstoi:ComponentStem,,Applied Force Detector Stem,Detector for procedure force application magnitude.,en,1,,Proposed detector expansion for ResusciAnne DAE Simulator; domain=PROCEDURAL_FORCE_PRESSURE.,,https://laerdal.com/us/products/simulation-training/
pmsr:/CSM92a907116b65a6421,vstoi:ComponentStem,,Venous Flashback Detector Stem,Detector for venous access flashback event.,en,1,,Proposed detector expansion for ResusciAnne DAE Simulator; domain=IV_VASCULAR_ACCESS.,,https://laerdal.com/us/products/simulation-training/
pmsr:/CSM981edf5392a6f27fd,vstoi:ComponentStem,,ECG Rhythm Detector Stem,Detector for basic ECG rhythm pattern state.,en,1,,Proposed detector expansion for ResusciAnne DAE Simulator; domain=CARDIOVASCULAR_HEMODYNAMIC.,,https://laerdal.com/us/products/simulation-training/
pmsr:/CSM9ca21cc356a61f785,vstoi:ComponentStem,,Ventilation Flow Detector Stem,Sensor for inspiratory/expiratory flow signal.,en,1,,Proposed detector expansion for ResusciAnne DAE Simulator; domain=AIRWAY_RESPIRATORY.,,https://laerdal.com/us/products/simulation-training/
pmsr:/CSM90642fc1e1aee4994,vstoi:ComponentStem,,Compression Depth Detector Stem,Detector for depth consistency in compressive procedures.,en,1,,Proposed detector expansion for ResusciAnne DAE Simulator; domain=PROCEDURAL_FORCE_PRESSURE.,,https://laerdal.com/us/products/simulation-training/
pmsr:/CSM970e177f672efb738,vstoi:ComponentStem,,Tissue Volume Change Detector Stem,Detector for localized tissue-volume variation signal.,en,1,,Proposed detector expansion for SimSleeves Lymphedema Simulator; domain=EDEMA_TISSUE_VOLUME.,,https://www.fda.gov/about-fda/cdrh-transparency/total-product-life-cycle-medical-devices
pmsr:/CSM9f551c77639710ca2,vstoi:ComponentStem,,Airway Pressure Detector Stem,Sensor for airway pressure changes during ventilation and intubation tasks.,en,1,,Proposed detector expansion for SimSleeves Lymphedema Simulator; domain=AIRWAY_RESPIRATORY.,,https://www.fda.gov/about-fda/cdrh-transparency/total-product-life-cycle-medical-devices
pmsr:/CSM98d97a1033f13e939,vstoi:ComponentStem,,Pulse Rate Detector Stem,Detector for pulse presence and pulse-rate signal.,en,1,,Proposed detector expansion for SimSleeves Lymphedema Simulator; domain=CARDIOVASCULAR_HEMODYNAMIC.,,https://www.fda.gov/about-fda/cdrh-transparency/total-product-life-cycle-medical-devices
pmsr:/CSM9d44ac266b93ce6ac,vstoi:ComponentStem,,Applied Force Detector Stem,Detector for procedure force application magnitude.,en,1,,Proposed detector expansion for SimSleeves Lymphedema Simulator; domain=PROCEDURAL_FORCE_PRESSURE.,,https://www.fda.gov/about-fda/cdrh-transparency/total-product-life-cycle-medical-devices
pmsr:/CSM940c7418cb5f9240a,vstoi:ComponentStem,,Venous Flashback Detector Stem,Detector for venous access flashback event.,en,1,,Proposed detector expansion for SimSleeves Lymphedema Simulator; domain=IV_VASCULAR_ACCESS.,,https://www.fda.gov/about-fda/cdrh-transparency/total-product-life-cycle-medical-devices
pmsr:/CSM9bcbdcf8e0bc0db2b,vstoi:ComponentStem,,Pitting Response Detector Stem,Detector for tissue rebound response after pressure.,en,1,,Proposed detector expansion for SimSleeves Lymphedema Simulator; domain=EDEMA_TISSUE_VOLUME.,,https://www.fda.gov/about-fda/cdrh-transparency/total-product-life-cycle-medical-devices
pmsr:/CSM96b320f97e27f4764,vstoi:ComponentStem,,Ventilation Flow Detector Stem,Sensor for inspiratory/expiratory flow signal.,en,1,,Proposed detector expansion for SimSleeves Lymphedema Simulator; domain=AIRWAY_RESPIRATORY.,,https://www.fda.gov/about-fda/cdrh-transparency/total-product-life-cycle-medical-devices
pmsr:/CSM91ef4ad67a7627dcd,vstoi:ComponentStem,,Interaction Event Detector Stem,General detector for user-device interaction events.,en,1,,Proposed detector expansion for Skin Care Procedure Simulator; domain=GENERAL_SIMULATION_OTHER.,,https://www.fda.gov/about-fda/cdrh-transparency/total-product-life-cycle-medical-devices
pmsr:/CSM927cb7a467a83506d,vstoi:ComponentStem,,Airway Pressure Detector Stem,Sensor for airway pressure changes during ventilation and intubation tasks.,en,1,,Proposed detector expansion for Skin Care Procedure Simulator; domain=AIRWAY_RESPIRATORY.,,https://www.fda.gov/about-fda/cdrh-transparency/total-product-life-cycle-medical-devices
pmsr:/CSM9f65ab25189368d12,vstoi:ComponentStem,,Pulse Rate Detector Stem,Detector for pulse presence and pulse-rate signal.,en,1,,Proposed detector expansion for Skin Care Procedure Simulator; domain=CARDIOVASCULAR_HEMODYNAMIC.,,https://www.fda.gov/about-fda/cdrh-transparency/total-product-life-cycle-medical-devices
pmsr:/CSM9fbb441c6b88f2464,vstoi:ComponentStem,,Airway Pressure Detector Stem,Sensor for airway pressure changes during ventilation and intubation tasks.,en,1,,Proposed detector expansion for Stomach Bag Maintenance Simulator; domain=AIRWAY_RESPIRATORY.,,https://www.nascohealthcare.com/online-orders-terms-and-conditions-of-sale/
pmsr:/CSM9cb41942b4825052c,vstoi:ComponentStem,,Pulse Rate Detector Stem,Detector for pulse presence and pulse-rate signal.,en,1,,Proposed detector expansion for Stomach Bag Maintenance Simulator; domain=CARDIOVASCULAR_HEMODYNAMIC.,,https://www.nascohealthcare.com/online-orders-terms-and-conditions-of-sale/
pmsr:/CSM9bd1d9973366ea913,vstoi:ComponentStem,,Applied Force Detector Stem,Detector for procedure force application magnitude.,en,1,,Proposed detector expansion for Stomach Bag Maintenance Simulator; domain=PROCEDURAL_FORCE_PRESSURE.,,https://www.nascohealthcare.com/online-orders-terms-and-conditions-of-sale/
pmsr:/CSM9eef767fa1ace4b30,vstoi:ComponentStem,,Interaction Event Detector Stem,General detector for user-device interaction events.,en,1,,Proposed detector expansion for Suture Simulator; domain=GENERAL_SIMULATION_OTHER.,,https://www.nascohealthcare.com/
pmsr:/CSM9805cfefdfc305f4c,vstoi:ComponentStem,,Airway Pressure Detector Stem,Sensor for airway pressure changes during ventilation and intubation tasks.,en,1,,Proposed detector expansion for Suture Simulator; domain=AIRWAY_RESPIRATORY.,,https://www.nascohealthcare.com/
pmsr:/CSM94b561a1318f2ade7,vstoi:ComponentStem,,Pulse Rate Detector Stem,Detector for pulse presence and pulse-rate signal.,en,1,,Proposed detector expansion for Suture Simulator; domain=CARDIOVASCULAR_HEMODYNAMIC.,,https://www.nascohealthcare.com/
pmsr:/CSM909e25e328b7471c1,vstoi:ComponentStem,,Probe Contact Detector Stem,Detector for probe-to-surface contact quality.,en,1,,Proposed detector expansion for Ultrasound; domain=IMAGING_ANATOMY_SPATIAL.,,https://www.chison.com/products/
pmsr:/CSM937926949086cb038,vstoi:ComponentStem,,Interaction Event Detector Stem,General detector for user-device interaction events.,en,1,,Proposed detector expansion for Urine Bag Maintenance Simulator; domain=GENERAL_SIMULATION_OTHER.,,https://www.nascohealthcare.com/online-orders-terms-and-conditions-of-sale/
pmsr:/CSM995323565f87c525c,vstoi:ComponentStem,,Airway Pressure Detector Stem,Sensor for airway pressure changes during ventilation and intubation tasks.,en,1,,Proposed detector expansion for Urine Bag Maintenance Simulator; domain=AIRWAY_RESPIRATORY.,,https://www.nascohealthcare.com/online-orders-terms-and-conditions-of-sale/
pmsr:/CSM9d429633dc9589f8c,vstoi:ComponentStem,,Pulse Rate Detector Stem,Detector for pulse presence and pulse-rate signal.,en,1,,Proposed detector expansion for Urine Bag Maintenance Simulator; domain=CARDIOVASCULAR_HEMODYNAMIC.,,https://www.nascohealthcare.com/online-orders-terms-and-conditions-of-sale/
pmsr:/CSM972f3a976185f5c65,vstoi:ComponentStem,,Interaction Event Detector Stem,General detector for user-device interaction events.,en,1,,Proposed detector expansion for Vaginal Medicine Administration Simulator; domain=GENERAL_SIMULATION_OTHER.,,https://www.fda.gov/medsun-medical-product-safety-network
pmsr:/CSM92f05ea5ce25ca832,vstoi:ComponentStem,,Airway Pressure Detector Stem,Sensor for airway pressure changes during ventilation and intubation tasks.,en,1,,Proposed detector expansion for Vaginal Medicine Administration Simulator; domain=AIRWAY_RESPIRATORY.,,https://www.fda.gov/medsun-medical-product-safety-network
pmsr:/CSM9e9cb4423cdba39d8,vstoi:ComponentStem,,Pulse Rate Detector Stem,Detector for pulse presence and pulse-rate signal.,en,1,,Proposed detector expansion for Vaginal Medicine Administration Simulator; domain=CARDIOVASCULAR_HEMODYNAMIC.,,https://www.fda.gov/medsun-medical-product-safety-network
pmsr:/CSM93df49a845b11800f,vstoi:ComponentStem,,Interaction Event Detector Stem,General detector for user-device interaction events.,en,1,,Proposed detector expansion for Vascular Access Simulator; domain=GENERAL_SIMULATION_OTHER.,,https://www.nascohealthcare.com/about/our-purpose/
pmsr:/CSM96c74846f2a7b0826,vstoi:ComponentStem,,Airway Pressure Detector Stem,Sensor for airway pressure changes during ventilation and intubation tasks.,en,1,,Proposed detector expansion for Vascular Access Simulator; domain=AIRWAY_RESPIRATORY.,,https://www.nascohealthcare.com/about/our-purpose/
pmsr:/CSM9cec0ffc160acf3e2,vstoi:ComponentStem,,Pulse Rate Detector Stem,Detector for pulse presence and pulse-rate signal.,en,1,,Proposed detector expansion for Vascular Access Simulator; domain=CARDIOVASCULAR_HEMODYNAMIC.,,https://www.nascohealthcare.com/about/our-purpose/
pmsr:/CSM9c78002565c4fabf7,vstoi:ComponentStem,,Probe Contact Detector Stem,Detector for probe-to-surface contact quality.,en,1,,Proposed detector expansion for Vascular Access Ultrasound Simulator; domain=IMAGING_ANATOMY_SPATIAL.,,https://www.chison.com/contacts/service-support/
pmsr:/CSM9d43299d54e549085,vstoi:ComponentStem,,Venous Flashback Detector Stem,Detector for venous access flashback event.,en,1,,Proposed detector expansion for Ventilator Care Simulator; domain=IV_VASCULAR_ACCESS.,,https://www.fda.gov/about-fda/cdrh-transparency/total-product-life-cycle-medical-devices
pmsr:/CSM941d8f17c12987daf,vstoi:ComponentStem,,Airway Pressure Detector Stem,Sensor for airway pressure changes during ventilation and intubation tasks.,en,1,,Proposed detector expansion for Ventilator Care Simulator; domain=AIRWAY_RESPIRATORY.,,https://www.fda.gov/about-fda/cdrh-transparency/total-product-life-cycle-medical-devices
pmsr:/CSM9a91c686601b69439,vstoi:ComponentStem,,Pulse Rate Detector Stem,Detector for pulse presence and pulse-rate signal.,en,1,,Proposed detector expansion for Ventilator Care Simulator; domain=CARDIOVASCULAR_HEMODYNAMIC.,,https://www.fda.gov/about-fda/cdrh-transparency/total-product-life-cycle-medical-devices
