instrument_uri,instrument_label,fidelity,doc_family,threshold_category,threshold_detector_min,threshold_detector_max,detectors_modeled,actuators_modeled,other_components_modeled,total_components_modeled,threshold_status,detector_gap_to_min,current_detector_domains,all_component_domains,proposed_domains_of_concern,components_by_domain
pmsr:/INS1739398437257165,Airway Simulator,(blank),Procedure Trainers and Skills Simulators,MEDIUM_MANNEQUIN_PROCEDURE,4,8,1,1,0,2,BELOW_MIN,3,AIRWAY_RESPIRATORY,AIRWAY_RESPIRATORY,AIRWAY_RESPIRATORY | CARDIOVASCULAR_HEMODYNAMIC | PROCEDURAL_FORCE_PRESSURE | IV_VASCULAR_ACCESS,"AIRWAY_RESPIRATORY:Airway Simulator Actuator,Airway Simulator Detector"
pmsr:/INS1739819782231595,Anatomage Clinical Table,high,Anatomy Table and 3D Simulation,IMAGING_TABLE,2,6,1,1,0,2,BELOW_MIN,1,IMAGING_ANATOMY_SPATIAL,IMAGING_ANATOMY_SPATIAL,IMAGING_ANATOMY_SPATIAL | PROCEDURAL_FORCE_PRESSURE,"IMAGING_ANATOMY_SPATIAL:Anatomage Clinical Table Actuator,Anatomage Clinical Table Detector"
pmsr:/INS1739819116467195,Anatomage Large Table,high,Anatomy Table and 3D Simulation,IMAGING_TABLE,2,6,1,1,0,2,BELOW_MIN,1,IMAGING_ANATOMY_SPATIAL,IMAGING_ANATOMY_SPATIAL,IMAGING_ANATOMY_SPATIAL | PROCEDURAL_FORCE_PRESSURE,"IMAGING_ANATOMY_SPATIAL:Anatomage Large Table Actuator,Anatomage Large Table Detector"
pmsr:/INS1739819955334025,Anatomage Science Table,medium,Anatomy Table and 3D Simulation,IMAGING_TABLE,2,6,1,1,0,2,BELOW_MIN,1,IMAGING_ANATOMY_SPATIAL,IMAGING_ANATOMY_SPATIAL,IMAGING_ANATOMY_SPATIAL | PROCEDURAL_FORCE_PRESSURE,"IMAGING_ANATOMY_SPATIAL:Anatomage Science Table Actuator,Anatomage Science Table Detector"
pmsr:/INS1739819599670195,Anatomage Small Tablet,high,Anatomy Table and 3D Simulation,IMAGING_TABLE,2,6,1,1,0,2,BELOW_MIN,1,IMAGING_ANATOMY_SPATIAL,IMAGING_ANATOMY_SPATIAL,IMAGING_ANATOMY_SPATIAL | PROCEDURAL_FORCE_PRESSURE,"IMAGING_ANATOMY_SPATIAL:Anatomage Small Tablet Actuator,Anatomage Small Tablet Detector"
pmsr:/INS1739452063713965,Anatomage Table Simulator,medium,Anatomy Table and 3D Simulation,IMAGING_TABLE,2,6,1,1,0,2,BELOW_MIN,1,IMAGING_ANATOMY_SPATIAL,IMAGING_ANATOMY_SPATIAL,IMAGING_ANATOMY_SPATIAL | PROCEDURAL_FORCE_PRESSURE,"IMAGING_ANATOMY_SPATIAL:Anatomage Table Simulator Actuator,Anatomage Table Simulator Detector"
pmsr:/INS1739819868350395,Anatomage Vet Table,medium,Anatomy Table and 3D Simulation,IMAGING_TABLE,2,6,1,1,0,2,BELOW_MIN,1,IMAGING_ANATOMY_SPATIAL,IMAGING_ANATOMY_SPATIAL,IMAGING_ANATOMY_SPATIAL | PROCEDURAL_FORCE_PRESSURE,"IMAGING_ANATOMY_SPATIAL:Anatomage Vet Table Actuator,Anatomage Vet Table Detector"
pmsr:/INS1739301009974715,ARTEC LEO Scanner,medium,Dental and Oral Scanning Systems,IMAGING_TABLE,2,6,1,1,0,2,BELOW_MIN,1,IMAGING_ANATOMY_SPATIAL,IMAGING_ANATOMY_SPATIAL,IMAGING_ANATOMY_SPATIAL | PROCEDURAL_FORCE_PRESSURE,"IMAGING_ANATOMY_SPATIAL:ARTEC LEO Scanner Actuator,ARTEC LEO Scanner Detector"
pmsr:/INS1739301317613705,Automated External Defibrilator,medium,Resuscitation and Mannequin Platforms,MEDIUM_MANNEQUIN_PROCEDURE,4,8,1,1,0,2,BELOW_MIN,3,CARDIOVASCULAR_HEMODYNAMIC,CARDIOVASCULAR_HEMODYNAMIC,CARDIOVASCULAR_HEMODYNAMIC | AIRWAY_RESPIRATORY | PROCEDURAL_FORCE_PRESSURE | IV_VASCULAR_ACCESS,"CARDIOVASCULAR_HEMODYNAMIC:Automated External Defibrilator Actuator,Automated External Defibrilator Detector"
pmsr:/INS1739402230863265,Blood Pressure Measurement Simulator,medium,General Medical Device Governance,MEDIUM_MANNEQUIN_PROCEDURE,4,8,1,1,0,2,BELOW_MIN,3,PROCEDURAL_FORCE_PRESSURE,PROCEDURAL_FORCE_PRESSURE,PROCEDURAL_FORCE_PRESSURE | AIRWAY_RESPIRATORY | CARDIOVASCULAR_HEMODYNAMIC | IV_VASCULAR_ACCESS,"PROCEDURAL_FORCE_PRESSURE:Blood Pressure Measurement Simulator Actuator,Blood Pressure Measurement Simulator Detector"
pmsr:/INS1739878730369725,Body Interact Simulator,high,Virtual Patient and Digital Simulation,VIRTUAL_PATIENT_SOFTWARE,1,3,1,1,0,2,WITHIN_RANGE,0,GENERAL_SIMULATION_OTHER,GENERAL_SIMULATION_OTHER,GENERAL_SIMULATION_OTHER | SOFTWARE_WORKFLOW_STATE | CARDIOVASCULAR_HEMODYNAMIC,"GENERAL_SIMULATION_OTHER:Body Interact Simulator Actuator,Body Interact Simulator Detector"
pmsr:/INS1739288625580975,Butterfly IQ+,high,Point-of-Care Ultrasound and Imaging,IMAGING_TABLE,2,6,1,1,0,2,BELOW_MIN,1,GENERAL_SIMULATION_OTHER,GENERAL_SIMULATION_OTHER,IMAGING_ANATOMY_SPATIAL | PROCEDURAL_FORCE_PRESSURE,"GENERAL_SIMULATION_OTHER:Butterfly IQ+ Actuator,Butterfly IQ+ Detector"
pmsr:/INS1739288691415495,Butterfly Ultrasound Probes,high,Point-of-Care Ultrasound and Imaging,IMAGING_TABLE,2,6,1,1,0,2,BELOW_MIN,1,IMAGING_ANATOMY_SPATIAL,IMAGING_ANATOMY_SPATIAL,IMAGING_ANATOMY_SPATIAL | PROCEDURAL_FORCE_PRESSURE,"IMAGING_ANATOMY_SPATIAL:Butterfly Ultrasound Probes Actuator,Butterfly Ultrasound Probes Detector"
pmsr:/INS1739301189412025,CAD-CAM System,low,Dental and Oral Scanning Systems,IMAGING_TABLE,2,6,1,1,0,2,BELOW_MIN,1,GENERAL_SIMULATION_OTHER,GENERAL_SIMULATION_OTHER,GENERAL_SIMULATION_OTHER | IMAGING_ANATOMY_SPATIAL | PROCEDURAL_FORCE_PRESSURE,"GENERAL_SIMULATION_OTHER:CAD-CAM System Actuator,CAD-CAM System Detector"
pmsr:/INS1739820624939265,Cancer Patient Simulator,medium,General Medical Device Governance,MEDIUM_MANNEQUIN_PROCEDURE,4,8,1,1,0,2,BELOW_MIN,3,GENERAL_SIMULATION_OTHER,GENERAL_SIMULATION_OTHER,GENERAL_SIMULATION_OTHER | AIRWAY_RESPIRATORY | CARDIOVASCULAR_HEMODYNAMIC | PROCEDURAL_FORCE_PRESSURE | IV_VASCULAR_ACCESS,"GENERAL_SIMULATION_OTHER:Cancer Patient Simulator Actuator,Cancer Patient Simulator Detector"
pmsr:/INS1739879206550705,Cancer Patient Simulator,medium,General Medical Device Governance,MEDIUM_MANNEQUIN_PROCEDURE,4,8,1,1,0,2,BELOW_MIN,3,GENERAL_SIMULATION_OTHER,GENERAL_SIMULATION_OTHER,GENERAL_SIMULATION_OTHER | AIRWAY_RESPIRATORY | CARDIOVASCULAR_HEMODYNAMIC | PROCEDURAL_FORCE_PRESSURE | IV_VASCULAR_ACCESS,"GENERAL_SIMULATION_OTHER:Cancer Patient Simulator Actuator [INS1739879206550705],Cancer Patient Simulator Detector [INS1739879206550705]"
pmsr:/INS1739392182337835,Cardiac Procedure Simulator,(blank),General Medical Device Governance,MEDIUM_MANNEQUIN_PROCEDURE,4,8,1,1,0,2,BELOW_MIN,3,CARDIOVASCULAR_HEMODYNAMIC,CARDIOVASCULAR_HEMODYNAMIC,CARDIOVASCULAR_HEMODYNAMIC | AIRWAY_RESPIRATORY | PROCEDURAL_FORCE_PRESSURE | IV_VASCULAR_ACCESS,"CARDIOVASCULAR_HEMODYNAMIC:Cardiac Procedure Simulator Actuator,Cardiac Procedure Simulator Detector"
pmsr:/INS1739301711235865,Care Simulators,(blank),General Medical Device Governance,MEDIUM_MANNEQUIN_PROCEDURE,4,8,1,1,0,2,BELOW_MIN,3,GENERAL_SIMULATION_OTHER,GENERAL_SIMULATION_OTHER,GENERAL_SIMULATION_OTHER | AIRWAY_RESPIRATORY | CARDIOVASCULAR_HEMODYNAMIC | PROCEDURAL_FORCE_PRESSURE | IV_VASCULAR_ACCESS,"GENERAL_SIMULATION_OTHER:Care Simulators Actuator,Care Simulators Detector"
pmsr:/INS1739288499528465,Chison Cbit-9 Stationary Ultrasound,medium,Point-of-Care Ultrasound and Imaging,IMAGING_TABLE,2,6,1,1,0,2,BELOW_MIN,1,IMAGING_ANATOMY_SPATIAL,IMAGING_ANATOMY_SPATIAL,IMAGING_ANATOMY_SPATIAL | PROCEDURAL_FORCE_PRESSURE,"IMAGING_ANATOMY_SPATIAL:Chison Cbit-9 Stationary Ultrasound Actuator,Chison Cbit-9 Stationary Ultrasound Detector"
pmsr:/INS1739287212610855,Dani Model,high,General Medical Device Governance,HIGH_MANNEQUIN_PROCEDURE,8,15,1,1,0,2,BELOW_MIN,7,SOFTWARE_WORKFLOW_STATE,SOFTWARE_WORKFLOW_STATE,SOFTWARE_WORKFLOW_STATE | AIRWAY_RESPIRATORY | CARDIOVASCULAR_HEMODYNAMIC | PROCEDURAL_FORCE_PRESSURE | IV_VASCULAR_ACCESS,"SOFTWARE_WORKFLOW_STATE:Dani Model Actuator,Dani Model Detector"
pmsr:/INS1739288006994165,Diagnostic Imaging Simulator,(blank),Point-of-Care Ultrasound and Imaging,IMAGING_TABLE,2,6,1,1,0,2,BELOW_MIN,1,IMAGING_ANATOMY_SPATIAL,IMAGING_ANATOMY_SPATIAL,IMAGING_ANATOMY_SPATIAL | PROCEDURAL_FORCE_PRESSURE,"IMAGING_ANATOMY_SPATIAL:Diagnostic Imaging Simulator Actuator,Diagnostic Imaging Simulator Detector"
pmsr:/INS1739287021517805,Diagnostic Simulators,(blank),General Medical Device Governance,MEDIUM_MANNEQUIN_PROCEDURE,4,8,1,1,0,2,BELOW_MIN,3,GENERAL_SIMULATION_OTHER,GENERAL_SIMULATION_OTHER,GENERAL_SIMULATION_OTHER | AIRWAY_RESPIRATORY | CARDIOVASCULAR_HEMODYNAMIC | PROCEDURAL_FORCE_PRESSURE | IV_VASCULAR_ACCESS,"GENERAL_SIMULATION_OTHER:Diagnostic Simulators Actuator,Diagnostic Simulators Detector"
pmsr:/INS1739288153666735,Diagnostic Ultrasound,(blank),Point-of-Care Ultrasound and Imaging,IMAGING_TABLE,2,6,1,1,0,2,BELOW_MIN,1,IMAGING_ANATOMY_SPATIAL,IMAGING_ANATOMY_SPATIAL,IMAGING_ANATOMY_SPATIAL | PROCEDURAL_FORCE_PRESSURE,"IMAGING_ANATOMY_SPATIAL:Diagnostic Ultrasound Actuator,Diagnostic Ultrasound Detector"
pmsr:/INS1739404158691525,Ear Irrigation Simulator,medium,General Medical Device Governance,MEDIUM_MANNEQUIN_PROCEDURE,4,8,1,1,0,2,BELOW_MIN,3,GENERAL_SIMULATION_OTHER,GENERAL_SIMULATION_OTHER,GENERAL_SIMULATION_OTHER | AIRWAY_RESPIRATORY | CARDIOVASCULAR_HEMODYNAMIC | PROCEDURAL_FORCE_PRESSURE | IV_VASCULAR_ACCESS,"GENERAL_SIMULATION_OTHER:Ear Irrigation Simulator Actuator,Ear Irrigation Simulator Detector"
pmsr:/INS1739301133578555,Extraoral Scanner,low,Dental and Oral Scanning Systems,IMAGING_TABLE,2,6,1,1,0,2,BELOW_MIN,1,IMAGING_ANATOMY_SPATIAL,IMAGING_ANATOMY_SPATIAL,IMAGING_ANATOMY_SPATIAL | PROCEDURAL_FORCE_PRESSURE,"IMAGING_ANATOMY_SPATIAL:Extraoral Scanner Actuator,Extraoral Scanner Detector"
pmsr:/INS1739403188428355,Female Genitalia Catherization Simulator,high,Procedure Trainers and Skills Simulators,HIGH_MANNEQUIN_PROCEDURE,8,15,1,1,0,2,BELOW_MIN,7,GENERAL_SIMULATION_OTHER,GENERAL_SIMULATION_OTHER,GENERAL_SIMULATION_OTHER | AIRWAY_RESPIRATORY | CARDIOVASCULAR_HEMODYNAMIC | PROCEDURAL_FORCE_PRESSURE | IV_VASCULAR_ACCESS,"GENERAL_SIMULATION_OTHER:Female Genitalia Catherization Simulator Actuator,Female Genitalia Catherization Simulator Detector"
pmsr:/INS1739303195193785,Geriatic Care Simulator,medium,General Medical Device Governance,MEDIUM_MANNEQUIN_PROCEDURE,4,8,1,1,0,2,BELOW_MIN,3,GENERAL_SIMULATION_OTHER,GENERAL_SIMULATION_OTHER,GENERAL_SIMULATION_OTHER | AIRWAY_RESPIRATORY | CARDIOVASCULAR_HEMODYNAMIC | PROCEDURAL_FORCE_PRESSURE | IV_VASCULAR_ACCESS,"GENERAL_SIMULATION_OTHER:Geriatic Care Simulator Actuator,Geriatic Care Simulator Detector"
pmsr:/INS1739397556188145,Gynaecological Examination Mannequin,high,Resuscitation and Mannequin Platforms,HIGH_MANNEQUIN_PROCEDURE,8,15,1,1,0,2,BELOW_MIN,7,GENERAL_SIMULATION_OTHER,GENERAL_SIMULATION_OTHER,GENERAL_SIMULATION_OTHER | AIRWAY_RESPIRATORY | CARDIOVASCULAR_HEMODYNAMIC | PROCEDURAL_FORCE_PRESSURE | IV_VASCULAR_ACCESS,"GENERAL_SIMULATION_OTHER:Gynaecological Examination Mannequin Actuator,Gynaecological Examination Mannequin Detector"
pmsr:/INS1739287159797795,High-Fidelity Mannequin,high,Resuscitation and Mannequin Platforms,HIGH_MANNEQUIN_PROCEDURE,8,15,1,1,0,2,BELOW_MIN,7,GENERAL_SIMULATION_OTHER,GENERAL_SIMULATION_OTHER,GENERAL_SIMULATION_OTHER | AIRWAY_RESPIRATORY | CARDIOVASCULAR_HEMODYNAMIC | PROCEDURAL_FORCE_PRESSURE | IV_VASCULAR_ACCESS,"GENERAL_SIMULATION_OTHER:High-Fidelity Mannequin Actuator,High-Fidelity Mannequin Detector"
pmsr:/INS1739300958884615,Imaging,(blank),Point-of-Care Ultrasound and Imaging,IMAGING_TABLE,2,6,1,1,0,2,BELOW_MIN,1,IMAGING_ANATOMY_SPATIAL,IMAGING_ANATOMY_SPATIAL,IMAGING_ANATOMY_SPATIAL | PROCEDURAL_FORCE_PRESSURE,"IMAGING_ANATOMY_SPATIAL:Imaging Actuator,Imaging Detector"
pmsr:/INS1739404046114785,Intramuscular Injections Simulator,high,General Medical Device Governance,HIGH_MANNEQUIN_PROCEDURE,8,15,1,1,0,2,BELOW_MIN,7,GENERAL_SIMULATION_OTHER,GENERAL_SIMULATION_OTHER,GENERAL_SIMULATION_OTHER | AIRWAY_RESPIRATORY | CARDIOVASCULAR_HEMODYNAMIC | PROCEDURAL_FORCE_PRESSURE | IV_VASCULAR_ACCESS,"GENERAL_SIMULATION_OTHER:Intramuscular Injections Simulator Actuator,Intramuscular Injections Simulator Detector"
pmsr:/INS1739301081410085,Intraoral Scanner,medium,Dental and Oral Scanning Systems,IMAGING_TABLE,2,6,1,1,0,2,BELOW_MIN,1,IMAGING_ANATOMY_SPATIAL,IMAGING_ANATOMY_SPATIAL,IMAGING_ANATOMY_SPATIAL | PROCEDURAL_FORCE_PRESSURE,"IMAGING_ANATOMY_SPATIAL:Intraoral Scanner Actuator,Intraoral Scanner Detector"
pmsr:/INS1739402037946315,IV Fluid Administration,medium,Procedure Trainers and Skills Simulators,MEDIUM_MANNEQUIN_PROCEDURE,4,8,1,1,0,2,BELOW_MIN,3,GENERAL_SIMULATION_OTHER,GENERAL_SIMULATION_OTHER,GENERAL_SIMULATION_OTHER | AIRWAY_RESPIRATORY | CARDIOVASCULAR_HEMODYNAMIC | PROCEDURAL_FORCE_PRESSURE | IV_VASCULAR_ACCESS,"GENERAL_SIMULATION_OTHER:IV Fluid Administration Actuator,IV Fluid Administration Detector"
pmsr:/INS1739398519577895,Laerdal Airway Simulator,medium,Resuscitation and Mannequin Platforms,MEDIUM_MANNEQUIN_PROCEDURE,4,8,1,1,0,2,BELOW_MIN,3,AIRWAY_RESPIRATORY,AIRWAY_RESPIRATORY,AIRWAY_RESPIRATORY | CARDIOVASCULAR_HEMODYNAMIC | PROCEDURAL_FORCE_PRESSURE | IV_VASCULAR_ACCESS,"AIRWAY_RESPIRATORY:Laerdal Airway Simulator Actuator,Laerdal Airway Simulator Detector"
pmsr:/INS1739487989328225,Laerdal ALS Baby Trainer 200,medium,Resuscitation and Mannequin Platforms,MEDIUM_MANNEQUIN_PROCEDURE,4,8,1,1,0,2,BELOW_MIN,3,GENERAL_SIMULATION_OTHER,GENERAL_SIMULATION_OTHER,GENERAL_SIMULATION_OTHER | AIRWAY_RESPIRATORY | CARDIOVASCULAR_HEMODYNAMIC | PROCEDURAL_FORCE_PRESSURE | IV_VASCULAR_ACCESS,"GENERAL_SIMULATION_OTHER:Laerdal ALS Baby Trainer 200 Actuator,Laerdal ALS Baby Trainer 200 Detector"
pmsr:/INS1739392367425715,Laerdal DAE Simulator,medium,Resuscitation and Mannequin Platforms,MEDIUM_MANNEQUIN_PROCEDURE,4,8,1,1,0,2,BELOW_MIN,3,CARDIOVASCULAR_HEMODYNAMIC,CARDIOVASCULAR_HEMODYNAMIC,CARDIOVASCULAR_HEMODYNAMIC | AIRWAY_RESPIRATORY | PROCEDURAL_FORCE_PRESSURE | IV_VASCULAR_ACCESS,"CARDIOVASCULAR_HEMODYNAMIC:Laerdal DAE Simulator Actuator,Laerdal DAE Simulator Detector"
pmsr:/INS1739823398493725,Laerdal Nursing Anne Mannequin,medium,Resuscitation and Mannequin Platforms,MEDIUM_MANNEQUIN_PROCEDURE,4,8,1,1,6,8,BELOW_MIN,3,GENERAL_SIMULATION_OTHER,AUDIO_COMMUNICATION | CARDIOVASCULAR_HEMODYNAMIC | GENERAL_SIMULATION_OTHER | SOFTWARE_WORKFLOW_STATE,GENERAL_SIMULATION_OTHER | AIRWAY_RESPIRATORY | CARDIOVASCULAR_HEMODYNAMIC | PROCEDURAL_FORCE_PRESSURE | IV_VASCULAR_ACCESS,"AUDIO_COMMUNICATION:Microphone  -- CB:EMPTY | CARDIOVASCULAR_HEMODYNAMIC:DAE Trainer  -- CB:EMPTY | GENERAL_SIMULATION_OTHER:Electrode  -- CB:Eletrodes Adult,Electrode  -- CB:Eletrodes Pediatric,Laerdal Nursing Anne Mannequin Actuator,Laerdal Nursing Anne Mannequin Detector | SOFTWARE_WORKFLOW_STATE:SimPad Device  -- CB:EMPTY,Skill Guide Device  -- CB:EMPTY"
pmsr:/INS1739401557396065,Laerdal Nursing Care Simulator,medium,Resuscitation and Mannequin Platforms,MEDIUM_MANNEQUIN_PROCEDURE,4,8,1,1,0,2,BELOW_MIN,3,GENERAL_SIMULATION_OTHER,GENERAL_SIMULATION_OTHER,GENERAL_SIMULATION_OTHER | AIRWAY_RESPIRATORY | CARDIOVASCULAR_HEMODYNAMIC | PROCEDURAL_FORCE_PRESSURE | IV_VASCULAR_ACCESS,"GENERAL_SIMULATION_OTHER:Laerdal Nursing Care Simulator Actuator,Laerdal Nursing Care Simulator Detector"
pmsr:/INS1739397137461495,Low-Fidelity Mannequin,high,Resuscitation and Mannequin Platforms,HIGH_MANNEQUIN_PROCEDURE,8,15,1,1,0,2,BELOW_MIN,7,GENERAL_SIMULATION_OTHER,GENERAL_SIMULATION_OTHER,GENERAL_SIMULATION_OTHER | AIRWAY_RESPIRATORY | CARDIOVASCULAR_HEMODYNAMIC | PROCEDURAL_FORCE_PRESSURE | IV_VASCULAR_ACCESS,"GENERAL_SIMULATION_OTHER:Low-Fidelity Mannequin Actuator,Low-Fidelity Mannequin Detector"
pmsr:/INS1740143777940835,Male Examination Mannequin,high,Resuscitation and Mannequin Platforms,HIGH_MANNEQUIN_PROCEDURE,8,15,1,1,0,2,BELOW_MIN,7,GENERAL_SIMULATION_OTHER,GENERAL_SIMULATION_OTHER,GENERAL_SIMULATION_OTHER | AIRWAY_RESPIRATORY | CARDIOVASCULAR_HEMODYNAMIC | PROCEDURAL_FORCE_PRESSURE | IV_VASCULAR_ACCESS,"GENERAL_SIMULATION_OTHER:Male Examination Mannequin Actuator,Male Examination Mannequin Detector"
pmsr:/INS1739403078441215,Male Genitalia Catherization Simulator,high,Procedure Trainers and Skills Simulators,HIGH_MANNEQUIN_PROCEDURE,8,15,1,1,0,2,BELOW_MIN,7,GENERAL_SIMULATION_OTHER,GENERAL_SIMULATION_OTHER,GENERAL_SIMULATION_OTHER | AIRWAY_RESPIRATORY | CARDIOVASCULAR_HEMODYNAMIC | PROCEDURAL_FORCE_PRESSURE | IV_VASCULAR_ACCESS,"GENERAL_SIMULATION_OTHER:Male Genitalia Catherization Simulator Actuator,Male Genitalia Catherization Simulator Detector"
pmsr:/INS1739483351917145,Male Inguinal Hernia Anatomy Model,high,General Medical Device Governance,HIGH_MANNEQUIN_PROCEDURE,8,15,1,1,0,2,BELOW_MIN,7,SOFTWARE_WORKFLOW_STATE,SOFTWARE_WORKFLOW_STATE,SOFTWARE_WORKFLOW_STATE | AIRWAY_RESPIRATORY | CARDIOVASCULAR_HEMODYNAMIC | PROCEDURAL_FORCE_PRESSURE | IV_VASCULAR_ACCESS,"SOFTWARE_WORKFLOW_STATE:Male Inguinal Hernia Anatomy Model Actuator,Male Inguinal Hernia Anatomy Model Detector"
ncit:C16830,Medical Device,(blank),General Medical Device Governance,IMAGING_TABLE,2,6,1,1,0,2,BELOW_MIN,1,GENERAL_SIMULATION_OTHER,GENERAL_SIMULATION_OTHER,GENERAL_SIMULATION_OTHER | IMAGING_ANATOMY_SPATIAL | PROCEDURAL_FORCE_PRESSURE,"GENERAL_SIMULATION_OTHER:Medical Device Actuator,Medical Device Detector"
pmsr:/INS1739287092102085,Medical Examination Simulators,(blank),General Medical Device Governance,MEDIUM_MANNEQUIN_PROCEDURE,4,8,1,1,0,2,BELOW_MIN,3,GENERAL_SIMULATION_OTHER,GENERAL_SIMULATION_OTHER,GENERAL_SIMULATION_OTHER | AIRWAY_RESPIRATORY | CARDIOVASCULAR_HEMODYNAMIC | PROCEDURAL_FORCE_PRESSURE | IV_VASCULAR_ACCESS,"GENERAL_SIMULATION_OTHER:Medical Examination Simulators Actuator,Medical Examination Simulators Detector"
pmsr:/INS1739301814401805,Medical Procedure Simulator,(blank),General Medical Device Governance,MEDIUM_MANNEQUIN_PROCEDURE,4,8,1,1,0,2,BELOW_MIN,3,GENERAL_SIMULATION_OTHER,GENERAL_SIMULATION_OTHER,GENERAL_SIMULATION_OTHER | AIRWAY_RESPIRATORY | CARDIOVASCULAR_HEMODYNAMIC | PROCEDURAL_FORCE_PRESSURE | IV_VASCULAR_ACCESS,"GENERAL_SIMULATION_OTHER:Medical Procedure Simulator Actuator,Medical Procedure Simulator Detector"
pmsr:/INS1739821032633525,Monitoring Virtual Simulator,(blank),Point-of-Care Ultrasound and Imaging,IMAGING_TABLE,2,6,1,1,0,2,BELOW_MIN,1,GENERAL_SIMULATION_OTHER,GENERAL_SIMULATION_OTHER,IMAGING_ANATOMY_SPATIAL | PROCEDURAL_FORCE_PRESSURE,"GENERAL_SIMULATION_OTHER:Monitoring Virtual Simulator Actuator,Monitoring Virtual Simulator Detector"
pmsr:/INS1739400689838665,Nursing Care Simulator,(blank),General Medical Device Governance,MEDIUM_MANNEQUIN_PROCEDURE,4,8,1,1,0,2,BELOW_MIN,3,GENERAL_SIMULATION_OTHER,GENERAL_SIMULATION_OTHER,GENERAL_SIMULATION_OTHER | AIRWAY_RESPIRATORY | CARDIOVASCULAR_HEMODYNAMIC | PROCEDURAL_FORCE_PRESSURE | IV_VASCULAR_ACCESS,"GENERAL_SIMULATION_OTHER:Nursing Care Simulator Actuator,Nursing Care Simulator Detector"
pmsr:/INS1740143878244085,Obstetric Simulator,medium,Procedure Trainers and Skills Simulators,MEDIUM_MANNEQUIN_PROCEDURE,4,8,1,1,0,2,BELOW_MIN,3,GENERAL_SIMULATION_OTHER,GENERAL_SIMULATION_OTHER,GENERAL_SIMULATION_OTHER | AIRWAY_RESPIRATORY | CARDIOVASCULAR_HEMODYNAMIC | PROCEDURAL_FORCE_PRESSURE | IV_VASCULAR_ACCESS,"GENERAL_SIMULATION_OTHER:Obstetric Simulator Actuator,Obstetric Simulator Detector"
pmsr:/INS1739303333850795,Oncology Care Simulator,medium,General Medical Device Governance,MEDIUM_MANNEQUIN_PROCEDURE,4,8,1,1,0,2,BELOW_MIN,3,GENERAL_SIMULATION_OTHER,GENERAL_SIMULATION_OTHER,GENERAL_SIMULATION_OTHER | AIRWAY_RESPIRATORY | CARDIOVASCULAR_HEMODYNAMIC | PROCEDURAL_FORCE_PRESSURE | IV_VASCULAR_ACCESS,"GENERAL_SIMULATION_OTHER:Oncology Care Simulator Actuator,Oncology Care Simulator Detector"
pmsr:/INS1740087575777435,Patient Monitor Simulator,medium,Point-of-Care Ultrasound and Imaging,IMAGING_TABLE,2,6,1,1,0,2,BELOW_MIN,1,GENERAL_SIMULATION_OTHER,GENERAL_SIMULATION_OTHER,IMAGING_ANATOMY_SPATIAL | PROCEDURAL_FORCE_PRESSURE,"GENERAL_SIMULATION_OTHER:Patient Monitor Simulator Actuator,Patient Monitor Simulator Detector"
pmsr:/INS1739403291912375,Penis Foreskin Cleaning Simulator,medium,Procedure Trainers and Skills Simulators,MEDIUM_MANNEQUIN_PROCEDURE,4,8,1,1,0,2,BELOW_MIN,3,GENERAL_SIMULATION_OTHER,GENERAL_SIMULATION_OTHER,GENERAL_SIMULATION_OTHER | AIRWAY_RESPIRATORY | CARDIOVASCULAR_HEMODYNAMIC | PROCEDURAL_FORCE_PRESSURE | IV_VASCULAR_ACCESS,"GENERAL_SIMULATION_OTHER:Penis Foreskin Cleaning Simulator Actuator,Penis Foreskin Cleaning Simulator Detector"
pmsr:PhysicalMedicalDevice,Physical Medical Device,(blank),General Medical Device Governance,IMAGING_TABLE,2,6,1,1,0,2,BELOW_MIN,1,GENERAL_SIMULATION_OTHER,GENERAL_SIMULATION_OTHER,GENERAL_SIMULATION_OTHER | IMAGING_ANATOMY_SPATIAL | PROCEDURAL_FORCE_PRESSURE,"GENERAL_SIMULATION_OTHER:Physical Medical Device Actuator,Physical Medical Device Detector"
pmsr:PhysicalMedicalSimulator,Physical Medical Simulator,(blank),General Medical Device Governance,MEDIUM_MANNEQUIN_PROCEDURE,4,8,1,1,0,2,BELOW_MIN,3,GENERAL_SIMULATION_OTHER,GENERAL_SIMULATION_OTHER,GENERAL_SIMULATION_OTHER | AIRWAY_RESPIRATORY | CARDIOVASCULAR_HEMODYNAMIC | PROCEDURAL_FORCE_PRESSURE | IV_VASCULAR_ACCESS,"GENERAL_SIMULATION_OTHER:Physical Medical Simulator Actuator,Physical Medical Simulator Detector"
pmsr:/INS1740087239872215,Physiology Simulator,high,General Medical Device Governance,HIGH_MANNEQUIN_PROCEDURE,8,15,1,1,0,2,BELOW_MIN,7,GENERAL_SIMULATION_OTHER,GENERAL_SIMULATION_OTHER,GENERAL_SIMULATION_OTHER | AIRWAY_RESPIRATORY | CARDIOVASCULAR_HEMODYNAMIC | PROCEDURAL_FORCE_PRESSURE | IV_VASCULAR_ACCESS,"GENERAL_SIMULATION_OTHER:Physiology Simulator Actuator,Physiology Simulator Detector"
pmsr:/INS1739453043505715,Pitting Edema Simulator,high,General Medical Device Governance,HIGH_MANNEQUIN_PROCEDURE,8,15,1,1,0,2,BELOW_MIN,7,EDEMA_TISSUE_VOLUME,EDEMA_TISSUE_VOLUME,EDEMA_TISSUE_VOLUME | AIRWAY_RESPIRATORY | CARDIOVASCULAR_HEMODYNAMIC | PROCEDURAL_FORCE_PRESSURE | IV_VASCULAR_ACCESS,"EDEMA_TISSUE_VOLUME:Pitting Edema Simulator Actuator,Pitting Edema Simulator Detector"
pmsr:/INS1739288566447555,Portable Ultrasound,(blank),Point-of-Care Ultrasound and Imaging,IMAGING_TABLE,2,6,1,1,0,2,BELOW_MIN,1,IMAGING_ANATOMY_SPATIAL,IMAGING_ANATOMY_SPATIAL,IMAGING_ANATOMY_SPATIAL | PROCEDURAL_FORCE_PRESSURE,"IMAGING_ANATOMY_SPATIAL:Portable Ultrasound Actuator,Portable Ultrasound Detector"
pmsr:/INS1739392122823235,Procedure Simulator,(blank),General Medical Device Governance,MEDIUM_MANNEQUIN_PROCEDURE,4,8,1,1,0,2,BELOW_MIN,3,GENERAL_SIMULATION_OTHER,GENERAL_SIMULATION_OTHER,GENERAL_SIMULATION_OTHER | AIRWAY_RESPIRATORY | CARDIOVASCULAR_HEMODYNAMIC | PROCEDURAL_FORCE_PRESSURE | IV_VASCULAR_ACCESS,"GENERAL_SIMULATION_OTHER:Procedure Simulator Actuator,Procedure Simulator Detector"
pmsr:/INS1739482671461295,Prostate Model,high,Procedure Trainers and Skills Simulators,HIGH_MANNEQUIN_PROCEDURE,8,15,1,1,0,2,BELOW_MIN,7,SOFTWARE_WORKFLOW_STATE,SOFTWARE_WORKFLOW_STATE,SOFTWARE_WORKFLOW_STATE | AIRWAY_RESPIRATORY | CARDIOVASCULAR_HEMODYNAMIC | PROCEDURAL_FORCE_PRESSURE | IV_VASCULAR_ACCESS,"SOFTWARE_WORKFLOW_STATE:Prostate Model Actuator,Prostate Model Detector"
pmsr:/INS1739287640585765,Rectal Examination Simulator,high,Procedure Trainers and Skills Simulators,HIGH_MANNEQUIN_PROCEDURE,8,15,1,1,0,2,BELOW_MIN,7,GENERAL_SIMULATION_OTHER,GENERAL_SIMULATION_OTHER,GENERAL_SIMULATION_OTHER | AIRWAY_RESPIRATORY | CARDIOVASCULAR_HEMODYNAMIC | PROCEDURAL_FORCE_PRESSURE | IV_VASCULAR_ACCESS,"GENERAL_SIMULATION_OTHER:Rectal Examination Simulator Actuator,Rectal Examination Simulator Detector"
pmsr:/INS1739402477829135,Rectal Medicine Administration Simulator,high,Procedure Trainers and Skills Simulators,HIGH_MANNEQUIN_PROCEDURE,8,15,1,1,0,2,BELOW_MIN,7,GENERAL_SIMULATION_OTHER,GENERAL_SIMULATION_OTHER,GENERAL_SIMULATION_OTHER | AIRWAY_RESPIRATORY | CARDIOVASCULAR_HEMODYNAMIC | PROCEDURAL_FORCE_PRESSURE | IV_VASCULAR_ACCESS,"GENERAL_SIMULATION_OTHER:Rectal Medicine Administration Simulator Actuator,Rectal Medicine Administration Simulator Detector"
pmsr:/INS1739392275798255,ResusciAnne DAE Simulator,high,Resuscitation and Mannequin Platforms,HIGH_MANNEQUIN_PROCEDURE,8,15,1,1,0,2,BELOW_MIN,7,CARDIOVASCULAR_HEMODYNAMIC,CARDIOVASCULAR_HEMODYNAMIC,CARDIOVASCULAR_HEMODYNAMIC | AIRWAY_RESPIRATORY | PROCEDURAL_FORCE_PRESSURE | IV_VASCULAR_ACCESS,"CARDIOVASCULAR_HEMODYNAMIC:ResusciAnne DAE Simulator Actuator,ResusciAnne DAE Simulator Detector"
pmsr:/INS1739452868256965,SimSleeves Lymphedema Simulator,high,General Medical Device Governance,HIGH_MANNEQUIN_PROCEDURE,8,15,1,1,1,3,BELOW_MIN,7,EDEMA_TISSUE_VOLUME,EDEMA_TISSUE_VOLUME,EDEMA_TISSUE_VOLUME | AIRWAY_RESPIRATORY | CARDIOVASCULAR_HEMODYNAMIC | PROCEDURAL_FORCE_PRESSURE | IV_VASCULAR_ACCESS,"EDEMA_TISSUE_VOLUME:Lymphedema Condition Component Stem  -- CB:EMPTY,SimSleeves Lymphedema Simulator Actuator,SimSleeves Lymphedema Simulator Detector"
pmsr:/INS1739452783104705,Skin Care Procedure Simulator,(blank),General Medical Device Governance,MEDIUM_MANNEQUIN_PROCEDURE,4,8,1,1,0,2,BELOW_MIN,3,GENERAL_SIMULATION_OTHER,GENERAL_SIMULATION_OTHER,GENERAL_SIMULATION_OTHER | AIRWAY_RESPIRATORY | CARDIOVASCULAR_HEMODYNAMIC | PROCEDURAL_FORCE_PRESSURE | IV_VASCULAR_ACCESS,"GENERAL_SIMULATION_OTHER:Skin Care Procedure Simulator Actuator,Skin Care Procedure Simulator Detector"
pmsr:/INS1739878788687655,Sophia Body Interact AI Assistant,high,Virtual Patient and Digital Simulation,VIRTUAL_PATIENT_SOFTWARE,1,3,1,1,0,2,WITHIN_RANGE,0,GENERAL_SIMULATION_OTHER,GENERAL_SIMULATION_OTHER,GENERAL_SIMULATION_OTHER | SOFTWARE_WORKFLOW_STATE | CARDIOVASCULAR_HEMODYNAMIC,"GENERAL_SIMULATION_OTHER:Sophia Body Interact AI Assistant Actuator,Sophia Body Interact AI Assistant Detector"
pmsr:/INS1739401836683455,Stomach Bag Maintenance Simulator,medium,Procedure Trainers and Skills Simulators,MEDIUM_MANNEQUIN_PROCEDURE,4,8,1,1,0,2,BELOW_MIN,3,AIRWAY_RESPIRATORY,AIRWAY_RESPIRATORY,AIRWAY_RESPIRATORY | CARDIOVASCULAR_HEMODYNAMIC | PROCEDURAL_FORCE_PRESSURE | IV_VASCULAR_ACCESS,"AIRWAY_RESPIRATORY:Stomach Bag Maintenance Simulator Actuator,Stomach Bag Maintenance Simulator Detector"
pmsr:/INS1739301891301765,Suture Simulator,medium,Procedure Trainers and Skills Simulators,MEDIUM_MANNEQUIN_PROCEDURE,4,8,1,1,0,2,BELOW_MIN,3,GENERAL_SIMULATION_OTHER,GENERAL_SIMULATION_OTHER,GENERAL_SIMULATION_OTHER | AIRWAY_RESPIRATORY | CARDIOVASCULAR_HEMODYNAMIC | PROCEDURAL_FORCE_PRESSURE | IV_VASCULAR_ACCESS,"GENERAL_SIMULATION_OTHER:Suture Simulator Actuator,Suture Simulator Detector"
pmsr:/INS1739288428472235,Ultrasound,(blank),Point-of-Care Ultrasound and Imaging,IMAGING_TABLE,2,6,1,1,0,2,BELOW_MIN,1,IMAGING_ANATOMY_SPATIAL,IMAGING_ANATOMY_SPATIAL,IMAGING_ANATOMY_SPATIAL | PROCEDURAL_FORCE_PRESSURE,"IMAGING_ANATOMY_SPATIAL:Ultrasound Actuator,Ultrasound Detector"
pmsr:/INS1739401657491675,Urine Bag Maintenance Simulator,medium,Procedure Trainers and Skills Simulators,MEDIUM_MANNEQUIN_PROCEDURE,4,8,1,1,0,2,BELOW_MIN,3,GENERAL_SIMULATION_OTHER,GENERAL_SIMULATION_OTHER,GENERAL_SIMULATION_OTHER | AIRWAY_RESPIRATORY | CARDIOVASCULAR_HEMODYNAMIC | PROCEDURAL_FORCE_PRESSURE | IV_VASCULAR_ACCESS,"GENERAL_SIMULATION_OTHER:Urine Bag Maintenance Simulator Actuator,Urine Bag Maintenance Simulator Detector"
pmsr:/INS1739402585415785,Vaginal Medicine Administration Simulator,medium,General Medical Device Governance,MEDIUM_MANNEQUIN_PROCEDURE,4,8,1,1,0,2,BELOW_MIN,3,GENERAL_SIMULATION_OTHER,GENERAL_SIMULATION_OTHER,GENERAL_SIMULATION_OTHER | AIRWAY_RESPIRATORY | CARDIOVASCULAR_HEMODYNAMIC | PROCEDURAL_FORCE_PRESSURE | IV_VASCULAR_ACCESS,"GENERAL_SIMULATION_OTHER:Vaginal Medicine Administration Simulator Actuator,Vaginal Medicine Administration Simulator Detector"
pmsr:/INS1739302175458785,Vascular Access Simulator,medium,Procedure Trainers and Skills Simulators,MEDIUM_MANNEQUIN_PROCEDURE,4,8,1,1,0,2,BELOW_MIN,3,GENERAL_SIMULATION_OTHER,GENERAL_SIMULATION_OTHER,GENERAL_SIMULATION_OTHER | AIRWAY_RESPIRATORY | CARDIOVASCULAR_HEMODYNAMIC | PROCEDURAL_FORCE_PRESSURE | IV_VASCULAR_ACCESS,"GENERAL_SIMULATION_OTHER:Vascular Access Simulator Actuator,Vascular Access Simulator Detector"
pmsr:/INS1739288297796655,Vascular Access Ultrasound Simulator,medium,Point-of-Care Ultrasound and Imaging,IMAGING_TABLE,2,6,1,1,0,2,BELOW_MIN,1,IMAGING_ANATOMY_SPATIAL,IMAGING_ANATOMY_SPATIAL,IMAGING_ANATOMY_SPATIAL | PROCEDURAL_FORCE_PRESSURE,"IMAGING_ANATOMY_SPATIAL:Vascular Access Ultrasound Simulator Actuator,Vascular Access Ultrasound Simulator Detector"
pmsr:/INS1739303008518495,Ventilator Care Simulator,medium,General Medical Device Governance,MEDIUM_MANNEQUIN_PROCEDURE,4,8,1,1,0,2,BELOW_MIN,3,IV_VASCULAR_ACCESS,IV_VASCULAR_ACCESS,IV_VASCULAR_ACCESS | AIRWAY_RESPIRATORY | CARDIOVASCULAR_HEMODYNAMIC | PROCEDURAL_FORCE_PRESSURE,"IV_VASCULAR_ACCESS:Ventilator Care Simulator Actuator,Ventilator Care Simulator Detector"
pmsr:VirtualMedicalSimulator,Virtual Medical Simulator,(blank),Virtual Patient and Digital Simulation,VIRTUAL_PATIENT_SOFTWARE,1,3,1,1,0,2,WITHIN_RANGE,0,GENERAL_SIMULATION_OTHER,GENERAL_SIMULATION_OTHER,GENERAL_SIMULATION_OTHER | SOFTWARE_WORKFLOW_STATE | CARDIOVASCULAR_HEMODYNAMIC,"GENERAL_SIMULATION_OTHER:Virtual Medical Simulator Actuator,Virtual Medical Simulator Detector"
pmsr:/INS1739451831725785,Virtual Patient Anatomy Simulator,(blank),Virtual Patient and Digital Simulation,VIRTUAL_PATIENT_SOFTWARE,1,3,1,1,0,2,WITHIN_RANGE,0,GENERAL_SIMULATION_OTHER,GENERAL_SIMULATION_OTHER,GENERAL_SIMULATION_OTHER | SOFTWARE_WORKFLOW_STATE | CARDIOVASCULAR_HEMODYNAMIC,"GENERAL_SIMULATION_OTHER:Virtual Patient Anatomy Simulator Actuator,Virtual Patient Anatomy Simulator Detector"
pmsr:/INS1739488340413085,Virtual Patient Interaction Simulator,(blank),Virtual Patient and Digital Simulation,VIRTUAL_PATIENT_SOFTWARE,1,3,1,1,0,2,WITHIN_RANGE,0,GENERAL_SIMULATION_OTHER,GENERAL_SIMULATION_OTHER,GENERAL_SIMULATION_OTHER | SOFTWARE_WORKFLOW_STATE | CARDIOVASCULAR_HEMODYNAMIC,"GENERAL_SIMULATION_OTHER:Virtual Patient Interaction Simulator Actuator,Virtual Patient Interaction Simulator Detector"
