component_uri,component_label,instrument_uri,instrument_label,doc_family,primary_doc_url,secondary_doc_url,status
pmsr:/COM1738095221724775,Shock Link Monitor  -- CB:EMPTY,uberon:0004535,,General Medical Device Governance,https://www.fda.gov/medical-devices/device-advice-comprehensive-regulatory-assistance/medical-device-databases,https://www.iso.org/standard/72704.html,ok
pmsr:/COM1738097990641815,Chest Inflator  -- CB:Chest Inflator,uberon:0001004,,General Medical Device Governance,https://www.fda.gov/medical-devices/device-advice-comprehensive-regulatory-assistance/medical-device-databases,https://www.iso.org/standard/72704.html,ok
pmsr:/COM1738098129989165,Stoma Inflator  -- CB:Stomach Inflator,uberon:0001007,,General Medical Device Governance,https://www.fda.gov/medical-devices/device-advice-comprehensive-regulatory-assistance/medical-device-databases,https://www.iso.org/standard/72704.html,ok
pmsr:/COM1738099771423295,Skill Guide Device  -- CB:EMPTY,pmsr:/INS1739823398493725,Laerdal Nursing Anne Mannequin,Resuscitation and Mannequin Platforms,https://laerdal.force.com/HelpCenter/s/,https://cpr.heart.org/en/resuscitation-science/cpr-and-ecc-guidelines,ok
pmsr:/COM1738100153764155,SimPad Device  -- CB:EMPTY,pmsr:/INS1739823398493725,Laerdal Nursing Anne Mannequin,Resuscitation and Mannequin Platforms,https://laerdal.force.com/HelpCenter/s/,https://cpr.heart.org/en/resuscitation-science/cpr-and-ecc-guidelines,ok
pmsr:/COM1738187586682545,Electrode  -- CB:Eletrodes Adult,pmsr:/INS1739823398493725,Laerdal Nursing Anne Mannequin,Resuscitation and Mannequin Platforms,https://laerdal.force.com/HelpCenter/s/,https://cpr.heart.org/en/resuscitation-science/cpr-and-ecc-guidelines,ok
pmsr:/COM1738187818694655,Electrode  -- CB:Eletrodes Pediatric,pmsr:/INS1739823398493725,Laerdal Nursing Anne Mannequin,Resuscitation and Mannequin Platforms,https://laerdal.force.com/HelpCenter/s/,https://cpr.heart.org/en/resuscitation-science/cpr-and-ecc-guidelines,ok
pmsr:/COM1738188452521625,DAE Trainer  -- CB:EMPTY,pmsr:/INS1739823398493725,Laerdal Nursing Anne Mannequin,Resuscitation and Mannequin Platforms,https://laerdal.force.com/HelpCenter/s/,https://cpr.heart.org/en/resuscitation-science/cpr-and-ecc-guidelines,ok
pmsr:/COM1739399134970895,Microphone  -- CB:EMPTY,pmsr:/INS1739823398493725,Laerdal Nursing Anne Mannequin,Resuscitation and Mannequin Platforms,https://laerdal.force.com/HelpCenter/s/,https://cpr.heart.org/en/resuscitation-science/cpr-and-ecc-guidelines,ok
pmsr:/COM1740091620192285,IV Access  -- CB:EMPTY,uberon:0009055,,General Medical Device Governance,https://www.fda.gov/medical-devices/device-advice-comprehensive-regulatory-assistance/medical-device-databases,https://www.iso.org/standard/72704.html,ok
pmsr:/COM1740091527359405,Anal Canal  -- CB:EMPTY,uberon:0005409,,General Medical Device Governance,https://www.fda.gov/medical-devices/device-advice-comprehensive-regulatory-assistance/medical-device-databases,https://www.iso.org/standard/72704.html,ok
pmsr:/COM1740097957423935,Pupil Simulator  -- CB:Pupil Simulator Size,uberon:0000970,,General Medical Device Governance,https://www.fda.gov/medical-devices/device-advice-comprehensive-regulatory-assistance/medical-device-databases,https://www.iso.org/standard/72704.html,ok
pmsr:/COM1740484904469385,Human Interaction Pressure Duration Component Stem  -- CB:EMPTY,uberon:0002097,,General Medical Device Governance,https://www.fda.gov/medical-devices/device-advice-comprehensive-regulatory-assistance/medical-device-databases,https://www.iso.org/standard/72704.html,ok
pmsr:/COM1740497043510835,Lymphedema Condition Component Stem  -- CB:EMPTY,pmsr:/INS1739452868256965,SimSleeves Lymphedema Simulator,General Medical Device Governance,https://www.fda.gov/medical-devices/device-advice-comprehensive-regulatory-assistance/medical-device-databases,https://www.iso.org/standard/72704.html,ok
pmsr:/COM1740485914720735,Skin Volume Change Component Stem  -- CB:EMPTY,uberon:0002097,,General Medical Device Governance,https://www.fda.gov/medical-devices/device-advice-comprehensive-regulatory-assistance/medical-device-databases,https://www.iso.org/standard/72704.html,ok
pmsr:/COM1740493917966195,Tissue Penetration Component Stem  -- CB:EMPTY,uberon:0000479,,General Medical Device Governance,https://www.fda.gov/medical-devices/device-advice-comprehensive-regulatory-assistance/medical-device-databases,https://www.iso.org/standard/72704.html,ok
pmsr:/COM1786054978466045000,ARTEC LEO Scanner Detector,pmsr:/INS1739301009974715,ARTEC LEO Scanner,Dental and Oral Scanning Systems,https://support.3shape.com/,https://www.fda.gov/medical-devices/device-advice-comprehensive-regulatory-assistance/medical-device-databases,ok
pmsr:/COM1786054978466052000,ARTEC LEO Scanner Actuator,pmsr:/INS1739301009974715,ARTEC LEO Scanner,Dental and Oral Scanning Systems,https://support.3shape.com/,https://www.fda.gov/medical-devices/device-advice-comprehensive-regulatory-assistance/medical-device-databases,ok
pmsr:/COM1786054978466068000,Airway Simulator Detector,pmsr:/INS1739398437257165,Airway Simulator,Procedure Trainers and Skills Simulators,https://limbsandthings.com/us/support/,https://www.cdc.gov/infection-control/,ok
pmsr:/COM1786054978466074000,Airway Simulator Actuator,pmsr:/INS1739398437257165,Airway Simulator,Procedure Trainers and Skills Simulators,https://limbsandthings.com/us/support/,https://www.cdc.gov/infection-control/,ok
pmsr:/COM1786054978466101000,Anatomage Clinical Table Detector,pmsr:/INS1739819782231595,Anatomage Clinical Table,Anatomy Table and 3D Simulation,https://www.anatomage.com/table/,https://www.inacsl.org/healthcare-simulation-standards/,ok
pmsr:/COM1786054978466106000,Anatomage Clinical Table Actuator,pmsr:/INS1739819782231595,Anatomage Clinical Table,Anatomy Table and 3D Simulation,https://www.anatomage.com/table/,https://www.inacsl.org/healthcare-simulation-standards/,ok
pmsr:/COM1786054978466115000,Anatomage Large Table Detector,pmsr:/INS1739819116467195,Anatomage Large Table,Anatomy Table and 3D Simulation,https://www.anatomage.com/table/,https://www.inacsl.org/healthcare-simulation-standards/,ok
pmsr:/COM1786054978466118000,Anatomage Large Table Actuator,pmsr:/INS1739819116467195,Anatomage Large Table,Anatomy Table and 3D Simulation,https://www.anatomage.com/table/,https://www.inacsl.org/healthcare-simulation-standards/,ok
pmsr:/COM1786054978466127000,Anatomage Science Table Detector,pmsr:/INS1739819955334025,Anatomage Science Table,Anatomy Table and 3D Simulation,https://www.anatomage.com/table/,https://www.inacsl.org/healthcare-simulation-standards/,ok
pmsr:/COM1786054978466132000,Anatomage Science Table Actuator,pmsr:/INS1739819955334025,Anatomage Science Table,Anatomy Table and 3D Simulation,https://www.anatomage.com/table/,https://www.inacsl.org/healthcare-simulation-standards/,ok
pmsr:/COM1786054978466141000,Anatomage Small Tablet Detector,pmsr:/INS1739819599670195,Anatomage Small Tablet,Anatomy Table and 3D Simulation,https://www.anatomage.com/table/,https://www.inacsl.org/healthcare-simulation-standards/,ok
pmsr:/COM1786054978466145000,Anatomage Small Tablet Actuator,pmsr:/INS1739819599670195,Anatomage Small Tablet,Anatomy Table and 3D Simulation,https://www.anatomage.com/table/,https://www.inacsl.org/healthcare-simulation-standards/,ok
pmsr:/COM1786054978466154000,Anatomage Table Simulator Detector,pmsr:/INS1739452063713965,Anatomage Table Simulator,Anatomy Table and 3D Simulation,https://www.anatomage.com/table/,https://www.inacsl.org/healthcare-simulation-standards/,ok
pmsr:/COM1786054978466157000,Anatomage Table Simulator Actuator,pmsr:/INS1739452063713965,Anatomage Table Simulator,Anatomy Table and 3D Simulation,https://www.anatomage.com/table/,https://www.inacsl.org/healthcare-simulation-standards/,ok
pmsr:/COM1786054978466167000,Anatomage Vet Table Detector,pmsr:/INS1739819868350395,Anatomage Vet Table,Anatomy Table and 3D Simulation,https://www.anatomage.com/table/,https://www.inacsl.org/healthcare-simulation-standards/,ok
pmsr:/COM1786054978466170000,Anatomage Vet Table Actuator,pmsr:/INS1739819868350395,Anatomage Vet Table,Anatomy Table and 3D Simulation,https://www.anatomage.com/table/,https://www.inacsl.org/healthcare-simulation-standards/,ok
pmsr:/COM1786054978466180000,Automated External Defibrilator Detector,pmsr:/INS1739301317613705,Automated External Defibrilator,Resuscitation and Mannequin Platforms,https://laerdal.force.com/HelpCenter/s/,https://cpr.heart.org/en/resuscitation-science/cpr-and-ecc-guidelines,ok
pmsr:/COM1786054978466184000,Automated External Defibrilator Actuator,pmsr:/INS1739301317613705,Automated External Defibrilator,Resuscitation and Mannequin Platforms,https://laerdal.force.com/HelpCenter/s/,https://cpr.heart.org/en/resuscitation-science/cpr-and-ecc-guidelines,ok
pmsr:/COM1786054978466194000,Blood Pressure Measurement Simulator Detector,pmsr:/INS1739402230863265,Blood Pressure Measurement Simulator,General Medical Device Governance,https://www.fda.gov/medical-devices/device-advice-comprehensive-regulatory-assistance/medical-device-databases,https://www.iso.org/standard/72704.html,ok
pmsr:/COM1786054978466198000,Blood Pressure Measurement Simulator Actuator,pmsr:/INS1739402230863265,Blood Pressure Measurement Simulator,General Medical Device Governance,https://www.fda.gov/medical-devices/device-advice-comprehensive-regulatory-assistance/medical-device-databases,https://www.iso.org/standard/72704.html,ok
pmsr:/COM1786054978466208000,Body Interact Simulator Detector,pmsr:/INS1739878730369725,Body Interact Simulator,Virtual Patient and Digital Simulation,https://support.bodyinteract.com/,https://www.ssih.org/,ok
pmsr:/COM1786054978466212000,Body Interact Simulator Actuator,pmsr:/INS1739878730369725,Body Interact Simulator,Virtual Patient and Digital Simulation,https://support.bodyinteract.com/,https://www.ssih.org/,ok
pmsr:/COM1786054978466222000,Butterfly IQ+ Detector,pmsr:/INS1739288625580975,Butterfly IQ+,Point-of-Care Ultrasound and Imaging,https://support.butterflynetwork.com/hc/en-us,https://www.who.int/teams/health-product-policy-and-standards/assistive-and-medical-technology/medical-devices,ok
pmsr:/COM1786054978466225000,Butterfly IQ+ Actuator,pmsr:/INS1739288625580975,Butterfly IQ+,Point-of-Care Ultrasound and Imaging,https://support.butterflynetwork.com/hc/en-us,https://www.who.int/teams/health-product-policy-and-standards/assistive-and-medical-technology/medical-devices,ok
pmsr:/COM1786054978466236000,Butterfly Ultrasound Probes Detector,pmsr:/INS1739288691415495,Butterfly Ultrasound Probes,Point-of-Care Ultrasound and Imaging,https://support.butterflynetwork.com/hc/en-us,https://www.who.int/teams/health-product-policy-and-standards/assistive-and-medical-technology/medical-devices,ok
pmsr:/COM1786054978466241000,Butterfly Ultrasound Probes Actuator,pmsr:/INS1739288691415495,Butterfly Ultrasound Probes,Point-of-Care Ultrasound and Imaging,https://support.butterflynetwork.com/hc/en-us,https://www.who.int/teams/health-product-policy-and-standards/assistive-and-medical-technology/medical-devices,ok
pmsr:/COM1786054978466252000,CAD-CAM System Detector,pmsr:/INS1739301189412025,CAD-CAM System,Dental and Oral Scanning Systems,https://support.3shape.com/,https://www.fda.gov/medical-devices/device-advice-comprehensive-regulatory-assistance/medical-device-databases,ok
pmsr:/COM1786054978466256000,CAD-CAM System Actuator,pmsr:/INS1739301189412025,CAD-CAM System,Dental and Oral Scanning Systems,https://support.3shape.com/,https://www.fda.gov/medical-devices/device-advice-comprehensive-regulatory-assistance/medical-device-databases,ok
pmsr:/COM1786054978466266000,Cancer Patient Simulator Detector,pmsr:/INS1739820624939265,Cancer Patient Simulator,General Medical Device Governance,https://www.fda.gov/medical-devices/device-advice-comprehensive-regulatory-assistance/medical-device-databases,https://www.iso.org/standard/72704.html,ok
pmsr:/COM1786054978466270000,Cancer Patient Simulator Actuator,pmsr:/INS1739820624939265,Cancer Patient Simulator,General Medical Device Governance,https://www.fda.gov/medical-devices/device-advice-comprehensive-regulatory-assistance/medical-device-databases,https://www.iso.org/standard/72704.html,ok
pmsr:/COM1786054978466282000,Cancer Patient Simulator Detector,pmsr:/INS1739879206550705,Cancer Patient Simulator,General Medical Device Governance,https://www.fda.gov/medical-devices/device-advice-comprehensive-regulatory-assistance/medical-device-databases,https://www.iso.org/standard/72704.html,ok
pmsr:/COM1786054978466286000,Cancer Patient Simulator Actuator,pmsr:/INS1739879206550705,Cancer Patient Simulator,General Medical Device Governance,https://www.fda.gov/medical-devices/device-advice-comprehensive-regulatory-assistance/medical-device-databases,https://www.iso.org/standard/72704.html,ok
pmsr:/COM1786054978466297000,Cardiac Procedure Simulator Detector,pmsr:/INS1739392182337835,Cardiac Procedure Simulator,General Medical Device Governance,https://www.fda.gov/medical-devices/device-advice-comprehensive-regulatory-assistance/medical-device-databases,https://www.iso.org/standard/72704.html,ok
pmsr:/COM1786054978466301000,Cardiac Procedure Simulator Actuator,pmsr:/INS1739392182337835,Cardiac Procedure Simulator,General Medical Device Governance,https://www.fda.gov/medical-devices/device-advice-comprehensive-regulatory-assistance/medical-device-databases,https://www.iso.org/standard/72704.html,ok
pmsr:/COM1786054978466312000,Care Simulators Detector,pmsr:/INS1739301711235865,Care Simulators,General Medical Device Governance,https://www.fda.gov/medical-devices/device-advice-comprehensive-regulatory-assistance/medical-device-databases,https://www.iso.org/standard/72704.html,ok
pmsr:/COM1786054978466316000,Care Simulators Actuator,pmsr:/INS1739301711235865,Care Simulators,General Medical Device Governance,https://www.fda.gov/medical-devices/device-advice-comprehensive-regulatory-assistance/medical-device-databases,https://www.iso.org/standard/72704.html,ok
pmsr:/COM1786054978466328000,Chison Cbit-9 Stationary Ultrasound Detector,pmsr:/INS1739288499528465,Chison Cbit-9 Stationary Ultrasound,Point-of-Care Ultrasound and Imaging,https://support.butterflynetwork.com/hc/en-us,https://www.who.int/teams/health-product-policy-and-standards/assistive-and-medical-technology/medical-devices,ok
pmsr:/COM1786054978466332000,Chison Cbit-9 Stationary Ultrasound Actuator,pmsr:/INS1739288499528465,Chison Cbit-9 Stationary Ultrasound,Point-of-Care Ultrasound and Imaging,https://support.butterflynetwork.com/hc/en-us,https://www.who.int/teams/health-product-policy-and-standards/assistive-and-medical-technology/medical-devices,ok
pmsr:/COM1786054978466344000,Dani Model Detector,pmsr:/INS1739287212610855,Dani Model,General Medical Device Governance,https://www.fda.gov/medical-devices/device-advice-comprehensive-regulatory-assistance/medical-device-databases,https://www.iso.org/standard/72704.html,ok
pmsr:/COM1786054978466348000,Dani Model Actuator,pmsr:/INS1739287212610855,Dani Model,General Medical Device Governance,https://www.fda.gov/medical-devices/device-advice-comprehensive-regulatory-assistance/medical-device-databases,https://www.iso.org/standard/72704.html,ok
pmsr:/COM1786054978466360000,Diagnostic Imaging Simulator Detector,pmsr:/INS1739288006994165,Diagnostic Imaging Simulator,Point-of-Care Ultrasound and Imaging,https://support.butterflynetwork.com/hc/en-us,https://www.who.int/teams/health-product-policy-and-standards/assistive-and-medical-technology/medical-devices,ok
pmsr:/COM1786054978466364000,Diagnostic Imaging Simulator Actuator,pmsr:/INS1739288006994165,Diagnostic Imaging Simulator,Point-of-Care Ultrasound and Imaging,https://support.butterflynetwork.com/hc/en-us,https://www.who.int/teams/health-product-policy-and-standards/assistive-and-medical-technology/medical-devices,ok
pmsr:/COM1786054978466375000,Diagnostic Simulators Detector,pmsr:/INS1739287021517805,Diagnostic Simulators,General Medical Device Governance,https://www.fda.gov/medical-devices/device-advice-comprehensive-regulatory-assistance/medical-device-databases,https://www.iso.org/standard/72704.html,ok
pmsr:/COM1786054978466380000,Diagnostic Simulators Actuator,pmsr:/INS1739287021517805,Diagnostic Simulators,General Medical Device Governance,https://www.fda.gov/medical-devices/device-advice-comprehensive-regulatory-assistance/medical-device-databases,https://www.iso.org/standard/72704.html,ok
pmsr:/COM1786054978466392000,Diagnostic Ultrasound Detector,pmsr:/INS1739288153666735,Diagnostic Ultrasound,Point-of-Care Ultrasound and Imaging,https://support.butterflynetwork.com/hc/en-us,https://www.who.int/teams/health-product-policy-and-standards/assistive-and-medical-technology/medical-devices,ok
pmsr:/COM1786054978466395000,Diagnostic Ultrasound Actuator,pmsr:/INS1739288153666735,Diagnostic Ultrasound,Point-of-Care Ultrasound and Imaging,https://support.butterflynetwork.com/hc/en-us,https://www.who.int/teams/health-product-policy-and-standards/assistive-and-medical-technology/medical-devices,ok
pmsr:/COM1786054978466408000,Ear Irrigation Simulator Detector,pmsr:/INS1739404158691525,Ear Irrigation Simulator,General Medical Device Governance,https://www.fda.gov/medical-devices/device-advice-comprehensive-regulatory-assistance/medical-device-databases,https://www.iso.org/standard/72704.html,ok
pmsr:/COM1786054978466412000,Ear Irrigation Simulator Actuator,pmsr:/INS1739404158691525,Ear Irrigation Simulator,General Medical Device Governance,https://www.fda.gov/medical-devices/device-advice-comprehensive-regulatory-assistance/medical-device-databases,https://www.iso.org/standard/72704.html,ok
pmsr:/COM1786054978466425000,Extraoral Scanner Detector,pmsr:/INS1739301133578555,Extraoral Scanner,Dental and Oral Scanning Systems,https://support.3shape.com/,https://www.fda.gov/medical-devices/device-advice-comprehensive-regulatory-assistance/medical-device-databases,ok
pmsr:/COM1786054978466429000,Extraoral Scanner Actuator,pmsr:/INS1739301133578555,Extraoral Scanner,Dental and Oral Scanning Systems,https://support.3shape.com/,https://www.fda.gov/medical-devices/device-advice-comprehensive-regulatory-assistance/medical-device-databases,ok
pmsr:/COM1786054978466443000,Female Genitalia Catherization Simulator Detector,pmsr:/INS1739403188428355,Female Genitalia Catherization Simulator,Procedure Trainers and Skills Simulators,https://limbsandthings.com/us/support/,https://www.cdc.gov/infection-control/,ok
pmsr:/COM1786054978466447000,Female Genitalia Catherization Simulator Actuator,pmsr:/INS1739403188428355,Female Genitalia Catherization Simulator,Procedure Trainers and Skills Simulators,https://limbsandthings.com/us/support/,https://www.cdc.gov/infection-control/,ok
pmsr:/COM1786054978466460000,Geriatic Care Simulator Detector,pmsr:/INS1739303195193785,Geriatic Care Simulator,General Medical Device Governance,https://www.fda.gov/medical-devices/device-advice-comprehensive-regulatory-assistance/medical-device-databases,https://www.iso.org/standard/72704.html,ok
pmsr:/COM1786054978466464000,Geriatic Care Simulator Actuator,pmsr:/INS1739303195193785,Geriatic Care Simulator,General Medical Device Governance,https://www.fda.gov/medical-devices/device-advice-comprehensive-regulatory-assistance/medical-device-databases,https://www.iso.org/standard/72704.html,ok
pmsr:/COM1786054978466477000,Gynaecological Examination Mannequin Detector,pmsr:/INS1739397556188145,Gynaecological Examination Mannequin,Resuscitation and Mannequin Platforms,https://laerdal.force.com/HelpCenter/s/,https://cpr.heart.org/en/resuscitation-science/cpr-and-ecc-guidelines,ok
pmsr:/COM1786054978466482000,Gynaecological Examination Mannequin Actuator,pmsr:/INS1739397556188145,Gynaecological Examination Mannequin,Resuscitation and Mannequin Platforms,https://laerdal.force.com/HelpCenter/s/,https://cpr.heart.org/en/resuscitation-science/cpr-and-ecc-guidelines,ok
pmsr:/COM1786054978466495000,High-Fidelity Mannequin Detector,pmsr:/INS1739287159797795,High-Fidelity Mannequin,Resuscitation and Mannequin Platforms,https://laerdal.force.com/HelpCenter/s/,https://cpr.heart.org/en/resuscitation-science/cpr-and-ecc-guidelines,ok
pmsr:/COM1786054978466499000,High-Fidelity Mannequin Actuator,pmsr:/INS1739287159797795,High-Fidelity Mannequin,Resuscitation and Mannequin Platforms,https://laerdal.force.com/HelpCenter/s/,https://cpr.heart.org/en/resuscitation-science/cpr-and-ecc-guidelines,ok
pmsr:/COM1786054978466513000,IV Fluid Administration Detector,pmsr:/INS1739402037946315,IV Fluid Administration,Procedure Trainers and Skills Simulators,https://limbsandthings.com/us/support/,https://www.cdc.gov/infection-control/,ok
pmsr:/COM1786054978466517000,IV Fluid Administration Actuator,pmsr:/INS1739402037946315,IV Fluid Administration,Procedure Trainers and Skills Simulators,https://limbsandthings.com/us/support/,https://www.cdc.gov/infection-control/,ok
pmsr:/COM1786054978466531000,Imaging Detector,pmsr:/INS1739300958884615,Imaging,Point-of-Care Ultrasound and Imaging,https://support.butterflynetwork.com/hc/en-us,https://www.who.int/teams/health-product-policy-and-standards/assistive-and-medical-technology/medical-devices,ok
pmsr:/COM1786054978466538000,Imaging Actuator,pmsr:/INS1739300958884615,Imaging,Point-of-Care Ultrasound and Imaging,https://support.butterflynetwork.com/hc/en-us,https://www.who.int/teams/health-product-policy-and-standards/assistive-and-medical-technology/medical-devices,ok
pmsr:/COM1786054978466552000,Intramuscular Injections Simulator Detector,pmsr:/INS1739404046114785,Intramuscular Injections Simulator,General Medical Device Governance,https://www.fda.gov/medical-devices/device-advice-comprehensive-regulatory-assistance/medical-device-databases,https://www.iso.org/standard/72704.html,ok
pmsr:/COM1786054978466557000,Intramuscular Injections Simulator Actuator,pmsr:/INS1739404046114785,Intramuscular Injections Simulator,General Medical Device Governance,https://www.fda.gov/medical-devices/device-advice-comprehensive-regulatory-assistance/medical-device-databases,https://www.iso.org/standard/72704.html,ok
pmsr:/COM1786054978466570000,Intraoral Scanner Detector,pmsr:/INS1739301081410085,Intraoral Scanner,Dental and Oral Scanning Systems,https://support.3shape.com/,https://www.fda.gov/medical-devices/device-advice-comprehensive-regulatory-assistance/medical-device-databases,ok
pmsr:/COM1786054978466575000,Intraoral Scanner Actuator,pmsr:/INS1739301081410085,Intraoral Scanner,Dental and Oral Scanning Systems,https://support.3shape.com/,https://www.fda.gov/medical-devices/device-advice-comprehensive-regulatory-assistance/medical-device-databases,ok
pmsr:/COM1786054978466590000,Laerdal ALS Baby Trainer 200 Detector,pmsr:/INS1739487989328225,Laerdal ALS Baby Trainer 200,Resuscitation and Mannequin Platforms,https://laerdal.force.com/HelpCenter/s/,https://cpr.heart.org/en/resuscitation-science/cpr-and-ecc-guidelines,ok
pmsr:/COM1786054978466594000,Laerdal ALS Baby Trainer 200 Actuator,pmsr:/INS1739487989328225,Laerdal ALS Baby Trainer 200,Resuscitation and Mannequin Platforms,https://laerdal.force.com/HelpCenter/s/,https://cpr.heart.org/en/resuscitation-science/cpr-and-ecc-guidelines,ok
pmsr:/COM1786054978466608000,Laerdal Airway Simulator Detector,pmsr:/INS1739398519577895,Laerdal Airway Simulator,Resuscitation and Mannequin Platforms,https://laerdal.force.com/HelpCenter/s/,https://cpr.heart.org/en/resuscitation-science/cpr-and-ecc-guidelines,ok
pmsr:/COM1786054978466614000,Laerdal Airway Simulator Actuator,pmsr:/INS1739398519577895,Laerdal Airway Simulator,Resuscitation and Mannequin Platforms,https://laerdal.force.com/HelpCenter/s/,https://cpr.heart.org/en/resuscitation-science/cpr-and-ecc-guidelines,ok
pmsr:/COM1786054978466628000,Laerdal DAE Simulator Detector,pmsr:/INS1739392367425715,Laerdal DAE Simulator,Resuscitation and Mannequin Platforms,https://laerdal.force.com/HelpCenter/s/,https://cpr.heart.org/en/resuscitation-science/cpr-and-ecc-guidelines,ok
pmsr:/COM1786054978466632000,Laerdal DAE Simulator Actuator,pmsr:/INS1739392367425715,Laerdal DAE Simulator,Resuscitation and Mannequin Platforms,https://laerdal.force.com/HelpCenter/s/,https://cpr.heart.org/en/resuscitation-science/cpr-and-ecc-guidelines,ok
pmsr:/COM1786054978466647000,Laerdal Nursing Anne Mannequin Detector,pmsr:/INS1739823398493725,Laerdal Nursing Anne Mannequin,Resuscitation and Mannequin Platforms,https://laerdal.force.com/HelpCenter/s/,https://cpr.heart.org/en/resuscitation-science/cpr-and-ecc-guidelines,ok
pmsr:/COM1786054978466652000,Laerdal Nursing Anne Mannequin Actuator,pmsr:/INS1739823398493725,Laerdal Nursing Anne Mannequin,Resuscitation and Mannequin Platforms,https://laerdal.force.com/HelpCenter/s/,https://cpr.heart.org/en/resuscitation-science/cpr-and-ecc-guidelines,ok
pmsr:/COM1786054978466684000,Laerdal Nursing Care Simulator Detector,pmsr:/INS1739401557396065,Laerdal Nursing Care Simulator,Resuscitation and Mannequin Platforms,https://laerdal.force.com/HelpCenter/s/,https://cpr.heart.org/en/resuscitation-science/cpr-and-ecc-guidelines,ok
pmsr:/COM1786054978466690000,Laerdal Nursing Care Simulator Actuator,pmsr:/INS1739401557396065,Laerdal Nursing Care Simulator,Resuscitation and Mannequin Platforms,https://laerdal.force.com/HelpCenter/s/,https://cpr.heart.org/en/resuscitation-science/cpr-and-ecc-guidelines,ok
pmsr:/COM1786054978466706000,Low-Fidelity Mannequin Detector,pmsr:/INS1739397137461495,Low-Fidelity Mannequin,Resuscitation and Mannequin Platforms,https://laerdal.force.com/HelpCenter/s/,https://cpr.heart.org/en/resuscitation-science/cpr-and-ecc-guidelines,ok
pmsr:/COM1786054978466711000,Low-Fidelity Mannequin Actuator,pmsr:/INS1739397137461495,Low-Fidelity Mannequin,Resuscitation and Mannequin Platforms,https://laerdal.force.com/HelpCenter/s/,https://cpr.heart.org/en/resuscitation-science/cpr-and-ecc-guidelines,ok
pmsr:/COM1786054978466727000,Male Examination Mannequin Detector,pmsr:/INS1740143777940835,Male Examination Mannequin,Resuscitation and Mannequin Platforms,https://laerdal.force.com/HelpCenter/s/,https://cpr.heart.org/en/resuscitation-science/cpr-and-ecc-guidelines,ok
pmsr:/COM1786054978466731000,Male Examination Mannequin Actuator,pmsr:/INS1740143777940835,Male Examination Mannequin,Resuscitation and Mannequin Platforms,https://laerdal.force.com/HelpCenter/s/,https://cpr.heart.org/en/resuscitation-science/cpr-and-ecc-guidelines,ok
pmsr:/COM1786054978466746000,Male Genitalia Catherization Simulator Detector,pmsr:/INS1739403078441215,Male Genitalia Catherization Simulator,Procedure Trainers and Skills Simulators,https://limbsandthings.com/us/support/,https://www.cdc.gov/infection-control/,ok
pmsr:/COM1786054978466752000,Male Genitalia Catherization Simulator Actuator,pmsr:/INS1739403078441215,Male Genitalia Catherization Simulator,Procedure Trainers and Skills Simulators,https://limbsandthings.com/us/support/,https://www.cdc.gov/infection-control/,ok
pmsr:/COM1786054978466767000,Male Inguinal Hernia Anatomy Model Detector,pmsr:/INS1739483351917145,Male Inguinal Hernia Anatomy Model,General Medical Device Governance,https://www.fda.gov/medical-devices/device-advice-comprehensive-regulatory-assistance/medical-device-databases,https://www.iso.org/standard/72704.html,ok
pmsr:/COM1786054978466773000,Male Inguinal Hernia Anatomy Model Actuator,pmsr:/INS1739483351917145,Male Inguinal Hernia Anatomy Model,General Medical Device Governance,https://www.fda.gov/medical-devices/device-advice-comprehensive-regulatory-assistance/medical-device-databases,https://www.iso.org/standard/72704.html,ok
pmsr:/COM1786054978466790000,Medical Device Detector,ncit:C16830,Medical Device,General Medical Device Governance,https://www.fda.gov/medical-devices/device-advice-comprehensive-regulatory-assistance/medical-device-databases,https://www.iso.org/standard/72704.html,ok
pmsr:/COM1786054978466794000,Medical Device Actuator,ncit:C16830,Medical Device,General Medical Device Governance,https://www.fda.gov/medical-devices/device-advice-comprehensive-regulatory-assistance/medical-device-databases,https://www.iso.org/standard/72704.html,ok
pmsr:/COM1786054978466811000,Medical Examination Simulators Detector,pmsr:/INS1739287092102085,Medical Examination Simulators,General Medical Device Governance,https://www.fda.gov/medical-devices/device-advice-comprehensive-regulatory-assistance/medical-device-databases,https://www.iso.org/standard/72704.html,ok
pmsr:/COM1786054978466817000,Medical Examination Simulators Actuator,pmsr:/INS1739287092102085,Medical Examination Simulators,General Medical Device Governance,https://www.fda.gov/medical-devices/device-advice-comprehensive-regulatory-assistance/medical-device-databases,https://www.iso.org/standard/72704.html,ok
pmsr:/COM1786054978466833000,Medical Procedure Simulator Detector,pmsr:/INS1739301814401805,Medical Procedure Simulator,General Medical Device Governance,https://www.fda.gov/medical-devices/device-advice-comprehensive-regulatory-assistance/medical-device-databases,https://www.iso.org/standard/72704.html,ok
pmsr:/COM1786054978466838000,Medical Procedure Simulator Actuator,pmsr:/INS1739301814401805,Medical Procedure Simulator,General Medical Device Governance,https://www.fda.gov/medical-devices/device-advice-comprehensive-regulatory-assistance/medical-device-databases,https://www.iso.org/standard/72704.html,ok
pmsr:/COM1786054978466854000,Monitoring Virtual Simulator Detector,pmsr:/INS1739821032633525,Monitoring Virtual Simulator,Point-of-Care Ultrasound and Imaging,https://support.butterflynetwork.com/hc/en-us,https://www.who.int/teams/health-product-policy-and-standards/assistive-and-medical-technology/medical-devices,ok
pmsr:/COM1786054978466859000,Monitoring Virtual Simulator Actuator,pmsr:/INS1739821032633525,Monitoring Virtual Simulator,Point-of-Care Ultrasound and Imaging,https://support.butterflynetwork.com/hc/en-us,https://www.who.int/teams/health-product-policy-and-standards/assistive-and-medical-technology/medical-devices,ok
pmsr:/COM1786054978466875000,Nursing Care Simulator Detector,pmsr:/INS1739400689838665,Nursing Care Simulator,General Medical Device Governance,https://www.fda.gov/medical-devices/device-advice-comprehensive-regulatory-assistance/medical-device-databases,https://www.iso.org/standard/72704.html,ok
pmsr:/COM1786054978466881000,Nursing Care Simulator Actuator,pmsr:/INS1739400689838665,Nursing Care Simulator,General Medical Device Governance,https://www.fda.gov/medical-devices/device-advice-comprehensive-regulatory-assistance/medical-device-databases,https://www.iso.org/standard/72704.html,ok
pmsr:/COM1786054978466898000,Obstetric Simulator Detector,pmsr:/INS1740143878244085,Obstetric Simulator,Procedure Trainers and Skills Simulators,https://limbsandthings.com/us/support/,https://www.cdc.gov/infection-control/,ok
pmsr:/COM1786054978466903000,Obstetric Simulator Actuator,pmsr:/INS1740143878244085,Obstetric Simulator,Procedure Trainers and Skills Simulators,https://limbsandthings.com/us/support/,https://www.cdc.gov/infection-control/,ok
pmsr:/COM1786054978466920000,Oncology Care Simulator Detector,pmsr:/INS1739303333850795,Oncology Care Simulator,General Medical Device Governance,https://www.fda.gov/medical-devices/device-advice-comprehensive-regulatory-assistance/medical-device-databases,https://www.iso.org/standard/72704.html,ok
pmsr:/COM1786054978466925000,Oncology Care Simulator Actuator,pmsr:/INS1739303333850795,Oncology Care Simulator,General Medical Device Governance,https://www.fda.gov/medical-devices/device-advice-comprehensive-regulatory-assistance/medical-device-databases,https://www.iso.org/standard/72704.html,ok
pmsr:/COM1786054978466941000,Patient Monitor Simulator Detector,pmsr:/INS1740087575777435,Patient Monitor Simulator,Point-of-Care Ultrasound and Imaging,https://support.butterflynetwork.com/hc/en-us,https://www.who.int/teams/health-product-policy-and-standards/assistive-and-medical-technology/medical-devices,ok
pmsr:/COM1786054978466953000,Patient Monitor Simulator Actuator,pmsr:/INS1740087575777435,Patient Monitor Simulator,Point-of-Care Ultrasound and Imaging,https://support.butterflynetwork.com/hc/en-us,https://www.who.int/teams/health-product-policy-and-standards/assistive-and-medical-technology/medical-devices,ok
pmsr:/COM1786054978466971000,Penis Foreskin Cleaning Simulator Detector,pmsr:/INS1739403291912375,Penis Foreskin Cleaning Simulator,Procedure Trainers and Skills Simulators,https://limbsandthings.com/us/support/,https://www.cdc.gov/infection-control/,ok
pmsr:/COM1786054978466976000,Penis Foreskin Cleaning Simulator Actuator,pmsr:/INS1739403291912375,Penis Foreskin Cleaning Simulator,Procedure Trainers and Skills Simulators,https://limbsandthings.com/us/support/,https://www.cdc.gov/infection-control/,ok
pmsr:/COM1786054978466995000,Physical Medical Device Detector,pmsr:PhysicalMedicalDevice,Physical Medical Device,General Medical Device Governance,https://www.fda.gov/medical-devices/device-advice-comprehensive-regulatory-assistance/medical-device-databases,https://www.iso.org/standard/72704.html,ok
pmsr:/COM1786054978466999000,Physical Medical Device Actuator,pmsr:PhysicalMedicalDevice,Physical Medical Device,General Medical Device Governance,https://www.fda.gov/medical-devices/device-advice-comprehensive-regulatory-assistance/medical-device-databases,https://www.iso.org/standard/72704.html,ok
pmsr:/COM1786054978467018000,Physical Medical Simulator Detector,pmsr:PhysicalMedicalSimulator,Physical Medical Simulator,General Medical Device Governance,https://www.fda.gov/medical-devices/device-advice-comprehensive-regulatory-assistance/medical-device-databases,https://www.iso.org/standard/72704.html,ok
pmsr:/COM1786054978467023000,Physical Medical Simulator Actuator,pmsr:PhysicalMedicalSimulator,Physical Medical Simulator,General Medical Device Governance,https://www.fda.gov/medical-devices/device-advice-comprehensive-regulatory-assistance/medical-device-databases,https://www.iso.org/standard/72704.html,ok
pmsr:/COM1786054978467041000,Physiology Simulator Detector,pmsr:/INS1740087239872215,Physiology Simulator,General Medical Device Governance,https://www.fda.gov/medical-devices/device-advice-comprehensive-regulatory-assistance/medical-device-databases,https://www.iso.org/standard/72704.html,ok
pmsr:/COM1786054978467045000,Physiology Simulator Actuator,pmsr:/INS1740087239872215,Physiology Simulator,General Medical Device Governance,https://www.fda.gov/medical-devices/device-advice-comprehensive-regulatory-assistance/medical-device-databases,https://www.iso.org/standard/72704.html,ok
pmsr:/COM1786054978467065000,Pitting Edema Simulator Detector,pmsr:/INS1739453043505715,Pitting Edema Simulator,General Medical Device Governance,https://www.fda.gov/medical-devices/device-advice-comprehensive-regulatory-assistance/medical-device-databases,https://www.iso.org/standard/72704.html,ok
pmsr:/COM1786054978467069000,Pitting Edema Simulator Actuator,pmsr:/INS1739453043505715,Pitting Edema Simulator,General Medical Device Governance,https://www.fda.gov/medical-devices/device-advice-comprehensive-regulatory-assistance/medical-device-databases,https://www.iso.org/standard/72704.html,ok
pmsr:/COM1786054978467089000,Portable Ultrasound Detector,pmsr:/INS1739288566447555,Portable Ultrasound,Point-of-Care Ultrasound and Imaging,https://support.butterflynetwork.com/hc/en-us,https://www.who.int/teams/health-product-policy-and-standards/assistive-and-medical-technology/medical-devices,ok
pmsr:/COM1786054978467094000,Portable Ultrasound Actuator,pmsr:/INS1739288566447555,Portable Ultrasound,Point-of-Care Ultrasound and Imaging,https://support.butterflynetwork.com/hc/en-us,https://www.who.int/teams/health-product-policy-and-standards/assistive-and-medical-technology/medical-devices,ok
pmsr:/COM1786054978467110000,Procedure Simulator Detector,pmsr:/INS1739392122823235,Procedure Simulator,General Medical Device Governance,https://www.fda.gov/medical-devices/device-advice-comprehensive-regulatory-assistance/medical-device-databases,https://www.iso.org/standard/72704.html,ok
pmsr:/COM1786054978467116000,Procedure Simulator Actuator,pmsr:/INS1739392122823235,Procedure Simulator,General Medical Device Governance,https://www.fda.gov/medical-devices/device-advice-comprehensive-regulatory-assistance/medical-device-databases,https://www.iso.org/standard/72704.html,ok
pmsr:/COM1786054978467133000,Prostate Model Detector,pmsr:/INS1739482671461295,Prostate Model,Procedure Trainers and Skills Simulators,https://limbsandthings.com/us/support/,https://www.cdc.gov/infection-control/,ok
pmsr:/COM1786054978467138000,Prostate Model Actuator,pmsr:/INS1739482671461295,Prostate Model,Procedure Trainers and Skills Simulators,https://limbsandthings.com/us/support/,https://www.cdc.gov/infection-control/,ok
pmsr:/COM1786054978467155000,Rectal Examination Simulator Detector,pmsr:/INS1739287640585765,Rectal Examination Simulator,Procedure Trainers and Skills Simulators,https://limbsandthings.com/us/support/,https://www.cdc.gov/infection-control/,ok
pmsr:/COM1786054978467160000,Rectal Examination Simulator Actuator,pmsr:/INS1739287640585765,Rectal Examination Simulator,Procedure Trainers and Skills Simulators,https://limbsandthings.com/us/support/,https://www.cdc.gov/infection-control/,ok
pmsr:/COM1786054978467177000,Rectal Medicine Administration Simulator Detector,pmsr:/INS1739402477829135,Rectal Medicine Administration Simulator,Procedure Trainers and Skills Simulators,https://limbsandthings.com/us/support/,https://www.cdc.gov/infection-control/,ok
pmsr:/COM1786054978467182000,Rectal Medicine Administration Simulator Actuator,pmsr:/INS1739402477829135,Rectal Medicine Administration Simulator,Procedure Trainers and Skills Simulators,https://limbsandthings.com/us/support/,https://www.cdc.gov/infection-control/,ok
pmsr:/COM1786054978467199000,ResusciAnne DAE Simulator Detector,pmsr:/INS1739392275798255,ResusciAnne DAE Simulator,Resuscitation and Mannequin Platforms,https://laerdal.force.com/HelpCenter/s/,https://cpr.heart.org/en/resuscitation-science/cpr-and-ecc-guidelines,ok
pmsr:/COM1786054978467204000,ResusciAnne DAE Simulator Actuator,pmsr:/INS1739392275798255,ResusciAnne DAE Simulator,Resuscitation and Mannequin Platforms,https://laerdal.force.com/HelpCenter/s/,https://cpr.heart.org/en/resuscitation-science/cpr-and-ecc-guidelines,ok
pmsr:/COM1786054978467222000,SimSleeves Lymphedema Simulator Detector,pmsr:/INS1739452868256965,SimSleeves Lymphedema Simulator,General Medical Device Governance,https://www.fda.gov/medical-devices/device-advice-comprehensive-regulatory-assistance/medical-device-databases,https://www.iso.org/standard/72704.html,ok
pmsr:/COM1786054978467227000,SimSleeves Lymphedema Simulator Actuator,pmsr:/INS1739452868256965,SimSleeves Lymphedema Simulator,General Medical Device Governance,https://www.fda.gov/medical-devices/device-advice-comprehensive-regulatory-assistance/medical-device-databases,https://www.iso.org/standard/72704.html,ok
pmsr:/COM1786054978467245000,Skin Care Procedure Simulator Detector,pmsr:/INS1739452783104705,Skin Care Procedure Simulator,General Medical Device Governance,https://www.fda.gov/medical-devices/device-advice-comprehensive-regulatory-assistance/medical-device-databases,https://www.iso.org/standard/72704.html,ok
pmsr:/COM1786054978467249000,Skin Care Procedure Simulator Actuator,pmsr:/INS1739452783104705,Skin Care Procedure Simulator,General Medical Device Governance,https://www.fda.gov/medical-devices/device-advice-comprehensive-regulatory-assistance/medical-device-databases,https://www.iso.org/standard/72704.html,ok
pmsr:/COM1786054978467268000,Sophia Body Interact AI Assistant Detector,pmsr:/INS1739878788687655,Sophia Body Interact AI Assistant,Virtual Patient and Digital Simulation,https://support.bodyinteract.com/,https://www.ssih.org/,ok
pmsr:/COM1786054978467273000,Sophia Body Interact AI Assistant Actuator,pmsr:/INS1739878788687655,Sophia Body Interact AI Assistant,Virtual Patient and Digital Simulation,https://support.bodyinteract.com/,https://www.ssih.org/,ok
pmsr:/COM1786054978467291000,Stomach Bag Maintenance Simulator Detector,pmsr:/INS1739401836683455,Stomach Bag Maintenance Simulator,Procedure Trainers and Skills Simulators,https://limbsandthings.com/us/support/,https://www.cdc.gov/infection-control/,ok
pmsr:/COM1786054978467297000,Stomach Bag Maintenance Simulator Actuator,pmsr:/INS1739401836683455,Stomach Bag Maintenance Simulator,Procedure Trainers and Skills Simulators,https://limbsandthings.com/us/support/,https://www.cdc.gov/infection-control/,ok
pmsr:/COM1786054978467316000,Suture Simulator Detector,pmsr:/INS1739301891301765,Suture Simulator,Procedure Trainers and Skills Simulators,https://limbsandthings.com/us/support/,https://www.cdc.gov/infection-control/,ok
pmsr:/COM1786054978467320000,Suture Simulator Actuator,pmsr:/INS1739301891301765,Suture Simulator,Procedure Trainers and Skills Simulators,https://limbsandthings.com/us/support/,https://www.cdc.gov/infection-control/,ok
pmsr:/COM1786054978467339000,Ultrasound Detector,pmsr:/INS1739288428472235,Ultrasound,Point-of-Care Ultrasound and Imaging,https://support.butterflynetwork.com/hc/en-us,https://www.who.int/teams/health-product-policy-and-standards/assistive-and-medical-technology/medical-devices,ok
pmsr:/COM1786054978467343000,Ultrasound Actuator,pmsr:/INS1739288428472235,Ultrasound,Point-of-Care Ultrasound and Imaging,https://support.butterflynetwork.com/hc/en-us,https://www.who.int/teams/health-product-policy-and-standards/assistive-and-medical-technology/medical-devices,ok
pmsr:/COM1786054978467363000,Urine Bag Maintenance Simulator Detector,pmsr:/INS1739401657491675,Urine Bag Maintenance Simulator,Procedure Trainers and Skills Simulators,https://limbsandthings.com/us/support/,https://www.cdc.gov/infection-control/,ok
pmsr:/COM1786054978467367000,Urine Bag Maintenance Simulator Actuator,pmsr:/INS1739401657491675,Urine Bag Maintenance Simulator,Procedure Trainers and Skills Simulators,https://limbsandthings.com/us/support/,https://www.cdc.gov/infection-control/,ok
pmsr:/COM1786054978467387000,Vaginal Medicine Administration Simulator Detector,pmsr:/INS1739402585415785,Vaginal Medicine Administration Simulator,General Medical Device Governance,https://www.fda.gov/medical-devices/device-advice-comprehensive-regulatory-assistance/medical-device-databases,https://www.iso.org/standard/72704.html,ok
pmsr:/COM1786054978467392000,Vaginal Medicine Administration Simulator Actuator,pmsr:/INS1739402585415785,Vaginal Medicine Administration Simulator,General Medical Device Governance,https://www.fda.gov/medical-devices/device-advice-comprehensive-regulatory-assistance/medical-device-databases,https://www.iso.org/standard/72704.html,ok
pmsr:/COM1786054978467411000,Vascular Access Simulator Detector,pmsr:/INS1739302175458785,Vascular Access Simulator,Procedure Trainers and Skills Simulators,https://limbsandthings.com/us/support/,https://www.cdc.gov/infection-control/,ok
pmsr:/COM1786054978467416000,Vascular Access Simulator Actuator,pmsr:/INS1739302175458785,Vascular Access Simulator,Procedure Trainers and Skills Simulators,https://limbsandthings.com/us/support/,https://www.cdc.gov/infection-control/,ok
pmsr:/COM1786054978467435000,Vascular Access Ultrasound Simulator Detector,pmsr:/INS1739288297796655,Vascular Access Ultrasound Simulator,Point-of-Care Ultrasound and Imaging,https://support.butterflynetwork.com/hc/en-us,https://www.who.int/teams/health-product-policy-and-standards/assistive-and-medical-technology/medical-devices,ok
pmsr:/COM1786054978467440000,Vascular Access Ultrasound Simulator Actuator,pmsr:/INS1739288297796655,Vascular Access Ultrasound Simulator,Point-of-Care Ultrasound and Imaging,https://support.butterflynetwork.com/hc/en-us,https://www.who.int/teams/health-product-policy-and-standards/assistive-and-medical-technology/medical-devices,ok
pmsr:/COM1786054978467459000,Ventilator Care Simulator Detector,pmsr:/INS1739303008518495,Ventilator Care Simulator,General Medical Device Governance,https://www.fda.gov/medical-devices/device-advice-comprehensive-regulatory-assistance/medical-device-databases,https://www.iso.org/standard/72704.html,ok
pmsr:/COM1786054978467464000,Ventilator Care Simulator Actuator,pmsr:/INS1739303008518495,Ventilator Care Simulator,General Medical Device Governance,https://www.fda.gov/medical-devices/device-advice-comprehensive-regulatory-assistance/medical-device-databases,https://www.iso.org/standard/72704.html,ok
pmsr:/COM1786054978467484000,Virtual Medical Simulator Detector,pmsr:VirtualMedicalSimulator,Virtual Medical Simulator,Virtual Patient and Digital Simulation,https://support.bodyinteract.com/,https://www.ssih.org/,ok
pmsr:/COM1786054978467488000,Virtual Medical Simulator Actuator,pmsr:VirtualMedicalSimulator,Virtual Medical Simulator,Virtual Patient and Digital Simulation,https://support.bodyinteract.com/,https://www.ssih.org/,ok
pmsr:/COM1786054978467508000,Virtual Patient Anatomy Simulator Detector,pmsr:/INS1739451831725785,Virtual Patient Anatomy Simulator,Virtual Patient and Digital Simulation,https://support.bodyinteract.com/,https://www.ssih.org/,ok
pmsr:/COM1786054978467513000,Virtual Patient Anatomy Simulator Actuator,pmsr:/INS1739451831725785,Virtual Patient Anatomy Simulator,Virtual Patient and Digital Simulation,https://support.bodyinteract.com/,https://www.ssih.org/,ok
pmsr:/COM1786054978467534000,Virtual Patient Interaction Simulator Detector,pmsr:/INS1739488340413085,Virtual Patient Interaction Simulator,Virtual Patient and Digital Simulation,https://support.bodyinteract.com/,https://www.ssih.org/,ok
pmsr:/COM1786054978467538000,Virtual Patient Interaction Simulator Actuator,pmsr:/INS1739488340413085,Virtual Patient Interaction Simulator,Virtual Patient and Digital Simulation,https://support.bodyinteract.com/,https://www.ssih.org/,ok
