hasURI,hasco:hascoType,vstoi:belongsTo,vstoi:hasComponent,vstoi:hasNext,vstoi:hasPrevious,vstoi:hasFirst,vstoi:hasPriority,rdfs:label
pmsr:/INS1739398437257165/CTS/0003,vstoi:SlotElement,pmsr:/INS1739398437257165,pmsr:/COM9ffcd363eade12c3c,pmsr:/INS1739398437257165/CTS/0004,pmsr:/INS1739398437257165/CTS/0002,,0003,Airway Simulator Detector Slot 0003
pmsr:/INS1739398437257165/CTS/0004,vstoi:SlotElement,pmsr:/INS1739398437257165,pmsr:/COM950b3d31e301fbc7e,pmsr:/INS1739398437257165/CTS/0005,pmsr:/INS1739398437257165/CTS/0003,,0004,Airway Simulator Detector Slot 0004
pmsr:/INS1739398437257165/CTS/0005,vstoi:SlotElement,pmsr:/INS1739398437257165,pmsr:/COM935fb928072e9f557,,pmsr:/INS1739398437257165/CTS/0004,,0005,Airway Simulator Detector Slot 0005
pmsr:/INS1739819782231595/CTS/0003,vstoi:SlotElement,pmsr:/INS1739819782231595,pmsr:/COM9b96fa46ed907be02,,pmsr:/INS1739819782231595/CTS/0002,,0003,Anatomage Clinical Table Detector Slot 0003
pmsr:/INS1739819116467195/CTS/0003,vstoi:SlotElement,pmsr:/INS1739819116467195,pmsr:/COM987ce09a3861ae599,,pmsr:/INS1739819116467195/CTS/0002,,0003,Anatomage Large Table Detector Slot 0003
pmsr:/INS1739819955334025/CTS/0003,vstoi:SlotElement,pmsr:/INS1739819955334025,pmsr:/COM93b460eb853377780,,pmsr:/INS1739819955334025/CTS/0002,,0003,Anatomage Science Table Detector Slot 0003
pmsr:/INS1739819599670195/CTS/0003,vstoi:SlotElement,pmsr:/INS1739819599670195,pmsr:/COM98361c610186e70fe,,pmsr:/INS1739819599670195/CTS/0002,,0003,Anatomage Small Tablet Detector Slot 0003
pmsr:/INS1739452063713965/CTS/0003,vstoi:SlotElement,pmsr:/INS1739452063713965,pmsr:/COM9b2164f02cfa26970,,pmsr:/INS1739452063713965/CTS/0002,,0003,Anatomage Table Simulator Detector Slot 0003
pmsr:/INS1739819868350395/CTS/0003,vstoi:SlotElement,pmsr:/INS1739819868350395,pmsr:/COM9ef54393e0e02c625,,pmsr:/INS1739819868350395/CTS/0002,,0003,Anatomage Vet Table Detector Slot 0003
pmsr:/INS1739301009974715/CTS/0003,vstoi:SlotElement,pmsr:/INS1739301009974715,pmsr:/COM9f61abd8c7ab5a3f6,,pmsr:/INS1739301009974715/CTS/0002,,0003,ARTEC LEO Scanner Detector Slot 0003
pmsr:/INS1739301317613705/CTS/0003,vstoi:SlotElement,pmsr:/INS1739301317613705,pmsr:/COM9fec4dacf65a9e965,pmsr:/INS1739301317613705/CTS/0004,pmsr:/INS1739301317613705/CTS/0002,,0003,Automated External Defibrilator Detector Slot 0003
pmsr:/INS1739301317613705/CTS/0004,vstoi:SlotElement,pmsr:/INS1739301317613705,pmsr:/COM965a74fbb908db6bf,pmsr:/INS1739301317613705/CTS/0005,pmsr:/INS1739301317613705/CTS/0003,,0004,Automated External Defibrilator Detector Slot 0004
pmsr:/INS1739301317613705/CTS/0005,vstoi:SlotElement,pmsr:/INS1739301317613705,pmsr:/COM9beda1497dabc50eb,,pmsr:/INS1739301317613705/CTS/0004,,0005,Automated External Defibrilator Detector Slot 0005
pmsr:/INS1739402230863265/CTS/0003,vstoi:SlotElement,pmsr:/INS1739402230863265,pmsr:/COM94ecc82cd49e57b32,pmsr:/INS1739402230863265/CTS/0004,pmsr:/INS1739402230863265/CTS/0002,,0003,Blood Pressure Measurement Simulator Detector Slot 0003
pmsr:/INS1739402230863265/CTS/0004,vstoi:SlotElement,pmsr:/INS1739402230863265,pmsr:/COM9987750264b800ee8,pmsr:/INS1739402230863265/CTS/0005,pmsr:/INS1739402230863265/CTS/0003,,0004,Blood Pressure Measurement Simulator Detector Slot 0004
pmsr:/INS1739402230863265/CTS/0005,vstoi:SlotElement,pmsr:/INS1739402230863265,pmsr:/COM9936c34ad2f82b371,,pmsr:/INS1739402230863265/CTS/0004,,0005,Blood Pressure Measurement Simulator Detector Slot 0005
pmsr:/INS1739288625580975/CTS/0003,vstoi:SlotElement,pmsr:/INS1739288625580975,pmsr:/COM9d590f9452bcb0744,,pmsr:/INS1739288625580975/CTS/0002,,0003,Butterfly IQ+ Detector Slot 0003
pmsr:/INS1739288691415495/CTS/0003,vstoi:SlotElement,pmsr:/INS1739288691415495,pmsr:/COM965212c49f08f1118,,pmsr:/INS1739288691415495/CTS/0002,,0003,Butterfly Ultrasound Probes Detector Slot 0003
pmsr:/INS1739301189412025/CTS/0003,vstoi:SlotElement,pmsr:/INS1739301189412025,pmsr:/COM9e7fb0e4387c73762,,pmsr:/INS1739301189412025/CTS/0002,,0003,CAD-CAM System Detector Slot 0003
pmsr:/INS1739820624939265/CTS/0003,vstoi:SlotElement,pmsr:/INS1739820624939265,pmsr:/COM91d2e9200b0d09c7d,pmsr:/INS1739820624939265/CTS/0004,pmsr:/INS1739820624939265/CTS/0002,,0003,Cancer Patient Simulator Detector Slot 0003
pmsr:/INS1739820624939265/CTS/0004,vstoi:SlotElement,pmsr:/INS1739820624939265,pmsr:/COM9b563d4fdffc071c7,pmsr:/INS1739820624939265/CTS/0005,pmsr:/INS1739820624939265/CTS/0003,,0004,Cancer Patient Simulator Detector Slot 0004
pmsr:/INS1739820624939265/CTS/0005,vstoi:SlotElement,pmsr:/INS1739820624939265,pmsr:/COM96888ab9d556e9f96,,pmsr:/INS1739820624939265/CTS/0004,,0005,Cancer Patient Simulator Detector Slot 0005
pmsr:/INS1739879206550705/CTS/0003,vstoi:SlotElement,pmsr:/INS1739879206550705,pmsr:/COM97cd9420027aeda3a,pmsr:/INS1739879206550705/CTS/0004,pmsr:/INS1739879206550705/CTS/0002,,0003,Cancer Patient Simulator Detector Slot 0003
pmsr:/INS1739879206550705/CTS/0004,vstoi:SlotElement,pmsr:/INS1739879206550705,pmsr:/COM9600435be332b85c5,pmsr:/INS1739879206550705/CTS/0005,pmsr:/INS1739879206550705/CTS/0003,,0004,Cancer Patient Simulator Detector Slot 0004
pmsr:/INS1739879206550705/CTS/0005,vstoi:SlotElement,pmsr:/INS1739879206550705,pmsr:/COM993bba4dbe9c3083e,,pmsr:/INS1739879206550705/CTS/0004,,0005,Cancer Patient Simulator Detector Slot 0005
pmsr:/INS1739392182337835/CTS/0003,vstoi:SlotElement,pmsr:/INS1739392182337835,pmsr:/COM95a5e3eb50affb204,pmsr:/INS1739392182337835/CTS/0004,pmsr:/INS1739392182337835/CTS/0002,,0003,Cardiac Procedure Simulator Detector Slot 0003
pmsr:/INS1739392182337835/CTS/0004,vstoi:SlotElement,pmsr:/INS1739392182337835,pmsr:/COM9af58efb3d975da63,pmsr:/INS1739392182337835/CTS/0005,pmsr:/INS1739392182337835/CTS/0003,,0004,Cardiac Procedure Simulator Detector Slot 0004
pmsr:/INS1739392182337835/CTS/0005,vstoi:SlotElement,pmsr:/INS1739392182337835,pmsr:/COM905b86b9e5409690b,,pmsr:/INS1739392182337835/CTS/0004,,0005,Cardiac Procedure Simulator Detector Slot 0005
pmsr:/INS1739301711235865/CTS/0003,vstoi:SlotElement,pmsr:/INS1739301711235865,pmsr:/COM9c9998b0d6c57586e,pmsr:/INS1739301711235865/CTS/0004,pmsr:/INS1739301711235865/CTS/0002,,0003,Care Simulators Detector Slot 0003
pmsr:/INS1739301711235865/CTS/0004,vstoi:SlotElement,pmsr:/INS1739301711235865,pmsr:/COM9c44ff66ece930aee,pmsr:/INS1739301711235865/CTS/0005,pmsr:/INS1739301711235865/CTS/0003,,0004,Care Simulators Detector Slot 0004
pmsr:/INS1739301711235865/CTS/0005,vstoi:SlotElement,pmsr:/INS1739301711235865,pmsr:/COM9edd3c7ab12ea1a73,,pmsr:/INS1739301711235865/CTS/0004,,0005,Care Simulators Detector Slot 0005
pmsr:/INS1739288499528465/CTS/0003,vstoi:SlotElement,pmsr:/INS1739288499528465,pmsr:/COM96e335ed1aba2ac89,,pmsr:/INS1739288499528465/CTS/0002,,0003,Chison Cbit-9 Stationary Ultrasound Detector Slot 0003
pmsr:/INS1739287212610855/CTS/0003,vstoi:SlotElement,pmsr:/INS1739287212610855,pmsr:/COM9353c22c5ba75ca42,pmsr:/INS1739287212610855/CTS/0004,pmsr:/INS1739287212610855/CTS/0002,,0003,Dani Model Detector Slot 0003
pmsr:/INS1739287212610855/CTS/0004,vstoi:SlotElement,pmsr:/INS1739287212610855,pmsr:/COM97d2086a75ab53ee1,pmsr:/INS1739287212610855/CTS/0005,pmsr:/INS1739287212610855/CTS/0003,,0004,Dani Model Detector Slot 0004
pmsr:/INS1739287212610855/CTS/0005,vstoi:SlotElement,pmsr:/INS1739287212610855,pmsr:/COM91b861f9b1f5aaed2,pmsr:/INS1739287212610855/CTS/0006,pmsr:/INS1739287212610855/CTS/0004,,0005,Dani Model Detector Slot 0005
pmsr:/INS1739287212610855/CTS/0006,vstoi:SlotElement,pmsr:/INS1739287212610855,pmsr:/COM9e21c24b6f5f817b7,pmsr:/INS1739287212610855/CTS/0007,pmsr:/INS1739287212610855/CTS/0005,,0006,Dani Model Detector Slot 0006
pmsr:/INS1739287212610855/CTS/0007,vstoi:SlotElement,pmsr:/INS1739287212610855,pmsr:/COM9a0cace6ab8fdc335,pmsr:/INS1739287212610855/CTS/0008,pmsr:/INS1739287212610855/CTS/0006,,0007,Dani Model Detector Slot 0007
pmsr:/INS1739287212610855/CTS/0008,vstoi:SlotElement,pmsr:/INS1739287212610855,pmsr:/COM91cc68152e810d31e,pmsr:/INS1739287212610855/CTS/0009,pmsr:/INS1739287212610855/CTS/0007,,0008,Dani Model Detector Slot 0008
pmsr:/INS1739287212610855/CTS/0009,vstoi:SlotElement,pmsr:/INS1739287212610855,pmsr:/COM9e988edbc795ec972,,pmsr:/INS1739287212610855/CTS/0008,,0009,Dani Model Detector Slot 0009
pmsr:/INS1739288006994165/CTS/0003,vstoi:SlotElement,pmsr:/INS1739288006994165,pmsr:/COM9f849432b7ab6abfb,,pmsr:/INS1739288006994165/CTS/0002,,0003,Diagnostic Imaging Simulator Detector Slot 0003
pmsr:/INS1739287021517805/CTS/0003,vstoi:SlotElement,pmsr:/INS1739287021517805,pmsr:/COM99ce671ab8b1d5b03,pmsr:/INS1739287021517805/CTS/0004,pmsr:/INS1739287021517805/CTS/0002,,0003,Diagnostic Simulators Detector Slot 0003
pmsr:/INS1739287021517805/CTS/0004,vstoi:SlotElement,pmsr:/INS1739287021517805,pmsr:/COM98e23d9aee3a31b34,pmsr:/INS1739287021517805/CTS/0005,pmsr:/INS1739287021517805/CTS/0003,,0004,Diagnostic Simulators Detector Slot 0004
pmsr:/INS1739287021517805/CTS/0005,vstoi:SlotElement,pmsr:/INS1739287021517805,pmsr:/COM9ebbbd6c6cc5db4e8,,pmsr:/INS1739287021517805/CTS/0004,,0005,Diagnostic Simulators Detector Slot 0005
pmsr:/INS1739288153666735/CTS/0003,vstoi:SlotElement,pmsr:/INS1739288153666735,pmsr:/COM944bc7b3889ae7afc,,pmsr:/INS1739288153666735/CTS/0002,,0003,Diagnostic Ultrasound Detector Slot 0003
pmsr:/INS1739404158691525/CTS/0003,vstoi:SlotElement,pmsr:/INS1739404158691525,pmsr:/COM95c2d8ec9aa24be59,pmsr:/INS1739404158691525/CTS/0004,pmsr:/INS1739404158691525/CTS/0002,,0003,Ear Irrigation Simulator Detector Slot 0003
pmsr:/INS1739404158691525/CTS/0004,vstoi:SlotElement,pmsr:/INS1739404158691525,pmsr:/COM903d04799844712c1,pmsr:/INS1739404158691525/CTS/0005,pmsr:/INS1739404158691525/CTS/0003,,0004,Ear Irrigation Simulator Detector Slot 0004
pmsr:/INS1739404158691525/CTS/0005,vstoi:SlotElement,pmsr:/INS1739404158691525,pmsr:/COM973ddb74c98cc4780,,pmsr:/INS1739404158691525/CTS/0004,,0005,Ear Irrigation Simulator Detector Slot 0005
pmsr:/INS1739301133578555/CTS/0003,vstoi:SlotElement,pmsr:/INS1739301133578555,pmsr:/COM946fd9fa28a45e803,,pmsr:/INS1739301133578555/CTS/0002,,0003,Extraoral Scanner Detector Slot 0003
pmsr:/INS1739403188428355/CTS/0003,vstoi:SlotElement,pmsr:/INS1739403188428355,pmsr:/COM9065895571ef17d72,pmsr:/INS1739403188428355/CTS/0004,pmsr:/INS1739403188428355/CTS/0002,,0003,Female Genitalia Catherization Simulator Detector Slot 0003
pmsr:/INS1739403188428355/CTS/0004,vstoi:SlotElement,pmsr:/INS1739403188428355,pmsr:/COM9f19a75cf5780097d,pmsr:/INS1739403188428355/CTS/0005,pmsr:/INS1739403188428355/CTS/0003,,0004,Female Genitalia Catherization Simulator Detector Slot 0004
pmsr:/INS1739403188428355/CTS/0005,vstoi:SlotElement,pmsr:/INS1739403188428355,pmsr:/COM9c6e0b6a8460da436,pmsr:/INS1739403188428355/CTS/0006,pmsr:/INS1739403188428355/CTS/0004,,0005,Female Genitalia Catherization Simulator Detector Slot 0005
pmsr:/INS1739403188428355/CTS/0006,vstoi:SlotElement,pmsr:/INS1739403188428355,pmsr:/COM93b37a890de624f15,pmsr:/INS1739403188428355/CTS/0007,pmsr:/INS1739403188428355/CTS/0005,,0006,Female Genitalia Catherization Simulator Detector Slot 0006
pmsr:/INS1739403188428355/CTS/0007,vstoi:SlotElement,pmsr:/INS1739403188428355,pmsr:/COM9bbfd874da2e490d6,pmsr:/INS1739403188428355/CTS/0008,pmsr:/INS1739403188428355/CTS/0006,,0007,Female Genitalia Catherization Simulator Detector Slot 0007
pmsr:/INS1739403188428355/CTS/0008,vstoi:SlotElement,pmsr:/INS1739403188428355,pmsr:/COM9b22734475671bff7,pmsr:/INS1739403188428355/CTS/0009,pmsr:/INS1739403188428355/CTS/0007,,0008,Female Genitalia Catherization Simulator Detector Slot 0008
pmsr:/INS1739403188428355/CTS/0009,vstoi:SlotElement,pmsr:/INS1739403188428355,pmsr:/COM94d3ff5f362cc035b,,pmsr:/INS1739403188428355/CTS/0008,,0009,Female Genitalia Catherization Simulator Detector Slot 0009
pmsr:/INS1739303195193785/CTS/0003,vstoi:SlotElement,pmsr:/INS1739303195193785,pmsr:/COM95b70346448215735,pmsr:/INS1739303195193785/CTS/0004,pmsr:/INS1739303195193785/CTS/0002,,0003,Geriatic Care Simulator Detector Slot 0003
pmsr:/INS1739303195193785/CTS/0004,vstoi:SlotElement,pmsr:/INS1739303195193785,pmsr:/COM9412bfe70fbd8d8bc,pmsr:/INS1739303195193785/CTS/0005,pmsr:/INS1739303195193785/CTS/0003,,0004,Geriatic Care Simulator Detector Slot 0004
pmsr:/INS1739303195193785/CTS/0005,vstoi:SlotElement,pmsr:/INS1739303195193785,pmsr:/COM9a6c73bcd29d4344e,,pmsr:/INS1739303195193785/CTS/0004,,0005,Geriatic Care Simulator Detector Slot 0005
pmsr:/INS1739397556188145/CTS/0003,vstoi:SlotElement,pmsr:/INS1739397556188145,pmsr:/COM94cb8d9390f7e95ef,pmsr:/INS1739397556188145/CTS/0004,pmsr:/INS1739397556188145/CTS/0002,,0003,Gynaecological Examination Mannequin Detector Slot 0003
pmsr:/INS1739397556188145/CTS/0004,vstoi:SlotElement,pmsr:/INS1739397556188145,pmsr:/COM95cb2c19f033fd086,pmsr:/INS1739397556188145/CTS/0005,pmsr:/INS1739397556188145/CTS/0003,,0004,Gynaecological Examination Mannequin Detector Slot 0004
pmsr:/INS1739397556188145/CTS/0005,vstoi:SlotElement,pmsr:/INS1739397556188145,pmsr:/COM9a53a6e7fef7f48cb,pmsr:/INS1739397556188145/CTS/0006,pmsr:/INS1739397556188145/CTS/0004,,0005,Gynaecological Examination Mannequin Detector Slot 0005
pmsr:/INS1739397556188145/CTS/0006,vstoi:SlotElement,pmsr:/INS1739397556188145,pmsr:/COM9ce929fda23c7e246,pmsr:/INS1739397556188145/CTS/0007,pmsr:/INS1739397556188145/CTS/0005,,0006,Gynaecological Examination Mannequin Detector Slot 0006
pmsr:/INS1739397556188145/CTS/0007,vstoi:SlotElement,pmsr:/INS1739397556188145,pmsr:/COM916f797ebef7cb097,pmsr:/INS1739397556188145/CTS/0008,pmsr:/INS1739397556188145/CTS/0006,,0007,Gynaecological Examination Mannequin Detector Slot 0007
pmsr:/INS1739397556188145/CTS/0008,vstoi:SlotElement,pmsr:/INS1739397556188145,pmsr:/COM910906a6c47d60667,pmsr:/INS1739397556188145/CTS/0009,pmsr:/INS1739397556188145/CTS/0007,,0008,Gynaecological Examination Mannequin Detector Slot 0008
pmsr:/INS1739397556188145/CTS/0009,vstoi:SlotElement,pmsr:/INS1739397556188145,pmsr:/COM97e1b412645fe50a2,,pmsr:/INS1739397556188145/CTS/0008,,0009,Gynaecological Examination Mannequin Detector Slot 0009
pmsr:/INS1739287159797795/CTS/0003,vstoi:SlotElement,pmsr:/INS1739287159797795,pmsr:/COM95611eb2ed74ee103,pmsr:/INS1739287159797795/CTS/0004,pmsr:/INS1739287159797795/CTS/0002,,0003,High-Fidelity Mannequin Detector Slot 0003
pmsr:/INS1739287159797795/CTS/0004,vstoi:SlotElement,pmsr:/INS1739287159797795,pmsr:/COM9f42e00a4b3026528,pmsr:/INS1739287159797795/CTS/0005,pmsr:/INS1739287159797795/CTS/0003,,0004,High-Fidelity Mannequin Detector Slot 0004
pmsr:/INS1739287159797795/CTS/0005,vstoi:SlotElement,pmsr:/INS1739287159797795,pmsr:/COM92177208ccc4e22b1,pmsr:/INS1739287159797795/CTS/0006,pmsr:/INS1739287159797795/CTS/0004,,0005,High-Fidelity Mannequin Detector Slot 0005
pmsr:/INS1739287159797795/CTS/0006,vstoi:SlotElement,pmsr:/INS1739287159797795,pmsr:/COM9137c395895688068,pmsr:/INS1739287159797795/CTS/0007,pmsr:/INS1739287159797795/CTS/0005,,0006,High-Fidelity Mannequin Detector Slot 0006
pmsr:/INS1739287159797795/CTS/0007,vstoi:SlotElement,pmsr:/INS1739287159797795,pmsr:/COM9627985a5056f2d15,pmsr:/INS1739287159797795/CTS/0008,pmsr:/INS1739287159797795/CTS/0006,,0007,High-Fidelity Mannequin Detector Slot 0007
pmsr:/INS1739287159797795/CTS/0008,vstoi:SlotElement,pmsr:/INS1739287159797795,pmsr:/COM94748f0031a7167ca,pmsr:/INS1739287159797795/CTS/0009,pmsr:/INS1739287159797795/CTS/0007,,0008,High-Fidelity Mannequin Detector Slot 0008
pmsr:/INS1739287159797795/CTS/0009,vstoi:SlotElement,pmsr:/INS1739287159797795,pmsr:/COM91aa7b31291992fbb,,pmsr:/INS1739287159797795/CTS/0008,,0009,High-Fidelity Mannequin Detector Slot 0009
pmsr:/INS1739300958884615/CTS/0003,vstoi:SlotElement,pmsr:/INS1739300958884615,pmsr:/COM98e6dd5fe87530d91,,pmsr:/INS1739300958884615/CTS/0002,,0003,Imaging Detector Slot 0003
pmsr:/INS1739404046114785/CTS/0003,vstoi:SlotElement,pmsr:/INS1739404046114785,pmsr:/COM9751786e7c40b255c,pmsr:/INS1739404046114785/CTS/0004,pmsr:/INS1739404046114785/CTS/0002,,0003,Intramuscular Injections Simulator Detector Slot 0003
pmsr:/INS1739404046114785/CTS/0004,vstoi:SlotElement,pmsr:/INS1739404046114785,pmsr:/COM9e562f8ab987b7036,pmsr:/INS1739404046114785/CTS/0005,pmsr:/INS1739404046114785/CTS/0003,,0004,Intramuscular Injections Simulator Detector Slot 0004
pmsr:/INS1739404046114785/CTS/0005,vstoi:SlotElement,pmsr:/INS1739404046114785,pmsr:/COM94a6c2220e9625fb7,pmsr:/INS1739404046114785/CTS/0006,pmsr:/INS1739404046114785/CTS/0004,,0005,Intramuscular Injections Simulator Detector Slot 0005
pmsr:/INS1739404046114785/CTS/0006,vstoi:SlotElement,pmsr:/INS1739404046114785,pmsr:/COM90822bb607c2cfa3b,pmsr:/INS1739404046114785/CTS/0007,pmsr:/INS1739404046114785/CTS/0005,,0006,Intramuscular Injections Simulator Detector Slot 0006
pmsr:/INS1739404046114785/CTS/0007,vstoi:SlotElement,pmsr:/INS1739404046114785,pmsr:/COM99b9afcf37be17507,pmsr:/INS1739404046114785/CTS/0008,pmsr:/INS1739404046114785/CTS/0006,,0007,Intramuscular Injections Simulator Detector Slot 0007
pmsr:/INS1739404046114785/CTS/0008,vstoi:SlotElement,pmsr:/INS1739404046114785,pmsr:/COM901ebb687541101a6,pmsr:/INS1739404046114785/CTS/0009,pmsr:/INS1739404046114785/CTS/0007,,0008,Intramuscular Injections Simulator Detector Slot 0008
pmsr:/INS1739404046114785/CTS/0009,vstoi:SlotElement,pmsr:/INS1739404046114785,pmsr:/COM92e6bf51ccc1c28ab,,pmsr:/INS1739404046114785/CTS/0008,,0009,Intramuscular Injections Simulator Detector Slot 0009
pmsr:/INS1739301081410085/CTS/0003,vstoi:SlotElement,pmsr:/INS1739301081410085,pmsr:/COM9c0dfd3041e7d14c1,,pmsr:/INS1739301081410085/CTS/0002,,0003,Intraoral Scanner Detector Slot 0003
pmsr:/INS1739402037946315/CTS/0003,vstoi:SlotElement,pmsr:/INS1739402037946315,pmsr:/COM9727fb50145c10e09,pmsr:/INS1739402037946315/CTS/0004,pmsr:/INS1739402037946315/CTS/0002,,0003,IV Fluid Administration Detector Slot 0003
pmsr:/INS1739402037946315/CTS/0004,vstoi:SlotElement,pmsr:/INS1739402037946315,pmsr:/COM9ab325b780c153c16,pmsr:/INS1739402037946315/CTS/0005,pmsr:/INS1739402037946315/CTS/0003,,0004,IV Fluid Administration Detector Slot 0004
pmsr:/INS1739402037946315/CTS/0005,vstoi:SlotElement,pmsr:/INS1739402037946315,pmsr:/COM9a6077a472e113288,,pmsr:/INS1739402037946315/CTS/0004,,0005,IV Fluid Administration Detector Slot 0005
pmsr:/INS1739398519577895/CTS/0003,vstoi:SlotElement,pmsr:/INS1739398519577895,pmsr:/COM97456cbdbfef891b2,pmsr:/INS1739398519577895/CTS/0004,pmsr:/INS1739398519577895/CTS/0002,,0003,Laerdal Airway Simulator Detector Slot 0003
pmsr:/INS1739398519577895/CTS/0004,vstoi:SlotElement,pmsr:/INS1739398519577895,pmsr:/COM9780cb5aee628174d,pmsr:/INS1739398519577895/CTS/0005,pmsr:/INS1739398519577895/CTS/0003,,0004,Laerdal Airway Simulator Detector Slot 0004
pmsr:/INS1739398519577895/CTS/0005,vstoi:SlotElement,pmsr:/INS1739398519577895,pmsr:/COM98ff71c8a531dc60e,,pmsr:/INS1739398519577895/CTS/0004,,0005,Laerdal Airway Simulator Detector Slot 0005
pmsr:/INS1739487989328225/CTS/0003,vstoi:SlotElement,pmsr:/INS1739487989328225,pmsr:/COM9475a47f065f91166,pmsr:/INS1739487989328225/CTS/0004,pmsr:/INS1739487989328225/CTS/0002,,0003,Laerdal ALS Baby Trainer 200 Detector Slot 0003
pmsr:/INS1739487989328225/CTS/0004,vstoi:SlotElement,pmsr:/INS1739487989328225,pmsr:/COM99add3c0cd3806f60,pmsr:/INS1739487989328225/CTS/0005,pmsr:/INS1739487989328225/CTS/0003,,0004,Laerdal ALS Baby Trainer 200 Detector Slot 0004
pmsr:/INS1739487989328225/CTS/0005,vstoi:SlotElement,pmsr:/INS1739487989328225,pmsr:/COM903c774adb6c5edb0,,pmsr:/INS1739487989328225/CTS/0004,,0005,Laerdal ALS Baby Trainer 200 Detector Slot 0005
pmsr:/INS1739392367425715/CTS/0003,vstoi:SlotElement,pmsr:/INS1739392367425715,pmsr:/COM91c68e5a9e69bc020,pmsr:/INS1739392367425715/CTS/0004,pmsr:/INS1739392367425715/CTS/0002,,0003,Laerdal DAE Simulator Detector Slot 0003
pmsr:/INS1739392367425715/CTS/0004,vstoi:SlotElement,pmsr:/INS1739392367425715,pmsr:/COM9b34b00c7bcc86ee0,pmsr:/INS1739392367425715/CTS/0005,pmsr:/INS1739392367425715/CTS/0003,,0004,Laerdal DAE Simulator Detector Slot 0004
pmsr:/INS1739392367425715/CTS/0005,vstoi:SlotElement,pmsr:/INS1739392367425715,pmsr:/COM9cbabaa9118f43beb,,pmsr:/INS1739392367425715/CTS/0004,,0005,Laerdal DAE Simulator Detector Slot 0005
pmsr:/INS1739823398493725/CTS/0007,vstoi:SlotElement,pmsr:/INS1739823398493725,pmsr:/COM99b3a72b8d17baa57,pmsr:/INS1739823398493725/CTS/0008,pmsr:/INS1739823398493725/CTS/0006,,0007,Laerdal Nursing Anne Mannequin Detector Slot 0007
pmsr:/INS1739823398493725/CTS/0008,vstoi:SlotElement,pmsr:/INS1739823398493725,pmsr:/COM931d6340657316a0e,pmsr:/INS1739823398493725/CTS/0009,pmsr:/INS1739823398493725/CTS/0007,,0008,Laerdal Nursing Anne Mannequin Detector Slot 0008
pmsr:/INS1739823398493725/CTS/0009,vstoi:SlotElement,pmsr:/INS1739823398493725,pmsr:/COM9ccf75d269b2b6120,,pmsr:/INS1739823398493725/CTS/0008,,0009,Laerdal Nursing Anne Mannequin Detector Slot 0009
pmsr:/INS1739401557396065/CTS/0003,vstoi:SlotElement,pmsr:/INS1739401557396065,pmsr:/COM910d4690710b30eb0,pmsr:/INS1739401557396065/CTS/0004,pmsr:/INS1739401557396065/CTS/0002,,0003,Laerdal Nursing Care Simulator Detector Slot 0003
pmsr:/INS1739401557396065/CTS/0004,vstoi:SlotElement,pmsr:/INS1739401557396065,pmsr:/COM955d3a5f5fbdd4dab,pmsr:/INS1739401557396065/CTS/0005,pmsr:/INS1739401557396065/CTS/0003,,0004,Laerdal Nursing Care Simulator Detector Slot 0004
pmsr:/INS1739401557396065/CTS/0005,vstoi:SlotElement,pmsr:/INS1739401557396065,pmsr:/COM96125411c0510a231,,pmsr:/INS1739401557396065/CTS/0004,,0005,Laerdal Nursing Care Simulator Detector Slot 0005
pmsr:/INS1739397137461495/CTS/0003,vstoi:SlotElement,pmsr:/INS1739397137461495,pmsr:/COM93e7212f043f1983f,pmsr:/INS1739397137461495/CTS/0004,pmsr:/INS1739397137461495/CTS/0002,,0003,Low-Fidelity Mannequin Detector Slot 0003
pmsr:/INS1739397137461495/CTS/0004,vstoi:SlotElement,pmsr:/INS1739397137461495,pmsr:/COM948ef0b0d7a09cc76,pmsr:/INS1739397137461495/CTS/0005,pmsr:/INS1739397137461495/CTS/0003,,0004,Low-Fidelity Mannequin Detector Slot 0004
pmsr:/INS1739397137461495/CTS/0005,vstoi:SlotElement,pmsr:/INS1739397137461495,pmsr:/COM986d2eae69fc5432a,pmsr:/INS1739397137461495/CTS/0006,pmsr:/INS1739397137461495/CTS/0004,,0005,Low-Fidelity Mannequin Detector Slot 0005
pmsr:/INS1739397137461495/CTS/0006,vstoi:SlotElement,pmsr:/INS1739397137461495,pmsr:/COM96337511110a8ba07,pmsr:/INS1739397137461495/CTS/0007,pmsr:/INS1739397137461495/CTS/0005,,0006,Low-Fidelity Mannequin Detector Slot 0006
pmsr:/INS1739397137461495/CTS/0007,vstoi:SlotElement,pmsr:/INS1739397137461495,pmsr:/COM9f281c65dd23087a6,pmsr:/INS1739397137461495/CTS/0008,pmsr:/INS1739397137461495/CTS/0006,,0007,Low-Fidelity Mannequin Detector Slot 0007
pmsr:/INS1739397137461495/CTS/0008,vstoi:SlotElement,pmsr:/INS1739397137461495,pmsr:/COM9b60fd244446501f2,pmsr:/INS1739397137461495/CTS/0009,pmsr:/INS1739397137461495/CTS/0007,,0008,Low-Fidelity Mannequin Detector Slot 0008
pmsr:/INS1739397137461495/CTS/0009,vstoi:SlotElement,pmsr:/INS1739397137461495,pmsr:/COM90e60dc984ff6a513,,pmsr:/INS1739397137461495/CTS/0008,,0009,Low-Fidelity Mannequin Detector Slot 0009
pmsr:/INS1740143777940835/CTS/0003,vstoi:SlotElement,pmsr:/INS1740143777940835,pmsr:/COM99bd86d799fc723b7,pmsr:/INS1740143777940835/CTS/0004,pmsr:/INS1740143777940835/CTS/0002,,0003,Male Examination Mannequin Detector Slot 0003
pmsr:/INS1740143777940835/CTS/0004,vstoi:SlotElement,pmsr:/INS1740143777940835,pmsr:/COM975fa018097d73db5,pmsr:/INS1740143777940835/CTS/0005,pmsr:/INS1740143777940835/CTS/0003,,0004,Male Examination Mannequin Detector Slot 0004
pmsr:/INS1740143777940835/CTS/0005,vstoi:SlotElement,pmsr:/INS1740143777940835,pmsr:/COM9f661e66545d77586,pmsr:/INS1740143777940835/CTS/0006,pmsr:/INS1740143777940835/CTS/0004,,0005,Male Examination Mannequin Detector Slot 0005
pmsr:/INS1740143777940835/CTS/0006,vstoi:SlotElement,pmsr:/INS1740143777940835,pmsr:/COM9652d2e8682882c0d,pmsr:/INS1740143777940835/CTS/0007,pmsr:/INS1740143777940835/CTS/0005,,0006,Male Examination Mannequin Detector Slot 0006
pmsr:/INS1740143777940835/CTS/0007,vstoi:SlotElement,pmsr:/INS1740143777940835,pmsr:/COM9c24b11ec9e7455c3,pmsr:/INS1740143777940835/CTS/0008,pmsr:/INS1740143777940835/CTS/0006,,0007,Male Examination Mannequin Detector Slot 0007
pmsr:/INS1740143777940835/CTS/0008,vstoi:SlotElement,pmsr:/INS1740143777940835,pmsr:/COM923079272f497831b,pmsr:/INS1740143777940835/CTS/0009,pmsr:/INS1740143777940835/CTS/0007,,0008,Male Examination Mannequin Detector Slot 0008
pmsr:/INS1740143777940835/CTS/0009,vstoi:SlotElement,pmsr:/INS1740143777940835,pmsr:/COM915fbe643e2f4bfd0,,pmsr:/INS1740143777940835/CTS/0008,,0009,Male Examination Mannequin Detector Slot 0009
pmsr:/INS1739403078441215/CTS/0003,vstoi:SlotElement,pmsr:/INS1739403078441215,pmsr:/COM9c6cddcd7be6dfeed,pmsr:/INS1739403078441215/CTS/0004,pmsr:/INS1739403078441215/CTS/0002,,0003,Male Genitalia Catherization Simulator Detector Slot 0003
pmsr:/INS1739403078441215/CTS/0004,vstoi:SlotElement,pmsr:/INS1739403078441215,pmsr:/COM90535c42b737ab252,pmsr:/INS1739403078441215/CTS/0005,pmsr:/INS1739403078441215/CTS/0003,,0004,Male Genitalia Catherization Simulator Detector Slot 0004
pmsr:/INS1739403078441215/CTS/0005,vstoi:SlotElement,pmsr:/INS1739403078441215,pmsr:/COM925add590b39e6766,pmsr:/INS1739403078441215/CTS/0006,pmsr:/INS1739403078441215/CTS/0004,,0005,Male Genitalia Catherization Simulator Detector Slot 0005
pmsr:/INS1739403078441215/CTS/0006,vstoi:SlotElement,pmsr:/INS1739403078441215,pmsr:/COM92bc236a1eff684d6,pmsr:/INS1739403078441215/CTS/0007,pmsr:/INS1739403078441215/CTS/0005,,0006,Male Genitalia Catherization Simulator Detector Slot 0006
pmsr:/INS1739403078441215/CTS/0007,vstoi:SlotElement,pmsr:/INS1739403078441215,pmsr:/COM9fe390ee21f9c6e69,pmsr:/INS1739403078441215/CTS/0008,pmsr:/INS1739403078441215/CTS/0006,,0007,Male Genitalia Catherization Simulator Detector Slot 0007
pmsr:/INS1739403078441215/CTS/0008,vstoi:SlotElement,pmsr:/INS1739403078441215,pmsr:/COM94ff38d500c92a013,pmsr:/INS1739403078441215/CTS/0009,pmsr:/INS1739403078441215/CTS/0007,,0008,Male Genitalia Catherization Simulator Detector Slot 0008
pmsr:/INS1739403078441215/CTS/0009,vstoi:SlotElement,pmsr:/INS1739403078441215,pmsr:/COM9c29aa34108bf9ca0,,pmsr:/INS1739403078441215/CTS/0008,,0009,Male Genitalia Catherization Simulator Detector Slot 0009
pmsr:/INS1739483351917145/CTS/0003,vstoi:SlotElement,pmsr:/INS1739483351917145,pmsr:/COM9e2c34a1b1540e07a,pmsr:/INS1739483351917145/CTS/0004,pmsr:/INS1739483351917145/CTS/0002,,0003,Male Inguinal Hernia Anatomy Model Detector Slot 0003
pmsr:/INS1739483351917145/CTS/0004,vstoi:SlotElement,pmsr:/INS1739483351917145,pmsr:/COM9030f0a29291c78f5,pmsr:/INS1739483351917145/CTS/0005,pmsr:/INS1739483351917145/CTS/0003,,0004,Male Inguinal Hernia Anatomy Model Detector Slot 0004
pmsr:/INS1739483351917145/CTS/0005,vstoi:SlotElement,pmsr:/INS1739483351917145,pmsr:/COM96207a1849efc321f,pmsr:/INS1739483351917145/CTS/0006,pmsr:/INS1739483351917145/CTS/0004,,0005,Male Inguinal Hernia Anatomy Model Detector Slot 0005
pmsr:/INS1739483351917145/CTS/0006,vstoi:SlotElement,pmsr:/INS1739483351917145,pmsr:/COM9647825025161ddc9,pmsr:/INS1739483351917145/CTS/0007,pmsr:/INS1739483351917145/CTS/0005,,0006,Male Inguinal Hernia Anatomy Model Detector Slot 0006
pmsr:/INS1739483351917145/CTS/0007,vstoi:SlotElement,pmsr:/INS1739483351917145,pmsr:/COM94570ad0af3ec56bd,pmsr:/INS1739483351917145/CTS/0008,pmsr:/INS1739483351917145/CTS/0006,,0007,Male Inguinal Hernia Anatomy Model Detector Slot 0007
pmsr:/INS1739483351917145/CTS/0008,vstoi:SlotElement,pmsr:/INS1739483351917145,pmsr:/COM9b74e72176bf35abf,pmsr:/INS1739483351917145/CTS/0009,pmsr:/INS1739483351917145/CTS/0007,,0008,Male Inguinal Hernia Anatomy Model Detector Slot 0008
pmsr:/INS1739483351917145/CTS/0009,vstoi:SlotElement,pmsr:/INS1739483351917145,pmsr:/COM96b4219d46216ef7f,,pmsr:/INS1739483351917145/CTS/0008,,0009,Male Inguinal Hernia Anatomy Model Detector Slot 0009
ncit:C16830/CTS/0003,vstoi:SlotElement,ncit:C16830,pmsr:/COM909d6d9cdb98cf3b5,,ncit:C16830/CTS/0002,,0003,Medical Device Detector Slot 0003
pmsr:/INS1739287092102085/CTS/0003,vstoi:SlotElement,pmsr:/INS1739287092102085,pmsr:/COM9c87dd2ffb8889986,pmsr:/INS1739287092102085/CTS/0004,pmsr:/INS1739287092102085/CTS/0002,,0003,Medical Examination Simulators Detector Slot 0003
pmsr:/INS1739287092102085/CTS/0004,vstoi:SlotElement,pmsr:/INS1739287092102085,pmsr:/COM9dc7088e7b0c6b1d9,pmsr:/INS1739287092102085/CTS/0005,pmsr:/INS1739287092102085/CTS/0003,,0004,Medical Examination Simulators Detector Slot 0004
pmsr:/INS1739287092102085/CTS/0005,vstoi:SlotElement,pmsr:/INS1739287092102085,pmsr:/COM91841a32f2e6095c0,,pmsr:/INS1739287092102085/CTS/0004,,0005,Medical Examination Simulators Detector Slot 0005
pmsr:/INS1739301814401805/CTS/0003,vstoi:SlotElement,pmsr:/INS1739301814401805,pmsr:/COM95a10057514746c68,pmsr:/INS1739301814401805/CTS/0004,pmsr:/INS1739301814401805/CTS/0002,,0003,Medical Procedure Simulator Detector Slot 0003
pmsr:/INS1739301814401805/CTS/0004,vstoi:SlotElement,pmsr:/INS1739301814401805,pmsr:/COM9a3858475133ce3e6,pmsr:/INS1739301814401805/CTS/0005,pmsr:/INS1739301814401805/CTS/0003,,0004,Medical Procedure Simulator Detector Slot 0004
pmsr:/INS1739301814401805/CTS/0005,vstoi:SlotElement,pmsr:/INS1739301814401805,pmsr:/COM92dfde0052fb9811f,,pmsr:/INS1739301814401805/CTS/0004,,0005,Medical Procedure Simulator Detector Slot 0005
pmsr:/INS1739821032633525/CTS/0003,vstoi:SlotElement,pmsr:/INS1739821032633525,pmsr:/COM939b7da280355299e,,pmsr:/INS1739821032633525/CTS/0002,,0003,Monitoring Virtual Simulator Detector Slot 0003
pmsr:/INS1739400689838665/CTS/0003,vstoi:SlotElement,pmsr:/INS1739400689838665,pmsr:/COM932d3ecab37a459ac,pmsr:/INS1739400689838665/CTS/0004,pmsr:/INS1739400689838665/CTS/0002,,0003,Nursing Care Simulator Detector Slot 0003
pmsr:/INS1739400689838665/CTS/0004,vstoi:SlotElement,pmsr:/INS1739400689838665,pmsr:/COM939f9f89f000ddfd0,pmsr:/INS1739400689838665/CTS/0005,pmsr:/INS1739400689838665/CTS/0003,,0004,Nursing Care Simulator Detector Slot 0004
pmsr:/INS1739400689838665/CTS/0005,vstoi:SlotElement,pmsr:/INS1739400689838665,pmsr:/COM971ad1ad47c81e65e,,pmsr:/INS1739400689838665/CTS/0004,,0005,Nursing Care Simulator Detector Slot 0005
pmsr:/INS1740143878244085/CTS/0003,vstoi:SlotElement,pmsr:/INS1740143878244085,pmsr:/COM9211bdcfaf513cb3f,pmsr:/INS1740143878244085/CTS/0004,pmsr:/INS1740143878244085/CTS/0002,,0003,Obstetric Simulator Detector Slot 0003
pmsr:/INS1740143878244085/CTS/0004,vstoi:SlotElement,pmsr:/INS1740143878244085,pmsr:/COM9e04a1dac669f072d,pmsr:/INS1740143878244085/CTS/0005,pmsr:/INS1740143878244085/CTS/0003,,0004,Obstetric Simulator Detector Slot 0004
pmsr:/INS1740143878244085/CTS/0005,vstoi:SlotElement,pmsr:/INS1740143878244085,pmsr:/COM925a48e7dda68b904,,pmsr:/INS1740143878244085/CTS/0004,,0005,Obstetric Simulator Detector Slot 0005
pmsr:/INS1739303333850795/CTS/0003,vstoi:SlotElement,pmsr:/INS1739303333850795,pmsr:/COM90e709ed6a7da646e,pmsr:/INS1739303333850795/CTS/0004,pmsr:/INS1739303333850795/CTS/0002,,0003,Oncology Care Simulator Detector Slot 0003
pmsr:/INS1739303333850795/CTS/0004,vstoi:SlotElement,pmsr:/INS1739303333850795,pmsr:/COM93b9e9e42e8ce92e6,pmsr:/INS1739303333850795/CTS/0005,pmsr:/INS1739303333850795/CTS/0003,,0004,Oncology Care Simulator Detector Slot 0004
pmsr:/INS1739303333850795/CTS/0005,vstoi:SlotElement,pmsr:/INS1739303333850795,pmsr:/COM9c53e672a8d78deb3,,pmsr:/INS1739303333850795/CTS/0004,,0005,Oncology Care Simulator Detector Slot 0005
pmsr:/INS1740087575777435/CTS/0003,vstoi:SlotElement,pmsr:/INS1740087575777435,pmsr:/COM9b822a8dca43f7a28,,pmsr:/INS1740087575777435/CTS/0002,,0003,Patient Monitor Simulator Detector Slot 0003
pmsr:/INS1739403291912375/CTS/0003,vstoi:SlotElement,pmsr:/INS1739403291912375,pmsr:/COM97c89c9d2cde68631,pmsr:/INS1739403291912375/CTS/0004,pmsr:/INS1739403291912375/CTS/0002,,0003,Penis Foreskin Cleaning Simulator Detector Slot 0003
pmsr:/INS1739403291912375/CTS/0004,vstoi:SlotElement,pmsr:/INS1739403291912375,pmsr:/COM918a05fc72c184182,pmsr:/INS1739403291912375/CTS/0005,pmsr:/INS1739403291912375/CTS/0003,,0004,Penis Foreskin Cleaning Simulator Detector Slot 0004
pmsr:/INS1739403291912375/CTS/0005,vstoi:SlotElement,pmsr:/INS1739403291912375,pmsr:/COM999e6b74ad426b84a,,pmsr:/INS1739403291912375/CTS/0004,,0005,Penis Foreskin Cleaning Simulator Detector Slot 0005
pmsr:PhysicalMedicalDevice/CTS/0003,vstoi:SlotElement,pmsr:PhysicalMedicalDevice,pmsr:/COM9a4199a3313088feb,,pmsr:PhysicalMedicalDevice/CTS/0002,,0003,Physical Medical Device Detector Slot 0003
pmsr:PhysicalMedicalSimulator/CTS/0003,vstoi:SlotElement,pmsr:PhysicalMedicalSimulator,pmsr:/COM9b741683b72ff4fa2,pmsr:PhysicalMedicalSimulator/CTS/0004,pmsr:PhysicalMedicalSimulator/CTS/0002,,0003,Physical Medical Simulator Detector Slot 0003
pmsr:PhysicalMedicalSimulator/CTS/0004,vstoi:SlotElement,pmsr:PhysicalMedicalSimulator,pmsr:/COM95c4a75e30c75e1aa,pmsr:PhysicalMedicalSimulator/CTS/0005,pmsr:PhysicalMedicalSimulator/CTS/0003,,0004,Physical Medical Simulator Detector Slot 0004
pmsr:PhysicalMedicalSimulator/CTS/0005,vstoi:SlotElement,pmsr:PhysicalMedicalSimulator,pmsr:/COM923ddc02274376cdc,,pmsr:PhysicalMedicalSimulator/CTS/0004,,0005,Physical Medical Simulator Detector Slot 0005
pmsr:/INS1740087239872215/CTS/0003,vstoi:SlotElement,pmsr:/INS1740087239872215,pmsr:/COM9f99b2da1d59bd55b,pmsr:/INS1740087239872215/CTS/0004,pmsr:/INS1740087239872215/CTS/0002,,0003,Physiology Simulator Detector Slot 0003
pmsr:/INS1740087239872215/CTS/0004,vstoi:SlotElement,pmsr:/INS1740087239872215,pmsr:/COM9a9a6e9a8710e2cb9,pmsr:/INS1740087239872215/CTS/0005,pmsr:/INS1740087239872215/CTS/0003,,0004,Physiology Simulator Detector Slot 0004
pmsr:/INS1740087239872215/CTS/0005,vstoi:SlotElement,pmsr:/INS1740087239872215,pmsr:/COM9e7c6cc62336d18c6,pmsr:/INS1740087239872215/CTS/0006,pmsr:/INS1740087239872215/CTS/0004,,0005,Physiology Simulator Detector Slot 0005
pmsr:/INS1740087239872215/CTS/0006,vstoi:SlotElement,pmsr:/INS1740087239872215,pmsr:/COM957cf3d8474c588fd,pmsr:/INS1740087239872215/CTS/0007,pmsr:/INS1740087239872215/CTS/0005,,0006,Physiology Simulator Detector Slot 0006
pmsr:/INS1740087239872215/CTS/0007,vstoi:SlotElement,pmsr:/INS1740087239872215,pmsr:/COM9c759747a6ba22969,pmsr:/INS1740087239872215/CTS/0008,pmsr:/INS1740087239872215/CTS/0006,,0007,Physiology Simulator Detector Slot 0007
pmsr:/INS1740087239872215/CTS/0008,vstoi:SlotElement,pmsr:/INS1740087239872215,pmsr:/COM938d35794baf4ab2b,pmsr:/INS1740087239872215/CTS/0009,pmsr:/INS1740087239872215/CTS/0007,,0008,Physiology Simulator Detector Slot 0008
pmsr:/INS1740087239872215/CTS/0009,vstoi:SlotElement,pmsr:/INS1740087239872215,pmsr:/COM941813946dd51cd70,,pmsr:/INS1740087239872215/CTS/0008,,0009,Physiology Simulator Detector Slot 0009
pmsr:/INS1739453043505715/CTS/0003,vstoi:SlotElement,pmsr:/INS1739453043505715,pmsr:/COM9a9d0c914b9c1e390,pmsr:/INS1739453043505715/CTS/0004,pmsr:/INS1739453043505715/CTS/0002,,0003,Pitting Edema Simulator Detector Slot 0003
pmsr:/INS1739453043505715/CTS/0004,vstoi:SlotElement,pmsr:/INS1739453043505715,pmsr:/COM9869a4fef13b85b62,pmsr:/INS1739453043505715/CTS/0005,pmsr:/INS1739453043505715/CTS/0003,,0004,Pitting Edema Simulator Detector Slot 0004
pmsr:/INS1739453043505715/CTS/0005,vstoi:SlotElement,pmsr:/INS1739453043505715,pmsr:/COM9920ff090bcb5fc27,pmsr:/INS1739453043505715/CTS/0006,pmsr:/INS1739453043505715/CTS/0004,,0005,Pitting Edema Simulator Detector Slot 0005
pmsr:/INS1739453043505715/CTS/0006,vstoi:SlotElement,pmsr:/INS1739453043505715,pmsr:/COM9cc2d79d9495e4c88,pmsr:/INS1739453043505715/CTS/0007,pmsr:/INS1739453043505715/CTS/0005,,0006,Pitting Edema Simulator Detector Slot 0006
pmsr:/INS1739453043505715/CTS/0007,vstoi:SlotElement,pmsr:/INS1739453043505715,pmsr:/COM9c3a174fdf7597f7e,pmsr:/INS1739453043505715/CTS/0008,pmsr:/INS1739453043505715/CTS/0006,,0007,Pitting Edema Simulator Detector Slot 0007
pmsr:/INS1739453043505715/CTS/0008,vstoi:SlotElement,pmsr:/INS1739453043505715,pmsr:/COM9969e8e13de7fc6ab,pmsr:/INS1739453043505715/CTS/0009,pmsr:/INS1739453043505715/CTS/0007,,0008,Pitting Edema Simulator Detector Slot 0008
pmsr:/INS1739453043505715/CTS/0009,vstoi:SlotElement,pmsr:/INS1739453043505715,pmsr:/COM9cbb5fd1cf5e3d7d0,,pmsr:/INS1739453043505715/CTS/0008,,0009,Pitting Edema Simulator Detector Slot 0009
pmsr:/INS1739288566447555/CTS/0003,vstoi:SlotElement,pmsr:/INS1739288566447555,pmsr:/COM975afe54717c43b69,,pmsr:/INS1739288566447555/CTS/0002,,0003,Portable Ultrasound Detector Slot 0003
pmsr:/INS1739392122823235/CTS/0003,vstoi:SlotElement,pmsr:/INS1739392122823235,pmsr:/COM91c57557a339ede98,pmsr:/INS1739392122823235/CTS/0004,pmsr:/INS1739392122823235/CTS/0002,,0003,Procedure Simulator Detector Slot 0003
pmsr:/INS1739392122823235/CTS/0004,vstoi:SlotElement,pmsr:/INS1739392122823235,pmsr:/COM95604e122a9877b59,pmsr:/INS1739392122823235/CTS/0005,pmsr:/INS1739392122823235/CTS/0003,,0004,Procedure Simulator Detector Slot 0004
pmsr:/INS1739392122823235/CTS/0005,vstoi:SlotElement,pmsr:/INS1739392122823235,pmsr:/COM910d7dc56987bb508,,pmsr:/INS1739392122823235/CTS/0004,,0005,Procedure Simulator Detector Slot 0005
pmsr:/INS1739482671461295/CTS/0003,vstoi:SlotElement,pmsr:/INS1739482671461295,pmsr:/COM942bf8e4896b84caa,pmsr:/INS1739482671461295/CTS/0004,pmsr:/INS1739482671461295/CTS/0002,,0003,Prostate Model Detector Slot 0003
pmsr:/INS1739482671461295/CTS/0004,vstoi:SlotElement,pmsr:/INS1739482671461295,pmsr:/COM91c7e3ff99239f637,pmsr:/INS1739482671461295/CTS/0005,pmsr:/INS1739482671461295/CTS/0003,,0004,Prostate Model Detector Slot 0004
pmsr:/INS1739482671461295/CTS/0005,vstoi:SlotElement,pmsr:/INS1739482671461295,pmsr:/COM9c9ff8d56f8d7cbdd,pmsr:/INS1739482671461295/CTS/0006,pmsr:/INS1739482671461295/CTS/0004,,0005,Prostate Model Detector Slot 0005
pmsr:/INS1739482671461295/CTS/0006,vstoi:SlotElement,pmsr:/INS1739482671461295,pmsr:/COM99b366402d63f7fa5,pmsr:/INS1739482671461295/CTS/0007,pmsr:/INS1739482671461295/CTS/0005,,0006,Prostate Model Detector Slot 0006
pmsr:/INS1739482671461295/CTS/0007,vstoi:SlotElement,pmsr:/INS1739482671461295,pmsr:/COM9541cc6c9e3e47ee6,pmsr:/INS1739482671461295/CTS/0008,pmsr:/INS1739482671461295/CTS/0006,,0007,Prostate Model Detector Slot 0007
pmsr:/INS1739482671461295/CTS/0008,vstoi:SlotElement,pmsr:/INS1739482671461295,pmsr:/COM9571e850a06f3d647,pmsr:/INS1739482671461295/CTS/0009,pmsr:/INS1739482671461295/CTS/0007,,0008,Prostate Model Detector Slot 0008
pmsr:/INS1739482671461295/CTS/0009,vstoi:SlotElement,pmsr:/INS1739482671461295,pmsr:/COM98f3ff67643f45204,,pmsr:/INS1739482671461295/CTS/0008,,0009,Prostate Model Detector Slot 0009
pmsr:/INS1739287640585765/CTS/0003,vstoi:SlotElement,pmsr:/INS1739287640585765,pmsr:/COM91180336174bbf453,pmsr:/INS1739287640585765/CTS/0004,pmsr:/INS1739287640585765/CTS/0002,,0003,Rectal Examination Simulator Detector Slot 0003
pmsr:/INS1739287640585765/CTS/0004,vstoi:SlotElement,pmsr:/INS1739287640585765,pmsr:/COM96cc002757e56c4f0,pmsr:/INS1739287640585765/CTS/0005,pmsr:/INS1739287640585765/CTS/0003,,0004,Rectal Examination Simulator Detector Slot 0004
pmsr:/INS1739287640585765/CTS/0005,vstoi:SlotElement,pmsr:/INS1739287640585765,pmsr:/COM98b4114bfe542f34f,pmsr:/INS1739287640585765/CTS/0006,pmsr:/INS1739287640585765/CTS/0004,,0005,Rectal Examination Simulator Detector Slot 0005
pmsr:/INS1739287640585765/CTS/0006,vstoi:SlotElement,pmsr:/INS1739287640585765,pmsr:/COM9b0f7b6492897059a,pmsr:/INS1739287640585765/CTS/0007,pmsr:/INS1739287640585765/CTS/0005,,0006,Rectal Examination Simulator Detector Slot 0006
pmsr:/INS1739287640585765/CTS/0007,vstoi:SlotElement,pmsr:/INS1739287640585765,pmsr:/COM926231690af4490a4,pmsr:/INS1739287640585765/CTS/0008,pmsr:/INS1739287640585765/CTS/0006,,0007,Rectal Examination Simulator Detector Slot 0007
pmsr:/INS1739287640585765/CTS/0008,vstoi:SlotElement,pmsr:/INS1739287640585765,pmsr:/COM9ffe27a9e36b56690,pmsr:/INS1739287640585765/CTS/0009,pmsr:/INS1739287640585765/CTS/0007,,0008,Rectal Examination Simulator Detector Slot 0008
pmsr:/INS1739287640585765/CTS/0009,vstoi:SlotElement,pmsr:/INS1739287640585765,pmsr:/COM9b0a625fabd3fd029,,pmsr:/INS1739287640585765/CTS/0008,,0009,Rectal Examination Simulator Detector Slot 0009
pmsr:/INS1739402477829135/CTS/0003,vstoi:SlotElement,pmsr:/INS1739402477829135,pmsr:/COM9a57fbd9dc7e5f714,pmsr:/INS1739402477829135/CTS/0004,pmsr:/INS1739402477829135/CTS/0002,,0003,Rectal Medicine Administration Simulator Detector Slot 0003
pmsr:/INS1739402477829135/CTS/0004,vstoi:SlotElement,pmsr:/INS1739402477829135,pmsr:/COM96f52833f2533fe79,pmsr:/INS1739402477829135/CTS/0005,pmsr:/INS1739402477829135/CTS/0003,,0004,Rectal Medicine Administration Simulator Detector Slot 0004
pmsr:/INS1739402477829135/CTS/0005,vstoi:SlotElement,pmsr:/INS1739402477829135,pmsr:/COM91c22e7c1293ba759,pmsr:/INS1739402477829135/CTS/0006,pmsr:/INS1739402477829135/CTS/0004,,0005,Rectal Medicine Administration Simulator Detector Slot 0005
pmsr:/INS1739402477829135/CTS/0006,vstoi:SlotElement,pmsr:/INS1739402477829135,pmsr:/COM98d1a2dc5f00f99d6,pmsr:/INS1739402477829135/CTS/0007,pmsr:/INS1739402477829135/CTS/0005,,0006,Rectal Medicine Administration Simulator Detector Slot 0006
pmsr:/INS1739402477829135/CTS/0007,vstoi:SlotElement,pmsr:/INS1739402477829135,pmsr:/COM97ada8062e60b4897,pmsr:/INS1739402477829135/CTS/0008,pmsr:/INS1739402477829135/CTS/0006,,0007,Rectal Medicine Administration Simulator Detector Slot 0007
pmsr:/INS1739402477829135/CTS/0008,vstoi:SlotElement,pmsr:/INS1739402477829135,pmsr:/COM9a4ee6fd9055b152a,pmsr:/INS1739402477829135/CTS/0009,pmsr:/INS1739402477829135/CTS/0007,,0008,Rectal Medicine Administration Simulator Detector Slot 0008
pmsr:/INS1739402477829135/CTS/0009,vstoi:SlotElement,pmsr:/INS1739402477829135,pmsr:/COM959faf819b96a63f8,,pmsr:/INS1739402477829135/CTS/0008,,0009,Rectal Medicine Administration Simulator Detector Slot 0009
pmsr:/INS1739392275798255/CTS/0003,vstoi:SlotElement,pmsr:/INS1739392275798255,pmsr:/COM9960da7692e99bb20,pmsr:/INS1739392275798255/CTS/0004,pmsr:/INS1739392275798255/CTS/0002,,0003,ResusciAnne DAE Simulator Detector Slot 0003
pmsr:/INS1739392275798255/CTS/0004,vstoi:SlotElement,pmsr:/INS1739392275798255,pmsr:/COM9d7d66aa366c4f494,pmsr:/INS1739392275798255/CTS/0005,pmsr:/INS1739392275798255/CTS/0003,,0004,ResusciAnne DAE Simulator Detector Slot 0004
pmsr:/INS1739392275798255/CTS/0005,vstoi:SlotElement,pmsr:/INS1739392275798255,pmsr:/COM978fc96aff163d1e0,pmsr:/INS1739392275798255/CTS/0006,pmsr:/INS1739392275798255/CTS/0004,,0005,ResusciAnne DAE Simulator Detector Slot 0005
pmsr:/INS1739392275798255/CTS/0006,vstoi:SlotElement,pmsr:/INS1739392275798255,pmsr:/COM9caaedbf5138894bd,pmsr:/INS1739392275798255/CTS/0007,pmsr:/INS1739392275798255/CTS/0005,,0006,ResusciAnne DAE Simulator Detector Slot 0006
pmsr:/INS1739392275798255/CTS/0007,vstoi:SlotElement,pmsr:/INS1739392275798255,pmsr:/COM9816d24c0c74717d4,pmsr:/INS1739392275798255/CTS/0008,pmsr:/INS1739392275798255/CTS/0006,,0007,ResusciAnne DAE Simulator Detector Slot 0007
pmsr:/INS1739392275798255/CTS/0008,vstoi:SlotElement,pmsr:/INS1739392275798255,pmsr:/COM982078f1834da2585,pmsr:/INS1739392275798255/CTS/0009,pmsr:/INS1739392275798255/CTS/0007,,0008,ResusciAnne DAE Simulator Detector Slot 0008
pmsr:/INS1739392275798255/CTS/0009,vstoi:SlotElement,pmsr:/INS1739392275798255,pmsr:/COM9d29656bc6a4d0a1a,,pmsr:/INS1739392275798255/CTS/0008,,0009,ResusciAnne DAE Simulator Detector Slot 0009
pmsr:/INS1739452868256965/CTS/0003,vstoi:SlotElement,pmsr:/INS1739452868256965,pmsr:/COM9619086d7bbcc9226,pmsr:/INS1739452868256965/CTS/0004,pmsr:/INS1739452868256965/CTS/0002,,0003,SimSleeves Lymphedema Simulator Detector Slot 0003
pmsr:/INS1739452868256965/CTS/0004,vstoi:SlotElement,pmsr:/INS1739452868256965,pmsr:/COM99a70c66f3516daf8,pmsr:/INS1739452868256965/CTS/0005,pmsr:/INS1739452868256965/CTS/0003,,0004,SimSleeves Lymphedema Simulator Detector Slot 0004
pmsr:/INS1739452868256965/CTS/0005,vstoi:SlotElement,pmsr:/INS1739452868256965,pmsr:/COM91cf267dc92161336,pmsr:/INS1739452868256965/CTS/0006,pmsr:/INS1739452868256965/CTS/0004,,0005,SimSleeves Lymphedema Simulator Detector Slot 0005
pmsr:/INS1739452868256965/CTS/0006,vstoi:SlotElement,pmsr:/INS1739452868256965,pmsr:/COM9f5958f6ad98f1a7c,pmsr:/INS1739452868256965/CTS/0007,pmsr:/INS1739452868256965/CTS/0005,,0006,SimSleeves Lymphedema Simulator Detector Slot 0006
pmsr:/INS1739452868256965/CTS/0007,vstoi:SlotElement,pmsr:/INS1739452868256965,pmsr:/COM9d8c291695893b5e6,pmsr:/INS1739452868256965/CTS/0008,pmsr:/INS1739452868256965/CTS/0006,,0007,SimSleeves Lymphedema Simulator Detector Slot 0007
pmsr:/INS1739452868256965/CTS/0008,vstoi:SlotElement,pmsr:/INS1739452868256965,pmsr:/COM9cfc99b1c5027da1a,pmsr:/INS1739452868256965/CTS/0009,pmsr:/INS1739452868256965/CTS/0007,,0008,SimSleeves Lymphedema Simulator Detector Slot 0008
pmsr:/INS1739452868256965/CTS/0009,vstoi:SlotElement,pmsr:/INS1739452868256965,pmsr:/COM97edd30ae5b4d72f6,,pmsr:/INS1739452868256965/CTS/0008,,0009,SimSleeves Lymphedema Simulator Detector Slot 0009
pmsr:/INS1739452783104705/CTS/0003,vstoi:SlotElement,pmsr:/INS1739452783104705,pmsr:/COM9a01236aef7b529fc,pmsr:/INS1739452783104705/CTS/0004,pmsr:/INS1739452783104705/CTS/0002,,0003,Skin Care Procedure Simulator Detector Slot 0003
pmsr:/INS1739452783104705/CTS/0004,vstoi:SlotElement,pmsr:/INS1739452783104705,pmsr:/COM91894acc6f27faaa5,pmsr:/INS1739452783104705/CTS/0005,pmsr:/INS1739452783104705/CTS/0003,,0004,Skin Care Procedure Simulator Detector Slot 0004
pmsr:/INS1739452783104705/CTS/0005,vstoi:SlotElement,pmsr:/INS1739452783104705,pmsr:/COM90337644b97730531,,pmsr:/INS1739452783104705/CTS/0004,,0005,Skin Care Procedure Simulator Detector Slot 0005
pmsr:/INS1739401836683455/CTS/0003,vstoi:SlotElement,pmsr:/INS1739401836683455,pmsr:/COM9c287c422efac4ec7,pmsr:/INS1739401836683455/CTS/0004,pmsr:/INS1739401836683455/CTS/0002,,0003,Stomach Bag Maintenance Simulator Detector Slot 0003
pmsr:/INS1739401836683455/CTS/0004,vstoi:SlotElement,pmsr:/INS1739401836683455,pmsr:/COM9e085978ccb06b563,pmsr:/INS1739401836683455/CTS/0005,pmsr:/INS1739401836683455/CTS/0003,,0004,Stomach Bag Maintenance Simulator Detector Slot 0004
pmsr:/INS1739401836683455/CTS/0005,vstoi:SlotElement,pmsr:/INS1739401836683455,pmsr:/COM955935d04dca458a5,,pmsr:/INS1739401836683455/CTS/0004,,0005,Stomach Bag Maintenance Simulator Detector Slot 0005
pmsr:/INS1739301891301765/CTS/0003,vstoi:SlotElement,pmsr:/INS1739301891301765,pmsr:/COM9890c704291e28d1f,pmsr:/INS1739301891301765/CTS/0004,pmsr:/INS1739301891301765/CTS/0002,,0003,Suture Simulator Detector Slot 0003
pmsr:/INS1739301891301765/CTS/0004,vstoi:SlotElement,pmsr:/INS1739301891301765,pmsr:/COM959ccc3368e3f5620,pmsr:/INS1739301891301765/CTS/0005,pmsr:/INS1739301891301765/CTS/0003,,0004,Suture Simulator Detector Slot 0004
pmsr:/INS1739301891301765/CTS/0005,vstoi:SlotElement,pmsr:/INS1739301891301765,pmsr:/COM9345ec3757a135c9d,,pmsr:/INS1739301891301765/CTS/0004,,0005,Suture Simulator Detector Slot 0005
pmsr:/INS1739288428472235/CTS/0003,vstoi:SlotElement,pmsr:/INS1739288428472235,pmsr:/COM9588e6e7b70b89a74,,pmsr:/INS1739288428472235/CTS/0002,,0003,Ultrasound Detector Slot 0003
pmsr:/INS1739401657491675/CTS/0003,vstoi:SlotElement,pmsr:/INS1739401657491675,pmsr:/COM9426af93ae62fab70,pmsr:/INS1739401657491675/CTS/0004,pmsr:/INS1739401657491675/CTS/0002,,0003,Urine Bag Maintenance Simulator Detector Slot 0003
pmsr:/INS1739401657491675/CTS/0004,vstoi:SlotElement,pmsr:/INS1739401657491675,pmsr:/COM980e56f22300513df,pmsr:/INS1739401657491675/CTS/0005,pmsr:/INS1739401657491675/CTS/0003,,0004,Urine Bag Maintenance Simulator Detector Slot 0004
pmsr:/INS1739401657491675/CTS/0005,vstoi:SlotElement,pmsr:/INS1739401657491675,pmsr:/COM96422618712037a36,,pmsr:/INS1739401657491675/CTS/0004,,0005,Urine Bag Maintenance Simulator Detector Slot 0005
pmsr:/INS1739402585415785/CTS/0003,vstoi:SlotElement,pmsr:/INS1739402585415785,pmsr:/COM966811d1a69c6d18e,pmsr:/INS1739402585415785/CTS/0004,pmsr:/INS1739402585415785/CTS/0002,,0003,Vaginal Medicine Administration Simulator Detector Slot 0003
pmsr:/INS1739402585415785/CTS/0004,vstoi:SlotElement,pmsr:/INS1739402585415785,pmsr:/COM998c1e25534301edf,pmsr:/INS1739402585415785/CTS/0005,pmsr:/INS1739402585415785/CTS/0003,,0004,Vaginal Medicine Administration Simulator Detector Slot 0004
pmsr:/INS1739402585415785/CTS/0005,vstoi:SlotElement,pmsr:/INS1739402585415785,pmsr:/COM92c9f95202c7e7c2b,,pmsr:/INS1739402585415785/CTS/0004,,0005,Vaginal Medicine Administration Simulator Detector Slot 0005
pmsr:/INS1739302175458785/CTS/0003,vstoi:SlotElement,pmsr:/INS1739302175458785,pmsr:/COM9f6f9ae07599d51ff,pmsr:/INS1739302175458785/CTS/0004,pmsr:/INS1739302175458785/CTS/0002,,0003,Vascular Access Simulator Detector Slot 0003
pmsr:/INS1739302175458785/CTS/0004,vstoi:SlotElement,pmsr:/INS1739302175458785,pmsr:/COM9a1ebe275b2fdc00c,pmsr:/INS1739302175458785/CTS/0005,pmsr:/INS1739302175458785/CTS/0003,,0004,Vascular Access Simulator Detector Slot 0004
pmsr:/INS1739302175458785/CTS/0005,vstoi:SlotElement,pmsr:/INS1739302175458785,pmsr:/COM98c0899e98cf33fab,,pmsr:/INS1739302175458785/CTS/0004,,0005,Vascular Access Simulator Detector Slot 0005
pmsr:/INS1739288297796655/CTS/0003,vstoi:SlotElement,pmsr:/INS1739288297796655,pmsr:/COM926891c43f0462ad6,,pmsr:/INS1739288297796655/CTS/0002,,0003,Vascular Access Ultrasound Simulator Detector Slot 0003
pmsr:/INS1739303008518495/CTS/0003,vstoi:SlotElement,pmsr:/INS1739303008518495,pmsr:/COM96138da5794e7bc8b,pmsr:/INS1739303008518495/CTS/0004,pmsr:/INS1739303008518495/CTS/0002,,0003,Ventilator Care Simulator Detector Slot 0003
pmsr:/INS1739303008518495/CTS/0004,vstoi:SlotElement,pmsr:/INS1739303008518495,pmsr:/COM95ba0875fb0e99ffa,pmsr:/INS1739303008518495/CTS/0005,pmsr:/INS1739303008518495/CTS/0003,,0004,Ventilator Care Simulator Detector Slot 0004
pmsr:/INS1739303008518495/CTS/0005,vstoi:SlotElement,pmsr:/INS1739303008518495,pmsr:/COM9b55943467355f1e1,,pmsr:/INS1739303008518495/CTS/0004,,0005,Ventilator Care Simulator Detector Slot 0005
