hasURI,hasco:hascoType,rdf:type,rdfs:label,vstoi:hasComponentStem,vstoi:hasCodebook,vstoi:isAttributeOf,hasco:hasWebDocument
pmsr:/COM9ffcd363eade12c3c,vstoi:Component,pmsr:/CSM9c414dfc717b9601e,Airway Simulator Airway Pressure Detector,pmsr:/CSM9c414dfc717b9601e,pmsr:/CBK1786054978465925000,pmsr:/INS1739398437257165,https://limbsandthings.com/us/support/
pmsr:/COM950b3d31e301fbc7e,vstoi:Component,pmsr:/CSM992d81c386989d7dc,Airway Simulator Pulse Rate Detector,pmsr:/CSM992d81c386989d7dc,pmsr:/CBK1786054978465925000,pmsr:/INS1739398437257165,https://limbsandthings.com/us/support/
pmsr:/COM935fb928072e9f557,vstoi:Component,pmsr:/CSM92fcfbc2c169e7fcd,Airway Simulator Applied Force Detector,pmsr:/CSM92fcfbc2c169e7fcd,pmsr:/CBK1786054978465925000,pmsr:/INS1739398437257165,https://limbsandthings.com/us/support/
pmsr:/COM9b96fa46ed907be02,vstoi:Component,pmsr:/CSM9de4ab93ad5c6ee64,Anatomage Clinical Table Probe Contact Detector,pmsr:/CSM9de4ab93ad5c6ee64,pmsr:/CBK1786054978465925000,pmsr:/INS1739819782231595,https://www.inacsl.org/healthcare-simulation-standards/
pmsr:/COM987ce09a3861ae599,vstoi:Component,pmsr:/CSM9be87c7647c0e9873,Anatomage Large Table Probe Contact Detector,pmsr:/CSM9be87c7647c0e9873,pmsr:/CBK1786054978465925000,pmsr:/INS1739819116467195,https://www.inacsl.org/healthcare-simulation-standards/
pmsr:/COM93b460eb853377780,vstoi:Component,pmsr:/CSM91ea9b0de3b837582,Anatomage Science Table Probe Contact Detector,pmsr:/CSM91ea9b0de3b837582,pmsr:/CBK1786054978465925000,pmsr:/INS1739819955334025,https://www.inacsl.org/healthcare-simulation-standards/
pmsr:/COM98361c610186e70fe,vstoi:Component,pmsr:/CSM9200668759cbaf1c2,Anatomage Small Tablet Probe Contact Detector,pmsr:/CSM9200668759cbaf1c2,pmsr:/CBK1786054978465925000,pmsr:/INS1739819599670195,https://www.inacsl.org/healthcare-simulation-standards/
pmsr:/COM9b2164f02cfa26970,vstoi:Component,pmsr:/CSM9641bcbc4968524aa,Anatomage Table Simulator Probe Contact Detector,pmsr:/CSM9641bcbc4968524aa,pmsr:/CBK1786054978465925000,pmsr:/INS1739452063713965,https://www.inacsl.org/healthcare-simulation-standards/
pmsr:/COM9ef54393e0e02c625,vstoi:Component,pmsr:/CSM91e7a747282590b1d,Anatomage Vet Table Probe Contact Detector,pmsr:/CSM91e7a747282590b1d,pmsr:/CBK1786054978465925000,pmsr:/INS1739819868350395,https://www.inacsl.org/healthcare-simulation-standards/
pmsr:/COM9f61abd8c7ab5a3f6,vstoi:Component,pmsr:/CSM9fc9ee023f5a19edc,ARTEC LEO Scanner Probe Contact Detector,pmsr:/CSM9fc9ee023f5a19edc,pmsr:/CBK1786054978465925000,pmsr:/INS1739301009974715,https://support.3shape.com/
pmsr:/COM9fec4dacf65a9e965,vstoi:Component,pmsr:/CSM9d220c5adb12ec30e,Automated External Defibrilator Pulse Rate Detector,pmsr:/CSM9d220c5adb12ec30e,pmsr:/CBK1786054978465925000,pmsr:/INS1739301317613705,https://laerdal.com/us/products/simulation-training/
pmsr:/COM965a74fbb908db6bf,vstoi:Component,pmsr:/CSM9a8a78fad10b0006c,Automated External Defibrilator Airway Pressure Detector,pmsr:/CSM9a8a78fad10b0006c,pmsr:/CBK1786054978465925000,pmsr:/INS1739301317613705,https://laerdal.com/us/products/simulation-training/
pmsr:/COM9beda1497dabc50eb,vstoi:Component,pmsr:/CSM96b1c40cbd945a79a,Automated External Defibrilator Applied Force Detector,pmsr:/CSM96b1c40cbd945a79a,pmsr:/CBK1786054978465925000,pmsr:/INS1739301317613705,https://laerdal.com/us/products/simulation-training/
pmsr:/COM94ecc82cd49e57b32,vstoi:Component,pmsr:/CSM9a73c6d40dc645982,Blood Pressure Measurement Simulator Applied Force Detector,pmsr:/CSM9a73c6d40dc645982,pmsr:/CBK1786054978465925000,pmsr:/INS1739402230863265,https://www.iso.org/standard/72704.html
pmsr:/COM9987750264b800ee8,vstoi:Component,pmsr:/CSM95024d8c436e90342,Blood Pressure Measurement Simulator Airway Pressure Detector,pmsr:/CSM95024d8c436e90342,pmsr:/CBK1786054978465925000,pmsr:/INS1739402230863265,https://www.iso.org/standard/72704.html
pmsr:/COM9936c34ad2f82b371,vstoi:Component,pmsr:/CSM9d498117296650fd4,Blood Pressure Measurement Simulator Pulse Rate Detector,pmsr:/CSM9d498117296650fd4,pmsr:/CBK1786054978465925000,pmsr:/INS1739402230863265,https://www.iso.org/standard/72704.html
pmsr:/COM9d590f9452bcb0744,vstoi:Component,pmsr:/CSM956a09acce37c00df,Butterfly IQ+ Probe Contact Detector,pmsr:/CSM956a09acce37c00df,pmsr:/CBK1786054978465925000,pmsr:/INS1739288625580975,https://support.butterflynetwork.com/hc/en-us
pmsr:/COM965212c49f08f1118,vstoi:Component,pmsr:/CSM9d2cd2e0e3164e3dc,Butterfly Ultrasound Probes Probe Contact Detector,pmsr:/CSM9d2cd2e0e3164e3dc,pmsr:/CBK1786054978465925000,pmsr:/INS1739288691415495,https://www.chison.com/handheld-ultrasound/
pmsr:/COM9e7fb0e4387c73762,vstoi:Component,pmsr:/CSM9e1a69de49a265f82,CAD-CAM System Interaction Event Detector,pmsr:/CSM9e1a69de49a265f82,pmsr:/CBK1786054978465925000,pmsr:/INS1739301189412025,https://support.3shape.com/
pmsr:/COM91d2e9200b0d09c7d,vstoi:Component,pmsr:/CSM96b31842bce5dcdb2,Cancer Patient Simulator Interaction Event Detector,pmsr:/CSM96b31842bce5dcdb2,pmsr:/CBK1786054978465925000,pmsr:/INS1739820624939265,https://www.iso.org/standard/72704.html
pmsr:/COM9b563d4fdffc071c7,vstoi:Component,pmsr:/CSM90815dc96432f96da,Cancer Patient Simulator Airway Pressure Detector,pmsr:/CSM90815dc96432f96da,pmsr:/CBK1786054978465925000,pmsr:/INS1739820624939265,https://www.iso.org/standard/72704.html
pmsr:/COM96888ab9d556e9f96,vstoi:Component,pmsr:/CSM9bfbefb4029562be2,Cancer Patient Simulator Pulse Rate Detector,pmsr:/CSM9bfbefb4029562be2,pmsr:/CBK1786054978465925000,pmsr:/INS1739820624939265,https://www.iso.org/standard/72704.html
pmsr:/COM97cd9420027aeda3a,vstoi:Component,pmsr:/CSM986f6f2fcca772e17,Cancer Patient Simulator Interaction Event Detector,pmsr:/CSM986f6f2fcca772e17,pmsr:/CBK1786054978465925000,pmsr:/INS1739879206550705,https://www.iso.org/standard/72704.html
pmsr:/COM9600435be332b85c5,vstoi:Component,pmsr:/CSM9c7164c6501a2f221,Cancer Patient Simulator Airway Pressure Detector,pmsr:/CSM9c7164c6501a2f221,pmsr:/CBK1786054978465925000,pmsr:/INS1739879206550705,https://www.iso.org/standard/72704.html
pmsr:/COM993bba4dbe9c3083e,vstoi:Component,pmsr:/CSM97d340fb11b45a500,Cancer Patient Simulator Pulse Rate Detector,pmsr:/CSM97d340fb11b45a500,pmsr:/CBK1786054978465925000,pmsr:/INS1739879206550705,https://www.iso.org/standard/72704.html
pmsr:/COM95a5e3eb50affb204,vstoi:Component,pmsr:/CSM918a63ecb1715441b,Cardiac Procedure Simulator Pulse Rate Detector,pmsr:/CSM918a63ecb1715441b,pmsr:/CBK1786054978465925000,pmsr:/INS1739392182337835,https://www.iso.org/standard/72704.html
pmsr:/COM9af58efb3d975da63,vstoi:Component,pmsr:/CSM990298a1427442675,Cardiac Procedure Simulator Airway Pressure Detector,pmsr:/CSM990298a1427442675,pmsr:/CBK1786054978465925000,pmsr:/INS1739392182337835,https://www.iso.org/standard/72704.html
pmsr:/COM905b86b9e5409690b,vstoi:Component,pmsr:/CSM91c04b48e31427ab0,Cardiac Procedure Simulator Applied Force Detector,pmsr:/CSM91c04b48e31427ab0,pmsr:/CBK1786054978465925000,pmsr:/INS1739392182337835,https://www.iso.org/standard/72704.html
pmsr:/COM9c9998b0d6c57586e,vstoi:Component,pmsr:/CSM98b9cb85b46753960,Care Simulators Interaction Event Detector,pmsr:/CSM98b9cb85b46753960,pmsr:/CBK1786054978465925000,pmsr:/INS1739301711235865,https://www.iso.org/standard/72704.html
pmsr:/COM9c44ff66ece930aee,vstoi:Component,pmsr:/CSM9379db4d4fb785cf5,Care Simulators Airway Pressure Detector,pmsr:/CSM9379db4d4fb785cf5,pmsr:/CBK1786054978465925000,pmsr:/INS1739301711235865,https://www.iso.org/standard/72704.html
pmsr:/COM9edd3c7ab12ea1a73,vstoi:Component,pmsr:/CSM92f77f894ce273233,Care Simulators Pulse Rate Detector,pmsr:/CSM92f77f894ce273233,pmsr:/CBK1786054978465925000,pmsr:/INS1739301711235865,https://www.iso.org/standard/72704.html
pmsr:/COM96e335ed1aba2ac89,vstoi:Component,pmsr:/CSM9918d10e4ac4a7259,Chison Cbit-9 Stationary Ultrasound Probe Contact Detector,pmsr:/CSM9918d10e4ac4a7259,pmsr:/CBK1786054978465925000,pmsr:/INS1739288499528465,https://www.chison.com/products/
pmsr:/COM9353c22c5ba75ca42,vstoi:Component,pmsr:/CSM94d921b7a5d237544,Dani Model Scenario State Detector,pmsr:/CSM94d921b7a5d237544,pmsr:/CBK1786054978465925000,pmsr:/INS1739287212610855,https://www.iso.org/standard/72704.html
pmsr:/COM97d2086a75ab53ee1,vstoi:Component,pmsr:/CSM9f92c10a177fda40c,Dani Model Airway Pressure Detector,pmsr:/CSM9f92c10a177fda40c,pmsr:/CBK1786054978465925000,pmsr:/INS1739287212610855,https://www.iso.org/standard/72704.html
pmsr:/COM91b861f9b1f5aaed2,vstoi:Component,pmsr:/CSM977ca489e37e7effe,Dani Model Pulse Rate Detector,pmsr:/CSM977ca489e37e7effe,pmsr:/CBK1786054978465925000,pmsr:/INS1739287212610855,https://www.iso.org/standard/72704.html
pmsr:/COM9e21c24b6f5f817b7,vstoi:Component,pmsr:/CSM9b335deba451cba52,Dani Model Applied Force Detector,pmsr:/CSM9b335deba451cba52,pmsr:/CBK1786054978465925000,pmsr:/INS1739287212610855,https://www.iso.org/standard/72704.html
pmsr:/COM9a0cace6ab8fdc335,vstoi:Component,pmsr:/CSM9c66ffd5355ad297e,Dani Model Venous Flashback Detector,pmsr:/CSM9c66ffd5355ad297e,pmsr:/CBK1786054978465925000,pmsr:/INS1739287212610855,https://www.iso.org/standard/72704.html
pmsr:/COM91cc68152e810d31e,vstoi:Component,pmsr:/CSM975bf32c5546d1287,Dani Model Action Sequence Detector,pmsr:/CSM975bf32c5546d1287,pmsr:/CBK1786054978465925000,pmsr:/INS1739287212610855,https://www.iso.org/standard/72704.html
pmsr:/COM9e988edbc795ec972,vstoi:Component,pmsr:/CSM93316fda62f53722b,Dani Model Ventilation Flow Detector,pmsr:/CSM93316fda62f53722b,pmsr:/CBK1786054978465925000,pmsr:/INS1739287212610855,https://www.iso.org/standard/72704.html
pmsr:/COM9f849432b7ab6abfb,vstoi:Component,pmsr:/CSM93c4a5674971bce75,Diagnostic Imaging Simulator Probe Contact Detector,pmsr:/CSM93c4a5674971bce75,pmsr:/CBK1786054978465925000,pmsr:/INS1739288006994165,https://www.chison.com/b-w-ultrasound/eco-2.html
pmsr:/COM99ce671ab8b1d5b03,vstoi:Component,pmsr:/CSM959cc1176e717120e,Diagnostic Simulators Interaction Event Detector,pmsr:/CSM959cc1176e717120e,pmsr:/CBK1786054978465925000,pmsr:/INS1739287021517805,https://www.fda.gov/medical-devices/medical-device-databases/corrective-actions-electronic-products
pmsr:/COM98e23d9aee3a31b34,vstoi:Component,pmsr:/CSM99586654dea8a7e16,Diagnostic Simulators Airway Pressure Detector,pmsr:/CSM99586654dea8a7e16,pmsr:/CBK1786054978465925000,pmsr:/INS1739287021517805,https://www.fda.gov/medical-devices/medical-device-databases/corrective-actions-electronic-products
pmsr:/COM9ebbbd6c6cc5db4e8,vstoi:Component,pmsr:/CSM9acd6d76f97b32a6f,Diagnostic Simulators Pulse Rate Detector,pmsr:/CSM9acd6d76f97b32a6f,pmsr:/CBK1786054978465925000,pmsr:/INS1739287021517805,https://www.fda.gov/medical-devices/medical-device-databases/corrective-actions-electronic-products
pmsr:/COM944bc7b3889ae7afc,vstoi:Component,pmsr:/CSM92ba49139c757ed04,Diagnostic Ultrasound Probe Contact Detector,pmsr:/CSM92ba49139c757ed04,pmsr:/CBK1786054978465925000,pmsr:/INS1739288153666735,https://www.chison.com/b-w-ultrasound/eco-2.html
pmsr:/COM95c2d8ec9aa24be59,vstoi:Component,pmsr:/CSM9b8b5990a9bc16b7f,Ear Irrigation Simulator Interaction Event Detector,pmsr:/CSM9b8b5990a9bc16b7f,pmsr:/CBK1786054978465925000,pmsr:/INS1739404158691525,https://www.iso.org/standard/72704.html
pmsr:/COM903d04799844712c1,vstoi:Component,pmsr:/CSM93a294ba2fcd554b7,Ear Irrigation Simulator Airway Pressure Detector,pmsr:/CSM93a294ba2fcd554b7,pmsr:/CBK1786054978465925000,pmsr:/INS1739404158691525,https://www.iso.org/standard/72704.html
pmsr:/COM973ddb74c98cc4780,vstoi:Component,pmsr:/CSM9c17082de921f3bd7,Ear Irrigation Simulator Pulse Rate Detector,pmsr:/CSM9c17082de921f3bd7,pmsr:/CBK1786054978465925000,pmsr:/INS1739404158691525,https://www.iso.org/standard/72704.html
pmsr:/COM946fd9fa28a45e803,vstoi:Component,pmsr:/CSM9abb802bebfa6e73f,Extraoral Scanner Probe Contact Detector,pmsr:/CSM9abb802bebfa6e73f,pmsr:/CBK1786054978465925000,pmsr:/INS1739301133578555,https://support.3shape.com/
pmsr:/COM9065895571ef17d72,vstoi:Component,pmsr:/CSM949019081da4194fc,Female Genitalia Catherization Simulator Interaction Event Detector,pmsr:/CSM949019081da4194fc,pmsr:/CBK1786054978465925000,pmsr:/INS1739403188428355,https://www.nascohealthcare.com/
pmsr:/COM9f19a75cf5780097d,vstoi:Component,pmsr:/CSM976487c272f9a16da,Female Genitalia Catherization Simulator Airway Pressure Detector,pmsr:/CSM976487c272f9a16da,pmsr:/CBK1786054978465925000,pmsr:/INS1739403188428355,https://www.nascohealthcare.com/
pmsr:/COM9c6e0b6a8460da436,vstoi:Component,pmsr:/CSM994bdafe1fd135ba9,Female Genitalia Catherization Simulator Pulse Rate Detector,pmsr:/CSM994bdafe1fd135ba9,pmsr:/CBK1786054978465925000,pmsr:/INS1739403188428355,https://www.nascohealthcare.com/
pmsr:/COM93b37a890de624f15,vstoi:Component,pmsr:/CSM97ef6b9bafd907a3e,Female Genitalia Catherization Simulator Applied Force Detector,pmsr:/CSM97ef6b9bafd907a3e,pmsr:/CBK1786054978465925000,pmsr:/INS1739403188428355,https://www.nascohealthcare.com/
pmsr:/COM9bbfd874da2e490d6,vstoi:Component,pmsr:/CSM90d8bb8436b354767,Female Genitalia Catherization Simulator Venous Flashback Detector,pmsr:/CSM90d8bb8436b354767,pmsr:/CBK1786054978465925000,pmsr:/INS1739403188428355,https://www.nascohealthcare.com/
pmsr:/COM9b22734475671bff7,vstoi:Component,pmsr:/CSM9be63693a4d2de85d,Female Genitalia Catherization Simulator Procedure Completion Detector,pmsr:/CSM9be63693a4d2de85d,pmsr:/CBK1786054978465925000,pmsr:/INS1739403188428355,https://www.nascohealthcare.com/
pmsr:/COM94d3ff5f362cc035b,vstoi:Component,pmsr:/CSM91c78dbd4a4e327ad,Female Genitalia Catherization Simulator Ventilation Flow Detector,pmsr:/CSM91c78dbd4a4e327ad,pmsr:/CBK1786054978465925000,pmsr:/INS1739403188428355,https://www.nascohealthcare.com/
pmsr:/COM95b70346448215735,vstoi:Component,pmsr:/CSM9cbad38031c8a8953,Geriatic Care Simulator Interaction Event Detector,pmsr:/CSM9cbad38031c8a8953,pmsr:/CBK1786054978465925000,pmsr:/INS1739303195193785,https://www.iso.org/standard/72704.html
pmsr:/COM9412bfe70fbd8d8bc,vstoi:Component,pmsr:/CSM99a823c181f4f7de1,Geriatic Care Simulator Airway Pressure Detector,pmsr:/CSM99a823c181f4f7de1,pmsr:/CBK1786054978465925000,pmsr:/INS1739303195193785,https://www.iso.org/standard/72704.html
pmsr:/COM9a6c73bcd29d4344e,vstoi:Component,pmsr:/CSM9645ca857216205a0,Geriatic Care Simulator Pulse Rate Detector,pmsr:/CSM9645ca857216205a0,pmsr:/CBK1786054978465925000,pmsr:/INS1739303195193785,https://www.iso.org/standard/72704.html
pmsr:/COM94cb8d9390f7e95ef,vstoi:Component,pmsr:/CSM97509f0062fd1f406,Gynaecological Examination Mannequin Interaction Event Detector,pmsr:/CSM97509f0062fd1f406,pmsr:/CBK1786054978465925000,pmsr:/INS1739397556188145,https://laerdal.com/us/products/simulation-training/
pmsr:/COM95cb2c19f033fd086,vstoi:Component,pmsr:/CSM90bbc3d6d425d8b1b,Gynaecological Examination Mannequin Airway Pressure Detector,pmsr:/CSM90bbc3d6d425d8b1b,pmsr:/CBK1786054978465925000,pmsr:/INS1739397556188145,https://laerdal.com/us/products/simulation-training/
pmsr:/COM9a53a6e7fef7f48cb,vstoi:Component,pmsr:/CSM9dfe1e8fa98846b5c,Gynaecological Examination Mannequin Pulse Rate Detector,pmsr:/CSM9dfe1e8fa98846b5c,pmsr:/CBK1786054978465925000,pmsr:/INS1739397556188145,https://laerdal.com/us/products/simulation-training/
pmsr:/COM9ce929fda23c7e246,vstoi:Component,pmsr:/CSM93977c34f39b38c17,Gynaecological Examination Mannequin Applied Force Detector,pmsr:/CSM93977c34f39b38c17,pmsr:/CBK1786054978465925000,pmsr:/INS1739397556188145,https://laerdal.com/us/products/simulation-training/
pmsr:/COM916f797ebef7cb097,vstoi:Component,pmsr:/CSM9791272432f1f76a0,Gynaecological Examination Mannequin Venous Flashback Detector,pmsr:/CSM9791272432f1f76a0,pmsr:/CBK1786054978465925000,pmsr:/INS1739397556188145,https://laerdal.com/us/products/simulation-training/
pmsr:/COM910906a6c47d60667,vstoi:Component,pmsr:/CSM9a9fa37e49b581efa,Gynaecological Examination Mannequin Procedure Completion Detector,pmsr:/CSM9a9fa37e49b581efa,pmsr:/CBK1786054978465925000,pmsr:/INS1739397556188145,https://laerdal.com/us/products/simulation-training/
pmsr:/COM97e1b412645fe50a2,vstoi:Component,pmsr:/CSM914424e2ca6f23875,Gynaecological Examination Mannequin Ventilation Flow Detector,pmsr:/CSM914424e2ca6f23875,pmsr:/CBK1786054978465925000,pmsr:/INS1739397556188145,https://laerdal.com/us/products/simulation-training/
pmsr:/COM95611eb2ed74ee103,vstoi:Component,pmsr:/CSM9f7ed46ceb4229e18,High-Fidelity Mannequin Interaction Event Detector,pmsr:/CSM9f7ed46ceb4229e18,pmsr:/CBK1786054978465925000,pmsr:/INS1739287159797795,https://laerdal.com/us/products/simulation-training/
pmsr:/COM9f42e00a4b3026528,vstoi:Component,pmsr:/CSM90d4988be27c71565,High-Fidelity Mannequin Airway Pressure Detector,pmsr:/CSM90d4988be27c71565,pmsr:/CBK1786054978465925000,pmsr:/INS1739287159797795,https://laerdal.com/us/products/simulation-training/
pmsr:/COM92177208ccc4e22b1,vstoi:Component,pmsr:/CSM9cacdf80013f26e29,High-Fidelity Mannequin Pulse Rate Detector,pmsr:/CSM9cacdf80013f26e29,pmsr:/CBK1786054978465925000,pmsr:/INS1739287159797795,https://laerdal.com/us/products/simulation-training/
pmsr:/COM9137c395895688068,vstoi:Component,pmsr:/CSM9606dfb5a35237e48,High-Fidelity Mannequin Applied Force Detector,pmsr:/CSM9606dfb5a35237e48,pmsr:/CBK1786054978465925000,pmsr:/INS1739287159797795,https://laerdal.com/us/products/simulation-training/
pmsr:/COM9627985a5056f2d15,vstoi:Component,pmsr:/CSM98c7aba34e5be7709,High-Fidelity Mannequin Venous Flashback Detector,pmsr:/CSM98c7aba34e5be7709,pmsr:/CBK1786054978465925000,pmsr:/INS1739287159797795,https://laerdal.com/us/products/simulation-training/
pmsr:/COM94748f0031a7167ca,vstoi:Component,pmsr:/CSM94b01ffb43fb6d533,High-Fidelity Mannequin Procedure Completion Detector,pmsr:/CSM94b01ffb43fb6d533,pmsr:/CBK1786054978465925000,pmsr:/INS1739287159797795,https://laerdal.com/us/products/simulation-training/
pmsr:/COM91aa7b31291992fbb,vstoi:Component,pmsr:/CSM93b670eb872389131,High-Fidelity Mannequin Ventilation Flow Detector,pmsr:/CSM93b670eb872389131,pmsr:/CBK1786054978465925000,pmsr:/INS1739287159797795,https://laerdal.com/us/products/simulation-training/
pmsr:/COM98e6dd5fe87530d91,vstoi:Component,pmsr:/CSM928cf00be99515fd6,Imaging Probe Contact Detector,pmsr:/CSM928cf00be99515fd6,pmsr:/CBK1786054978465925000,pmsr:/INS1739300958884615,https://www.chison.com/products/
pmsr:/COM9751786e7c40b255c,vstoi:Component,pmsr:/CSM9aee9cbc3472181e4,Intramuscular Injections Simulator Interaction Event Detector,pmsr:/CSM9aee9cbc3472181e4,pmsr:/CBK1786054978465925000,pmsr:/INS1739404046114785,https://www.iso.org/standard/72704.html
pmsr:/COM9e562f8ab987b7036,vstoi:Component,pmsr:/CSM9eb559da4ff377d1f,Intramuscular Injections Simulator Airway Pressure Detector,pmsr:/CSM9eb559da4ff377d1f,pmsr:/CBK1786054978465925000,pmsr:/INS1739404046114785,https://www.iso.org/standard/72704.html
pmsr:/COM94a6c2220e9625fb7,vstoi:Component,pmsr:/CSM938613baf26581c7c,Intramuscular Injections Simulator Pulse Rate Detector,pmsr:/CSM938613baf26581c7c,pmsr:/CBK1786054978465925000,pmsr:/INS1739404046114785,https://www.iso.org/standard/72704.html
pmsr:/COM90822bb607c2cfa3b,vstoi:Component,pmsr:/CSM9b333dd31966be4b4,Intramuscular Injections Simulator Applied Force Detector,pmsr:/CSM9b333dd31966be4b4,pmsr:/CBK1786054978465925000,pmsr:/INS1739404046114785,https://www.iso.org/standard/72704.html
pmsr:/COM99b9afcf37be17507,vstoi:Component,pmsr:/CSM98c93075db7016ddb,Intramuscular Injections Simulator Venous Flashback Detector,pmsr:/CSM98c93075db7016ddb,pmsr:/CBK1786054978465925000,pmsr:/INS1739404046114785,https://www.iso.org/standard/72704.html
pmsr:/COM901ebb687541101a6,vstoi:Component,pmsr:/CSM99cf2b1dc559be6ee,Intramuscular Injections Simulator Procedure Completion Detector,pmsr:/CSM99cf2b1dc559be6ee,pmsr:/CBK1786054978465925000,pmsr:/INS1739404046114785,https://www.iso.org/standard/72704.html
pmsr:/COM92e6bf51ccc1c28ab,vstoi:Component,pmsr:/CSM9dfdfed4bb1be7a1b,Intramuscular Injections Simulator Ventilation Flow Detector,pmsr:/CSM9dfdfed4bb1be7a1b,pmsr:/CBK1786054978465925000,pmsr:/INS1739404046114785,https://www.iso.org/standard/72704.html
pmsr:/COM9c0dfd3041e7d14c1,vstoi:Component,pmsr:/CSM9ad565cbb6b63799b,Intraoral Scanner Probe Contact Detector,pmsr:/CSM9ad565cbb6b63799b,pmsr:/CBK1786054978465925000,pmsr:/INS1739301081410085,https://support.3shape.com/
pmsr:/COM9727fb50145c10e09,vstoi:Component,pmsr:/CSM9bf1a4781a6d647a0,IV Fluid Administration Interaction Event Detector,pmsr:/CSM9bf1a4781a6d647a0,pmsr:/CBK1786054978465925000,pmsr:/INS1739402037946315,https://limbsandthings.com/us/support/
pmsr:/COM9ab325b780c153c16,vstoi:Component,pmsr:/CSM92892a1cff1cd3b32,IV Fluid Administration Airway Pressure Detector,pmsr:/CSM92892a1cff1cd3b32,pmsr:/CBK1786054978465925000,pmsr:/INS1739402037946315,https://limbsandthings.com/us/support/
pmsr:/COM9a6077a472e113288,vstoi:Component,pmsr:/CSM93fd09db7cb896ac0,IV Fluid Administration Pulse Rate Detector,pmsr:/CSM93fd09db7cb896ac0,pmsr:/CBK1786054978465925000,pmsr:/INS1739402037946315,https://limbsandthings.com/us/support/
pmsr:/COM97456cbdbfef891b2,vstoi:Component,pmsr:/CSM9e8674cf2e7fa5220,Laerdal Airway Simulator Airway Pressure Detector,pmsr:/CSM9e8674cf2e7fa5220,pmsr:/CBK1786054978465925000,pmsr:/INS1739398519577895,https://laerdal.com/us/products/simulation-training/
pmsr:/COM9780cb5aee628174d,vstoi:Component,pmsr:/CSM9e8fe63646daa95de,Laerdal Airway Simulator Pulse Rate Detector,pmsr:/CSM9e8fe63646daa95de,pmsr:/CBK1786054978465925000,pmsr:/INS1739398519577895,https://laerdal.com/us/products/simulation-training/
pmsr:/COM98ff71c8a531dc60e,vstoi:Component,pmsr:/CSM94ebae35a247b51a4,Laerdal Airway Simulator Applied Force Detector,pmsr:/CSM94ebae35a247b51a4,pmsr:/CBK1786054978465925000,pmsr:/INS1739398519577895,https://laerdal.com/us/products/simulation-training/
pmsr:/COM9475a47f065f91166,vstoi:Component,pmsr:/CSM980029c127592d21b,Laerdal ALS Baby Trainer 200 Interaction Event Detector,pmsr:/CSM980029c127592d21b,pmsr:/CBK1786054978465925000,pmsr:/INS1739487989328225,https://laerdal.com/us/products/simulation-training/
pmsr:/COM99add3c0cd3806f60,vstoi:Component,pmsr:/CSM9e0b6f7bc85843494,Laerdal ALS Baby Trainer 200 Airway Pressure Detector,pmsr:/CSM9e0b6f7bc85843494,pmsr:/CBK1786054978465925000,pmsr:/INS1739487989328225,https://laerdal.com/us/products/simulation-training/
pmsr:/COM903c774adb6c5edb0,vstoi:Component,pmsr:/CSM9c4da8f90d6ea756c,Laerdal ALS Baby Trainer 200 Pulse Rate Detector,pmsr:/CSM9c4da8f90d6ea756c,pmsr:/CBK1786054978465925000,pmsr:/INS1739487989328225,https://laerdal.com/us/products/simulation-training/
pmsr:/COM91c68e5a9e69bc020,vstoi:Component,pmsr:/CSM9fb7ba86cf67ea5dc,Laerdal DAE Simulator Pulse Rate Detector,pmsr:/CSM9fb7ba86cf67ea5dc,pmsr:/CBK1786054978465925000,pmsr:/INS1739392367425715,https://laerdal.com/us/products/simulation-training/
pmsr:/COM9b34b00c7bcc86ee0,vstoi:Component,pmsr:/CSM9ef673dff665df409,Laerdal DAE Simulator Airway Pressure Detector,pmsr:/CSM9ef673dff665df409,pmsr:/CBK1786054978465925000,pmsr:/INS1739392367425715,https://laerdal.com/us/products/simulation-training/
pmsr:/COM9cbabaa9118f43beb,vstoi:Component,pmsr:/CSM9c2113835d438aee5,Laerdal DAE Simulator Applied Force Detector,pmsr:/CSM9c2113835d438aee5,pmsr:/CBK1786054978465925000,pmsr:/INS1739392367425715,https://laerdal.com/us/products/simulation-training/
pmsr:/COM99b3a72b8d17baa57,vstoi:Component,pmsr:/CSM91cc8dd9fe070231c,Laerdal Nursing Anne Mannequin Interaction Event Detector,pmsr:/CSM91cc8dd9fe070231c,pmsr:/CBK1786054978465925000,pmsr:/INS1739823398493725,https://laerdal.com/us/products/simulation-training/
pmsr:/COM931d6340657316a0e,vstoi:Component,pmsr:/CSM9add0352cfe599c69,Laerdal Nursing Anne Mannequin Airway Pressure Detector,pmsr:/CSM9add0352cfe599c69,pmsr:/CBK1786054978465925000,pmsr:/INS1739823398493725,https://laerdal.com/us/products/simulation-training/
pmsr:/COM9ccf75d269b2b6120,vstoi:Component,pmsr:/CSM904112859831dadbf,Laerdal Nursing Anne Mannequin Pulse Rate Detector,pmsr:/CSM904112859831dadbf,pmsr:/CBK1786054978465925000,pmsr:/INS1739823398493725,https://laerdal.com/us/products/simulation-training/
pmsr:/COM910d4690710b30eb0,vstoi:Component,pmsr:/CSM979fca9100d52ccf0,Laerdal Nursing Care Simulator Interaction Event Detector,pmsr:/CSM979fca9100d52ccf0,pmsr:/CBK1786054978465925000,pmsr:/INS1739401557396065,https://laerdal.com/us/products/simulation-training/
pmsr:/COM955d3a5f5fbdd4dab,vstoi:Component,pmsr:/CSM9467137db2d4e6a7b,Laerdal Nursing Care Simulator Airway Pressure Detector,pmsr:/CSM9467137db2d4e6a7b,pmsr:/CBK1786054978465925000,pmsr:/INS1739401557396065,https://laerdal.com/us/products/simulation-training/
pmsr:/COM96125411c0510a231,vstoi:Component,pmsr:/CSM96037fc0e94786d9f,Laerdal Nursing Care Simulator Pulse Rate Detector,pmsr:/CSM96037fc0e94786d9f,pmsr:/CBK1786054978465925000,pmsr:/INS1739401557396065,https://laerdal.com/us/products/simulation-training/
pmsr:/COM93e7212f043f1983f,vstoi:Component,pmsr:/CSM919c6d0686cf43830,Low-Fidelity Mannequin Interaction Event Detector,pmsr:/CSM919c6d0686cf43830,pmsr:/CBK1786054978465925000,pmsr:/INS1739397137461495,https://laerdal.com/us/products/simulation-training/
pmsr:/COM948ef0b0d7a09cc76,vstoi:Component,pmsr:/CSM9f1822f6c63187bc9,Low-Fidelity Mannequin Airway Pressure Detector,pmsr:/CSM9f1822f6c63187bc9,pmsr:/CBK1786054978465925000,pmsr:/INS1739397137461495,https://laerdal.com/us/products/simulation-training/
pmsr:/COM986d2eae69fc5432a,vstoi:Component,pmsr:/CSM946d3fefdfb3a28d7,Low-Fidelity Mannequin Pulse Rate Detector,pmsr:/CSM946d3fefdfb3a28d7,pmsr:/CBK1786054978465925000,pmsr:/INS1739397137461495,https://laerdal.com/us/products/simulation-training/
pmsr:/COM96337511110a8ba07,vstoi:Component,pmsr:/CSM954f6bbe1b96ada9c,Low-Fidelity Mannequin Applied Force Detector,pmsr:/CSM954f6bbe1b96ada9c,pmsr:/CBK1786054978465925000,pmsr:/INS1739397137461495,https://laerdal.com/us/products/simulation-training/
pmsr:/COM9f281c65dd23087a6,vstoi:Component,pmsr:/CSM95b063cfadd54d82c,Low-Fidelity Mannequin Venous Flashback Detector,pmsr:/CSM95b063cfadd54d82c,pmsr:/CBK1786054978465925000,pmsr:/INS1739397137461495,https://laerdal.com/us/products/simulation-training/
pmsr:/COM9b60fd244446501f2,vstoi:Component,pmsr:/CSM961a9cc377e9a221b,Low-Fidelity Mannequin Procedure Completion Detector,pmsr:/CSM961a9cc377e9a221b,pmsr:/CBK1786054978465925000,pmsr:/INS1739397137461495,https://laerdal.com/us/products/simulation-training/
pmsr:/COM90e60dc984ff6a513,vstoi:Component,pmsr:/CSM9f53f56aa58547bcb,Low-Fidelity Mannequin Ventilation Flow Detector,pmsr:/CSM9f53f56aa58547bcb,pmsr:/CBK1786054978465925000,pmsr:/INS1739397137461495,https://laerdal.com/us/products/simulation-training/
pmsr:/COM99bd86d799fc723b7,vstoi:Component,pmsr:/CSM94e9b8e23350873df,Male Examination Mannequin Interaction Event Detector,pmsr:/CSM94e9b8e23350873df,pmsr:/CBK1786054978465925000,pmsr:/INS1740143777940835,https://laerdal.com/us/products/simulation-training/
pmsr:/COM975fa018097d73db5,vstoi:Component,pmsr:/CSM9ad4c41fd70771332,Male Examination Mannequin Airway Pressure Detector,pmsr:/CSM9ad4c41fd70771332,pmsr:/CBK1786054978465925000,pmsr:/INS1740143777940835,https://laerdal.com/us/products/simulation-training/
pmsr:/COM9f661e66545d77586,vstoi:Component,pmsr:/CSM9fb71c35948a8dff3,Male Examination Mannequin Pulse Rate Detector,pmsr:/CSM9fb71c35948a8dff3,pmsr:/CBK1786054978465925000,pmsr:/INS1740143777940835,https://laerdal.com/us/products/simulation-training/
pmsr:/COM9652d2e8682882c0d,vstoi:Component,pmsr:/CSM9043b2882248148d3,Male Examination Mannequin Applied Force Detector,pmsr:/CSM9043b2882248148d3,pmsr:/CBK1786054978465925000,pmsr:/INS1740143777940835,https://laerdal.com/us/products/simulation-training/
pmsr:/COM9c24b11ec9e7455c3,vstoi:Component,pmsr:/CSM9bacd0483b6810de8,Male Examination Mannequin Venous Flashback Detector,pmsr:/CSM9bacd0483b6810de8,pmsr:/CBK1786054978465925000,pmsr:/INS1740143777940835,https://laerdal.com/us/products/simulation-training/
pmsr:/COM923079272f497831b,vstoi:Component,pmsr:/CSM9f8e092fb2e272512,Male Examination Mannequin Procedure Completion Detector,pmsr:/CSM9f8e092fb2e272512,pmsr:/CBK1786054978465925000,pmsr:/INS1740143777940835,https://laerdal.com/us/products/simulation-training/
pmsr:/COM915fbe643e2f4bfd0,vstoi:Component,pmsr:/CSM99dbc825c3be4f80a,Male Examination Mannequin Ventilation Flow Detector,pmsr:/CSM99dbc825c3be4f80a,pmsr:/CBK1786054978465925000,pmsr:/INS1740143777940835,https://laerdal.com/us/products/simulation-training/
pmsr:/COM9c6cddcd7be6dfeed,vstoi:Component,pmsr:/CSM9274604affb920a0a,Male Genitalia Catherization Simulator Interaction Event Detector,pmsr:/CSM9274604affb920a0a,pmsr:/CBK1786054978465925000,pmsr:/INS1739403078441215,https://www.nascohealthcare.com/
pmsr:/COM90535c42b737ab252,vstoi:Component,pmsr:/CSM9ede9d7af1b8c2acd,Male Genitalia Catherization Simulator Airway Pressure Detector,pmsr:/CSM9ede9d7af1b8c2acd,pmsr:/CBK1786054978465925000,pmsr:/INS1739403078441215,https://www.nascohealthcare.com/
pmsr:/COM925add590b39e6766,vstoi:Component,pmsr:/CSM904dee88db7e6474b,Male Genitalia Catherization Simulator Pulse Rate Detector,pmsr:/CSM904dee88db7e6474b,pmsr:/CBK1786054978465925000,pmsr:/INS1739403078441215,https://www.nascohealthcare.com/
pmsr:/COM92bc236a1eff684d6,vstoi:Component,pmsr:/CSM9889e1563b8722239,Male Genitalia Catherization Simulator Applied Force Detector,pmsr:/CSM9889e1563b8722239,pmsr:/CBK1786054978465925000,pmsr:/INS1739403078441215,https://www.nascohealthcare.com/
pmsr:/COM9fe390ee21f9c6e69,vstoi:Component,pmsr:/CSM9879990c7fa03fb47,Male Genitalia Catherization Simulator Venous Flashback Detector,pmsr:/CSM9879990c7fa03fb47,pmsr:/CBK1786054978465925000,pmsr:/INS1739403078441215,https://www.nascohealthcare.com/
pmsr:/COM94ff38d500c92a013,vstoi:Component,pmsr:/CSM9b0245a983027f16e,Male Genitalia Catherization Simulator Procedure Completion Detector,pmsr:/CSM9b0245a983027f16e,pmsr:/CBK1786054978465925000,pmsr:/INS1739403078441215,https://www.nascohealthcare.com/
pmsr:/COM9c29aa34108bf9ca0,vstoi:Component,pmsr:/CSM9541c228991545c66,Male Genitalia Catherization Simulator Ventilation Flow Detector,pmsr:/CSM9541c228991545c66,pmsr:/CBK1786054978465925000,pmsr:/INS1739403078441215,https://www.nascohealthcare.com/
pmsr:/COM9e2c34a1b1540e07a,vstoi:Component,pmsr:/CSM9da1b5b63805d895a,Male Inguinal Hernia Anatomy Model Scenario State Detector,pmsr:/CSM9da1b5b63805d895a,pmsr:/CBK1786054978465925000,pmsr:/INS1739483351917145,https://www.iso.org/standard/72704.html
pmsr:/COM9030f0a29291c78f5,vstoi:Component,pmsr:/CSM9b79534d1c233d6fe,Male Inguinal Hernia Anatomy Model Airway Pressure Detector,pmsr:/CSM9b79534d1c233d6fe,pmsr:/CBK1786054978465925000,pmsr:/INS1739483351917145,https://www.iso.org/standard/72704.html
pmsr:/COM96207a1849efc321f,vstoi:Component,pmsr:/CSM906c9c8ff4e641686,Male Inguinal Hernia Anatomy Model Pulse Rate Detector,pmsr:/CSM906c9c8ff4e641686,pmsr:/CBK1786054978465925000,pmsr:/INS1739483351917145,https://www.iso.org/standard/72704.html
pmsr:/COM9647825025161ddc9,vstoi:Component,pmsr:/CSM9ebf40fea71caa8ae,Male Inguinal Hernia Anatomy Model Applied Force Detector,pmsr:/CSM9ebf40fea71caa8ae,pmsr:/CBK1786054978465925000,pmsr:/INS1739483351917145,https://www.iso.org/standard/72704.html
pmsr:/COM94570ad0af3ec56bd,vstoi:Component,pmsr:/CSM94c77baabed1b5e02,Male Inguinal Hernia Anatomy Model Venous Flashback Detector,pmsr:/CSM94c77baabed1b5e02,pmsr:/CBK1786054978465925000,pmsr:/INS1739483351917145,https://www.iso.org/standard/72704.html
pmsr:/COM9b74e72176bf35abf,vstoi:Component,pmsr:/CSM937fe427779e73ec5,Male Inguinal Hernia Anatomy Model Action Sequence Detector,pmsr:/CSM937fe427779e73ec5,pmsr:/CBK1786054978465925000,pmsr:/INS1739483351917145,https://www.iso.org/standard/72704.html
pmsr:/COM96b4219d46216ef7f,vstoi:Component,pmsr:/CSM91a9809ad692f7b22,Male Inguinal Hernia Anatomy Model Ventilation Flow Detector,pmsr:/CSM91a9809ad692f7b22,pmsr:/CBK1786054978465925000,pmsr:/INS1739483351917145,https://www.iso.org/standard/72704.html
pmsr:/COM909d6d9cdb98cf3b5,vstoi:Component,pmsr:/CSM90cfd572cf2f09177,Medical Device Interaction Event Detector,pmsr:/CSM90cfd572cf2f09177,pmsr:/CBK1786054978465925000,ncit:C16830,https://www.iso.org/standard/72704.html
pmsr:/COM9c87dd2ffb8889986,vstoi:Component,pmsr:/CSM9e6521aff7cb648cf,Medical Examination Simulators Interaction Event Detector,pmsr:/CSM9e6521aff7cb648cf,pmsr:/CBK1786054978465925000,pmsr:/INS1739287092102085,https://www.iso.org/standard/72704.html
pmsr:/COM9dc7088e7b0c6b1d9,vstoi:Component,pmsr:/CSM9f77d66191307f0c2,Medical Examination Simulators Airway Pressure Detector,pmsr:/CSM9f77d66191307f0c2,pmsr:/CBK1786054978465925000,pmsr:/INS1739287092102085,https://www.iso.org/standard/72704.html
pmsr:/COM91841a32f2e6095c0,vstoi:Component,pmsr:/CSM9dfe27453d946c411,Medical Examination Simulators Pulse Rate Detector,pmsr:/CSM9dfe27453d946c411,pmsr:/CBK1786054978465925000,pmsr:/INS1739287092102085,https://www.iso.org/standard/72704.html
pmsr:/COM95a10057514746c68,vstoi:Component,pmsr:/CSM9d2655979f9d2a7d0,Medical Procedure Simulator Interaction Event Detector,pmsr:/CSM9d2655979f9d2a7d0,pmsr:/CBK1786054978465925000,pmsr:/INS1739301814401805,https://www.iso.org/standard/72704.html
pmsr:/COM9a3858475133ce3e6,vstoi:Component,pmsr:/CSM9fc7c83aa0a1b41be,Medical Procedure Simulator Airway Pressure Detector,pmsr:/CSM9fc7c83aa0a1b41be,pmsr:/CBK1786054978465925000,pmsr:/INS1739301814401805,https://www.iso.org/standard/72704.html
pmsr:/COM92dfde0052fb9811f,vstoi:Component,pmsr:/CSM975932db2a2a7d3a4,Medical Procedure Simulator Pulse Rate Detector,pmsr:/CSM975932db2a2a7d3a4,pmsr:/CBK1786054978465925000,pmsr:/INS1739301814401805,https://www.iso.org/standard/72704.html
pmsr:/COM939b7da280355299e,vstoi:Component,pmsr:/CSM94851c7961084d562,Monitoring Virtual Simulator Probe Contact Detector,pmsr:/CSM94851c7961084d562,pmsr:/CBK1786054978465925000,pmsr:/INS1739821032633525,https://www.chison.com/hotproduct/handheld-ultrasound-for-pregnancy.html
pmsr:/COM932d3ecab37a459ac,vstoi:Component,pmsr:/CSM9ede71287eaccff70,Nursing Care Simulator Interaction Event Detector,pmsr:/CSM9ede71287eaccff70,pmsr:/CBK1786054978465925000,pmsr:/INS1739400689838665,https://www.fda.gov/medsun-medical-product-safety-network
pmsr:/COM939f9f89f000ddfd0,vstoi:Component,pmsr:/CSM967e6321778d4e8eb,Nursing Care Simulator Airway Pressure Detector,pmsr:/CSM967e6321778d4e8eb,pmsr:/CBK1786054978465925000,pmsr:/INS1739400689838665,https://www.fda.gov/medsun-medical-product-safety-network
pmsr:/COM971ad1ad47c81e65e,vstoi:Component,pmsr:/CSM9adb23be7a608f3d2,Nursing Care Simulator Pulse Rate Detector,pmsr:/CSM9adb23be7a608f3d2,pmsr:/CBK1786054978465925000,pmsr:/INS1739400689838665,https://www.fda.gov/medsun-medical-product-safety-network
pmsr:/COM9211bdcfaf513cb3f,vstoi:Component,pmsr:/CSM9e69cda41298fc071,Obstetric Simulator Interaction Event Detector,pmsr:/CSM9e69cda41298fc071,pmsr:/CBK1786054978465925000,pmsr:/INS1740143878244085,https://www.nascohealthcare.com/
pmsr:/COM9e04a1dac669f072d,vstoi:Component,pmsr:/CSM9f57de03672708e4b,Obstetric Simulator Airway Pressure Detector,pmsr:/CSM9f57de03672708e4b,pmsr:/CBK1786054978465925000,pmsr:/INS1740143878244085,https://www.nascohealthcare.com/
pmsr:/COM925a48e7dda68b904,vstoi:Component,pmsr:/CSM9c00b991146a5e222,Obstetric Simulator Pulse Rate Detector,pmsr:/CSM9c00b991146a5e222,pmsr:/CBK1786054978465925000,pmsr:/INS1740143878244085,https://www.nascohealthcare.com/
pmsr:/COM90e709ed6a7da646e,vstoi:Component,pmsr:/CSM9c6e2fdaec2ff4602,Oncology Care Simulator Interaction Event Detector,pmsr:/CSM9c6e2fdaec2ff4602,pmsr:/CBK1786054978465925000,pmsr:/INS1739303333850795,https://www.iso.org/standard/72704.html
pmsr:/COM93b9e9e42e8ce92e6,vstoi:Component,pmsr:/CSM95ba4f41e49a82cf4,Oncology Care Simulator Airway Pressure Detector,pmsr:/CSM95ba4f41e49a82cf4,pmsr:/CBK1786054978465925000,pmsr:/INS1739303333850795,https://www.iso.org/standard/72704.html
pmsr:/COM9c53e672a8d78deb3,vstoi:Component,pmsr:/CSM9d3cbf04cd5a9dc11,Oncology Care Simulator Pulse Rate Detector,pmsr:/CSM9d3cbf04cd5a9dc11,pmsr:/CBK1786054978465925000,pmsr:/INS1739303333850795,https://www.iso.org/standard/72704.html
pmsr:/COM9b822a8dca43f7a28,vstoi:Component,pmsr:/CSM9b9d74283ee55ca86,Patient Monitor Simulator Probe Contact Detector,pmsr:/CSM9b9d74283ee55ca86,pmsr:/CBK1786054978465925000,pmsr:/INS1740087575777435,https://www.chison.com/hotproduct/handheld-ultrasound-for-pregnancy.html
pmsr:/COM97c89c9d2cde68631,vstoi:Component,pmsr:/CSM983f7e59ddbedbb0d,Penis Foreskin Cleaning Simulator Interaction Event Detector,pmsr:/CSM983f7e59ddbedbb0d,pmsr:/CBK1786054978465925000,pmsr:/INS1739403291912375,https://www.nascohealthcare.com/
pmsr:/COM918a05fc72c184182,vstoi:Component,pmsr:/CSM9636ea0cfbd8ead18,Penis Foreskin Cleaning Simulator Airway Pressure Detector,pmsr:/CSM9636ea0cfbd8ead18,pmsr:/CBK1786054978465925000,pmsr:/INS1739403291912375,https://www.nascohealthcare.com/
pmsr:/COM999e6b74ad426b84a,vstoi:Component,pmsr:/CSM9cdbf9a7c08763ea3,Penis Foreskin Cleaning Simulator Pulse Rate Detector,pmsr:/CSM9cdbf9a7c08763ea3,pmsr:/CBK1786054978465925000,pmsr:/INS1739403291912375,https://www.nascohealthcare.com/
pmsr:/COM9a4199a3313088feb,vstoi:Component,pmsr:/CSM9a001083c7b640daf,Physical Medical Device Interaction Event Detector,pmsr:/CSM9a001083c7b640daf,pmsr:/CBK1786054978465925000,pmsr:PhysicalMedicalDevice,https://www.iso.org/standard/72704.html
pmsr:/COM9b741683b72ff4fa2,vstoi:Component,pmsr:/CSM99997bda9462e0dc1,Physical Medical Simulator Interaction Event Detector,pmsr:/CSM99997bda9462e0dc1,pmsr:/CBK1786054978465925000,pmsr:PhysicalMedicalSimulator,https://www.iso.org/standard/72704.html
pmsr:/COM95c4a75e30c75e1aa,vstoi:Component,pmsr:/CSM9c35f546342020c06,Physical Medical Simulator Airway Pressure Detector,pmsr:/CSM9c35f546342020c06,pmsr:/CBK1786054978465925000,pmsr:PhysicalMedicalSimulator,https://www.iso.org/standard/72704.html
pmsr:/COM923ddc02274376cdc,vstoi:Component,pmsr:/CSM92027f1811183301e,Physical Medical Simulator Pulse Rate Detector,pmsr:/CSM92027f1811183301e,pmsr:/CBK1786054978465925000,pmsr:PhysicalMedicalSimulator,https://www.iso.org/standard/72704.html
pmsr:/COM9f99b2da1d59bd55b,vstoi:Component,pmsr:/CSM96e9ed5518b288a6c,Physiology Simulator Interaction Event Detector,pmsr:/CSM96e9ed5518b288a6c,pmsr:/CBK1786054978465925000,pmsr:/INS1740087239872215,https://www.iso.org/standard/72704.html
pmsr:/COM9a9a6e9a8710e2cb9,vstoi:Component,pmsr:/CSM9312f74f59ed728fb,Physiology Simulator Airway Pressure Detector,pmsr:/CSM9312f74f59ed728fb,pmsr:/CBK1786054978465925000,pmsr:/INS1740087239872215,https://www.iso.org/standard/72704.html
pmsr:/COM9e7c6cc62336d18c6,vstoi:Component,pmsr:/CSM950fbf7be9829860b,Physiology Simulator Pulse Rate Detector,pmsr:/CSM950fbf7be9829860b,pmsr:/CBK1786054978465925000,pmsr:/INS1740087239872215,https://www.iso.org/standard/72704.html
pmsr:/COM957cf3d8474c588fd,vstoi:Component,pmsr:/CSM9ab31f49f3bff162f,Physiology Simulator Applied Force Detector,pmsr:/CSM9ab31f49f3bff162f,pmsr:/CBK1786054978465925000,pmsr:/INS1740087239872215,https://www.iso.org/standard/72704.html
pmsr:/COM9c759747a6ba22969,vstoi:Component,pmsr:/CSM929173f7eb6a26971,Physiology Simulator Venous Flashback Detector,pmsr:/CSM929173f7eb6a26971,pmsr:/CBK1786054978465925000,pmsr:/INS1740087239872215,https://www.iso.org/standard/72704.html
pmsr:/COM938d35794baf4ab2b,vstoi:Component,pmsr:/CSM9170bba61f34d9900,Physiology Simulator Procedure Completion Detector,pmsr:/CSM9170bba61f34d9900,pmsr:/CBK1786054978465925000,pmsr:/INS1740087239872215,https://www.iso.org/standard/72704.html
pmsr:/COM941813946dd51cd70,vstoi:Component,pmsr:/CSM9c20842741f16ebfd,Physiology Simulator Ventilation Flow Detector,pmsr:/CSM9c20842741f16ebfd,pmsr:/CBK1786054978465925000,pmsr:/INS1740087239872215,https://www.iso.org/standard/72704.html
pmsr:/COM9a9d0c914b9c1e390,vstoi:Component,pmsr:/CSM94d95a46e1a39e320,Pitting Edema Simulator Tissue Volume Change Detector,pmsr:/CSM94d95a46e1a39e320,pmsr:/CBK1786054978465925000,pmsr:/INS1739453043505715,https://www.iso.org/standard/72704.html
pmsr:/COM9869a4fef13b85b62,vstoi:Component,pmsr:/CSM9d9d069b4ffad310d,Pitting Edema Simulator Airway Pressure Detector,pmsr:/CSM9d9d069b4ffad310d,pmsr:/CBK1786054978465925000,pmsr:/INS1739453043505715,https://www.iso.org/standard/72704.html
pmsr:/COM9920ff090bcb5fc27,vstoi:Component,pmsr:/CSM9b0375d91cfb00205,Pitting Edema Simulator Pulse Rate Detector,pmsr:/CSM9b0375d91cfb00205,pmsr:/CBK1786054978465925000,pmsr:/INS1739453043505715,https://www.iso.org/standard/72704.html
pmsr:/COM9cc2d79d9495e4c88,vstoi:Component,pmsr:/CSM98c937469c2fa8964,Pitting Edema Simulator Applied Force Detector,pmsr:/CSM98c937469c2fa8964,pmsr:/CBK1786054978465925000,pmsr:/INS1739453043505715,https://www.iso.org/standard/72704.html
pmsr:/COM9c3a174fdf7597f7e,vstoi:Component,pmsr:/CSM9b699231bc65a49c9,Pitting Edema Simulator Venous Flashback Detector,pmsr:/CSM9b699231bc65a49c9,pmsr:/CBK1786054978465925000,pmsr:/INS1739453043505715,https://www.iso.org/standard/72704.html
pmsr:/COM9969e8e13de7fc6ab,vstoi:Component,pmsr:/CSM9c0860b5eca47d872,Pitting Edema Simulator Pitting Response Detector,pmsr:/CSM9c0860b5eca47d872,pmsr:/CBK1786054978465925000,pmsr:/INS1739453043505715,https://www.iso.org/standard/72704.html
pmsr:/COM9cbb5fd1cf5e3d7d0,vstoi:Component,pmsr:/CSM9d88f50a11e25b17b,Pitting Edema Simulator Ventilation Flow Detector,pmsr:/CSM9d88f50a11e25b17b,pmsr:/CBK1786054978465925000,pmsr:/INS1739453043505715,https://www.iso.org/standard/72704.html
pmsr:/COM975afe54717c43b69,vstoi:Component,pmsr:/CSM92c3074e71a01186b,Portable Ultrasound Probe Contact Detector,pmsr:/CSM92c3074e71a01186b,pmsr:/CBK1786054978465925000,pmsr:/INS1739288566447555,https://www.chison.com/products/
pmsr:/COM91c57557a339ede98,vstoi:Component,pmsr:/CSM9e5759f048e6c79fb,Procedure Simulator Interaction Event Detector,pmsr:/CSM9e5759f048e6c79fb,pmsr:/CBK1786054978465925000,pmsr:/INS1739392122823235,https://www.iso.org/standard/72704.html
pmsr:/COM95604e122a9877b59,vstoi:Component,pmsr:/CSM99054fe9f50d3bde9,Procedure Simulator Airway Pressure Detector,pmsr:/CSM99054fe9f50d3bde9,pmsr:/CBK1786054978465925000,pmsr:/INS1739392122823235,https://www.iso.org/standard/72704.html
pmsr:/COM910d7dc56987bb508,vstoi:Component,pmsr:/CSM9a57154fdbb87a265,Procedure Simulator Pulse Rate Detector,pmsr:/CSM9a57154fdbb87a265,pmsr:/CBK1786054978465925000,pmsr:/INS1739392122823235,https://www.iso.org/standard/72704.html
pmsr:/COM942bf8e4896b84caa,vstoi:Component,pmsr:/CSM996631ced811ada90,Prostate Model Scenario State Detector,pmsr:/CSM996631ced811ada90,pmsr:/CBK1786054978465925000,pmsr:/INS1739482671461295,https://www.nascohealthcare.com/
pmsr:/COM91c7e3ff99239f637,vstoi:Component,pmsr:/CSM9fefb1fd9927e8e34,Prostate Model Airway Pressure Detector,pmsr:/CSM9fefb1fd9927e8e34,pmsr:/CBK1786054978465925000,pmsr:/INS1739482671461295,https://www.nascohealthcare.com/
pmsr:/COM9c9ff8d56f8d7cbdd,vstoi:Component,pmsr:/CSM9158ef1d2236448ed,Prostate Model Pulse Rate Detector,pmsr:/CSM9158ef1d2236448ed,pmsr:/CBK1786054978465925000,pmsr:/INS1739482671461295,https://www.nascohealthcare.com/
pmsr:/COM99b366402d63f7fa5,vstoi:Component,pmsr:/CSM9861f75432df4d13d,Prostate Model Applied Force Detector,pmsr:/CSM9861f75432df4d13d,pmsr:/CBK1786054978465925000,pmsr:/INS1739482671461295,https://www.nascohealthcare.com/
pmsr:/COM9541cc6c9e3e47ee6,vstoi:Component,pmsr:/CSM995429221e2c9e7dc,Prostate Model Venous Flashback Detector,pmsr:/CSM995429221e2c9e7dc,pmsr:/CBK1786054978465925000,pmsr:/INS1739482671461295,https://www.nascohealthcare.com/
pmsr:/COM9571e850a06f3d647,vstoi:Component,pmsr:/CSM9d9a5612bfd67e90c,Prostate Model Action Sequence Detector,pmsr:/CSM9d9a5612bfd67e90c,pmsr:/CBK1786054978465925000,pmsr:/INS1739482671461295,https://www.nascohealthcare.com/
pmsr:/COM98f3ff67643f45204,vstoi:Component,pmsr:/CSM93ad77243e3602ae3,Prostate Model Ventilation Flow Detector,pmsr:/CSM93ad77243e3602ae3,pmsr:/CBK1786054978465925000,pmsr:/INS1739482671461295,https://www.nascohealthcare.com/
pmsr:/COM91180336174bbf453,vstoi:Component,pmsr:/CSM99db0afe6cba59dd7,Rectal Examination Simulator Interaction Event Detector,pmsr:/CSM99db0afe6cba59dd7,pmsr:/CBK1786054978465925000,pmsr:/INS1739287640585765,https://www.nascohealthcare.com/news-and-events/local-events-news/
pmsr:/COM96cc002757e56c4f0,vstoi:Component,pmsr:/CSM974c53dc821f9bdf5,Rectal Examination Simulator Airway Pressure Detector,pmsr:/CSM974c53dc821f9bdf5,pmsr:/CBK1786054978465925000,pmsr:/INS1739287640585765,https://www.nascohealthcare.com/news-and-events/local-events-news/
pmsr:/COM98b4114bfe542f34f,vstoi:Component,pmsr:/CSM9817dd67c0cc15561,Rectal Examination Simulator Pulse Rate Detector,pmsr:/CSM9817dd67c0cc15561,pmsr:/CBK1786054978465925000,pmsr:/INS1739287640585765,https://www.nascohealthcare.com/news-and-events/local-events-news/
pmsr:/COM9b0f7b6492897059a,vstoi:Component,pmsr:/CSM93937e5987505333e,Rectal Examination Simulator Applied Force Detector,pmsr:/CSM93937e5987505333e,pmsr:/CBK1786054978465925000,pmsr:/INS1739287640585765,https://www.nascohealthcare.com/news-and-events/local-events-news/
pmsr:/COM926231690af4490a4,vstoi:Component,pmsr:/CSM9935ce957d0181e93,Rectal Examination Simulator Venous Flashback Detector,pmsr:/CSM9935ce957d0181e93,pmsr:/CBK1786054978465925000,pmsr:/INS1739287640585765,https://www.nascohealthcare.com/news-and-events/local-events-news/
pmsr:/COM9ffe27a9e36b56690,vstoi:Component,pmsr:/CSM9a4d37f93f255d3fd,Rectal Examination Simulator Procedure Completion Detector,pmsr:/CSM9a4d37f93f255d3fd,pmsr:/CBK1786054978465925000,pmsr:/INS1739287640585765,https://www.nascohealthcare.com/news-and-events/local-events-news/
pmsr:/COM9b0a625fabd3fd029,vstoi:Component,pmsr:/CSM9b299d3003ac38652,Rectal Examination Simulator Ventilation Flow Detector,pmsr:/CSM9b299d3003ac38652,pmsr:/CBK1786054978465925000,pmsr:/INS1739287640585765,https://www.nascohealthcare.com/news-and-events/local-events-news/
pmsr:/COM9a57fbd9dc7e5f714,vstoi:Component,pmsr:/CSM91afbc7db76020049,Rectal Medicine Administration Simulator Interaction Event Detector,pmsr:/CSM91afbc7db76020049,pmsr:/CBK1786054978465925000,pmsr:/INS1739402477829135,https://limbsandthings.com/us/support/
pmsr:/COM96f52833f2533fe79,vstoi:Component,pmsr:/CSM98b1ee7182ad3bbd3,Rectal Medicine Administration Simulator Airway Pressure Detector,pmsr:/CSM98b1ee7182ad3bbd3,pmsr:/CBK1786054978465925000,pmsr:/INS1739402477829135,https://limbsandthings.com/us/support/
pmsr:/COM91c22e7c1293ba759,vstoi:Component,pmsr:/CSM965ba6f22e3fa0c32,Rectal Medicine Administration Simulator Pulse Rate Detector,pmsr:/CSM965ba6f22e3fa0c32,pmsr:/CBK1786054978465925000,pmsr:/INS1739402477829135,https://limbsandthings.com/us/support/
pmsr:/COM98d1a2dc5f00f99d6,vstoi:Component,pmsr:/CSM9897b8e60a24d3a05,Rectal Medicine Administration Simulator Applied Force Detector,pmsr:/CSM9897b8e60a24d3a05,pmsr:/CBK1786054978465925000,pmsr:/INS1739402477829135,https://limbsandthings.com/us/support/
pmsr:/COM97ada8062e60b4897,vstoi:Component,pmsr:/CSM979d8ebc448ebc615,Rectal Medicine Administration Simulator Venous Flashback Detector,pmsr:/CSM979d8ebc448ebc615,pmsr:/CBK1786054978465925000,pmsr:/INS1739402477829135,https://limbsandthings.com/us/support/
pmsr:/COM9a4ee6fd9055b152a,vstoi:Component,pmsr:/CSM96ebf1c7d618eebc9,Rectal Medicine Administration Simulator Procedure Completion Detector,pmsr:/CSM96ebf1c7d618eebc9,pmsr:/CBK1786054978465925000,pmsr:/INS1739402477829135,https://limbsandthings.com/us/support/
pmsr:/COM959faf819b96a63f8,vstoi:Component,pmsr:/CSM9dc25030be7413835,Rectal Medicine Administration Simulator Ventilation Flow Detector,pmsr:/CSM9dc25030be7413835,pmsr:/CBK1786054978465925000,pmsr:/INS1739402477829135,https://limbsandthings.com/us/support/
pmsr:/COM9960da7692e99bb20,vstoi:Component,pmsr:/CSM90c123e4114a66687,ResusciAnne DAE Simulator Pulse Rate Detector,pmsr:/CSM90c123e4114a66687,pmsr:/CBK1786054978465925000,pmsr:/INS1739392275798255,https://laerdal.com/us/products/simulation-training/
pmsr:/COM9d7d66aa366c4f494,vstoi:Component,pmsr:/CSM98df3249f85c5e8ca,ResusciAnne DAE Simulator Airway Pressure Detector,pmsr:/CSM98df3249f85c5e8ca,pmsr:/CBK1786054978465925000,pmsr:/INS1739392275798255,https://laerdal.com/us/products/simulation-training/
pmsr:/COM978fc96aff163d1e0,vstoi:Component,pmsr:/CSM9eef47d93782e8659,ResusciAnne DAE Simulator Applied Force Detector,pmsr:/CSM9eef47d93782e8659,pmsr:/CBK1786054978465925000,pmsr:/INS1739392275798255,https://laerdal.com/us/products/simulation-training/
pmsr:/COM9caaedbf5138894bd,vstoi:Component,pmsr:/CSM92a907116b65a6421,ResusciAnne DAE Simulator Venous Flashback Detector,pmsr:/CSM92a907116b65a6421,pmsr:/CBK1786054978465925000,pmsr:/INS1739392275798255,https://laerdal.com/us/products/simulation-training/
pmsr:/COM9816d24c0c74717d4,vstoi:Component,pmsr:/CSM981edf5392a6f27fd,ResusciAnne DAE Simulator ECG Rhythm Detector,pmsr:/CSM981edf5392a6f27fd,pmsr:/CBK1786054978465925000,pmsr:/INS1739392275798255,https://laerdal.com/us/products/simulation-training/
pmsr:/COM982078f1834da2585,vstoi:Component,pmsr:/CSM9ca21cc356a61f785,ResusciAnne DAE Simulator Ventilation Flow Detector,pmsr:/CSM9ca21cc356a61f785,pmsr:/CBK1786054978465925000,pmsr:/INS1739392275798255,https://laerdal.com/us/products/simulation-training/
pmsr:/COM9d29656bc6a4d0a1a,vstoi:Component,pmsr:/CSM90642fc1e1aee4994,ResusciAnne DAE Simulator Compression Depth Detector,pmsr:/CSM90642fc1e1aee4994,pmsr:/CBK1786054978465925000,pmsr:/INS1739392275798255,https://laerdal.com/us/products/simulation-training/
pmsr:/COM9619086d7bbcc9226,vstoi:Component,pmsr:/CSM970e177f672efb738,SimSleeves Lymphedema Simulator Tissue Volume Change Detector,pmsr:/CSM970e177f672efb738,pmsr:/CBK1786054978465925000,pmsr:/INS1739452868256965,https://www.iso.org/standard/72704.html
pmsr:/COM99a70c66f3516daf8,vstoi:Component,pmsr:/CSM9f551c77639710ca2,SimSleeves Lymphedema Simulator Airway Pressure Detector,pmsr:/CSM9f551c77639710ca2,pmsr:/CBK1786054978465925000,pmsr:/INS1739452868256965,https://www.iso.org/standard/72704.html
pmsr:/COM91cf267dc92161336,vstoi:Component,pmsr:/CSM98d97a1033f13e939,SimSleeves Lymphedema Simulator Pulse Rate Detector,pmsr:/CSM98d97a1033f13e939,pmsr:/CBK1786054978465925000,pmsr:/INS1739452868256965,https://www.iso.org/standard/72704.html
pmsr:/COM9f5958f6ad98f1a7c,vstoi:Component,pmsr:/CSM9d44ac266b93ce6ac,SimSleeves Lymphedema Simulator Applied Force Detector,pmsr:/CSM9d44ac266b93ce6ac,pmsr:/CBK1786054978465925000,pmsr:/INS1739452868256965,https://www.iso.org/standard/72704.html
pmsr:/COM9d8c291695893b5e6,vstoi:Component,pmsr:/CSM940c7418cb5f9240a,SimSleeves Lymphedema Simulator Venous Flashback Detector,pmsr:/CSM940c7418cb5f9240a,pmsr:/CBK1786054978465925000,pmsr:/INS1739452868256965,https://www.iso.org/standard/72704.html
pmsr:/COM9cfc99b1c5027da1a,vstoi:Component,pmsr:/CSM9bcbdcf8e0bc0db2b,SimSleeves Lymphedema Simulator Pitting Response Detector,pmsr:/CSM9bcbdcf8e0bc0db2b,pmsr:/CBK1786054978465925000,pmsr:/INS1739452868256965,https://www.iso.org/standard/72704.html
pmsr:/COM97edd30ae5b4d72f6,vstoi:Component,pmsr:/CSM96b320f97e27f4764,SimSleeves Lymphedema Simulator Ventilation Flow Detector,pmsr:/CSM96b320f97e27f4764,pmsr:/CBK1786054978465925000,pmsr:/INS1739452868256965,https://www.iso.org/standard/72704.html
pmsr:/COM9a01236aef7b529fc,vstoi:Component,pmsr:/CSM91ef4ad67a7627dcd,Skin Care Procedure Simulator Interaction Event Detector,pmsr:/CSM91ef4ad67a7627dcd,pmsr:/CBK1786054978465925000,pmsr:/INS1739452783104705,https://www.iso.org/standard/72704.html
pmsr:/COM91894acc6f27faaa5,vstoi:Component,pmsr:/CSM927cb7a467a83506d,Skin Care Procedure Simulator Airway Pressure Detector,pmsr:/CSM927cb7a467a83506d,pmsr:/CBK1786054978465925000,pmsr:/INS1739452783104705,https://www.iso.org/standard/72704.html
pmsr:/COM90337644b97730531,vstoi:Component,pmsr:/CSM9f65ab25189368d12,Skin Care Procedure Simulator Pulse Rate Detector,pmsr:/CSM9f65ab25189368d12,pmsr:/CBK1786054978465925000,pmsr:/INS1739452783104705,https://www.iso.org/standard/72704.html
pmsr:/COM9c287c422efac4ec7,vstoi:Component,pmsr:/CSM9fbb441c6b88f2464,Stomach Bag Maintenance Simulator Airway Pressure Detector,pmsr:/CSM9fbb441c6b88f2464,pmsr:/CBK1786054978465925000,pmsr:/INS1739401836683455,https://www.nascohealthcare.com/online-orders-terms-and-conditions-of-sale/
pmsr:/COM9e085978ccb06b563,vstoi:Component,pmsr:/CSM9cb41942b4825052c,Stomach Bag Maintenance Simulator Pulse Rate Detector,pmsr:/CSM9cb41942b4825052c,pmsr:/CBK1786054978465925000,pmsr:/INS1739401836683455,https://www.nascohealthcare.com/online-orders-terms-and-conditions-of-sale/
pmsr:/COM955935d04dca458a5,vstoi:Component,pmsr:/CSM9bd1d9973366ea913,Stomach Bag Maintenance Simulator Applied Force Detector,pmsr:/CSM9bd1d9973366ea913,pmsr:/CBK1786054978465925000,pmsr:/INS1739401836683455,https://www.nascohealthcare.com/online-orders-terms-and-conditions-of-sale/
pmsr:/COM9890c704291e28d1f,vstoi:Component,pmsr:/CSM9eef767fa1ace4b30,Suture Simulator Interaction Event Detector,pmsr:/CSM9eef767fa1ace4b30,pmsr:/CBK1786054978465925000,pmsr:/INS1739301891301765,https://www.nascohealthcare.com/
pmsr:/COM959ccc3368e3f5620,vstoi:Component,pmsr:/CSM9805cfefdfc305f4c,Suture Simulator Airway Pressure Detector,pmsr:/CSM9805cfefdfc305f4c,pmsr:/CBK1786054978465925000,pmsr:/INS1739301891301765,https://www.nascohealthcare.com/
pmsr:/COM9345ec3757a135c9d,vstoi:Component,pmsr:/CSM94b561a1318f2ade7,Suture Simulator Pulse Rate Detector,pmsr:/CSM94b561a1318f2ade7,pmsr:/CBK1786054978465925000,pmsr:/INS1739301891301765,https://www.nascohealthcare.com/
pmsr:/COM9588e6e7b70b89a74,vstoi:Component,pmsr:/CSM909e25e328b7471c1,Ultrasound Probe Contact Detector,pmsr:/CSM909e25e328b7471c1,pmsr:/CBK1786054978465925000,pmsr:/INS1739288428472235,https://www.chison.com/products/
pmsr:/COM9426af93ae62fab70,vstoi:Component,pmsr:/CSM937926949086cb038,Urine Bag Maintenance Simulator Interaction Event Detector,pmsr:/CSM937926949086cb038,pmsr:/CBK1786054978465925000,pmsr:/INS1739401657491675,https://www.nascohealthcare.com/online-orders-terms-and-conditions-of-sale/
pmsr:/COM980e56f22300513df,vstoi:Component,pmsr:/CSM995323565f87c525c,Urine Bag Maintenance Simulator Airway Pressure Detector,pmsr:/CSM995323565f87c525c,pmsr:/CBK1786054978465925000,pmsr:/INS1739401657491675,https://www.nascohealthcare.com/online-orders-terms-and-conditions-of-sale/
pmsr:/COM96422618712037a36,vstoi:Component,pmsr:/CSM9d429633dc9589f8c,Urine Bag Maintenance Simulator Pulse Rate Detector,pmsr:/CSM9d429633dc9589f8c,pmsr:/CBK1786054978465925000,pmsr:/INS1739401657491675,https://www.nascohealthcare.com/online-orders-terms-and-conditions-of-sale/
pmsr:/COM966811d1a69c6d18e,vstoi:Component,pmsr:/CSM972f3a976185f5c65,Vaginal Medicine Administration Simulator Interaction Event Detector,pmsr:/CSM972f3a976185f5c65,pmsr:/CBK1786054978465925000,pmsr:/INS1739402585415785,https://www.fda.gov/medsun-medical-product-safety-network
pmsr:/COM998c1e25534301edf,vstoi:Component,pmsr:/CSM92f05ea5ce25ca832,Vaginal Medicine Administration Simulator Airway Pressure Detector,pmsr:/CSM92f05ea5ce25ca832,pmsr:/CBK1786054978465925000,pmsr:/INS1739402585415785,https://www.fda.gov/medsun-medical-product-safety-network
pmsr:/COM92c9f95202c7e7c2b,vstoi:Component,pmsr:/CSM9e9cb4423cdba39d8,Vaginal Medicine Administration Simulator Pulse Rate Detector,pmsr:/CSM9e9cb4423cdba39d8,pmsr:/CBK1786054978465925000,pmsr:/INS1739402585415785,https://www.fda.gov/medsun-medical-product-safety-network
pmsr:/COM9f6f9ae07599d51ff,vstoi:Component,pmsr:/CSM93df49a845b11800f,Vascular Access Simulator Interaction Event Detector,pmsr:/CSM93df49a845b11800f,pmsr:/CBK1786054978465925000,pmsr:/INS1739302175458785,https://limbsandthings.com/us/support/
pmsr:/COM9a1ebe275b2fdc00c,vstoi:Component,pmsr:/CSM96c74846f2a7b0826,Vascular Access Simulator Airway Pressure Detector,pmsr:/CSM96c74846f2a7b0826,pmsr:/CBK1786054978465925000,pmsr:/INS1739302175458785,https://limbsandthings.com/us/support/
pmsr:/COM98c0899e98cf33fab,vstoi:Component,pmsr:/CSM9cec0ffc160acf3e2,Vascular Access Simulator Pulse Rate Detector,pmsr:/CSM9cec0ffc160acf3e2,pmsr:/CBK1786054978465925000,pmsr:/INS1739302175458785,https://limbsandthings.com/us/support/
pmsr:/COM926891c43f0462ad6,vstoi:Component,pmsr:/CSM9c78002565c4fabf7,Vascular Access Ultrasound Simulator Probe Contact Detector,pmsr:/CSM9c78002565c4fabf7,pmsr:/CBK1786054978465925000,pmsr:/INS1739288297796655,https://www.chison.com/products/
pmsr:/COM96138da5794e7bc8b,vstoi:Component,pmsr:/CSM9d43299d54e549085,Ventilator Care Simulator Venous Flashback Detector,pmsr:/CSM9d43299d54e549085,pmsr:/CBK1786054978465925000,pmsr:/INS1739303008518495,https://www.iso.org/standard/72704.html
pmsr:/COM95ba0875fb0e99ffa,vstoi:Component,pmsr:/CSM941d8f17c12987daf,Ventilator Care Simulator Airway Pressure Detector,pmsr:/CSM941d8f17c12987daf,pmsr:/CBK1786054978465925000,pmsr:/INS1739303008518495,https://www.iso.org/standard/72704.html
pmsr:/COM9b55943467355f1e1,vstoi:Component,pmsr:/CSM9a91c686601b69439,Ventilator Care Simulator Pulse Rate Detector,pmsr:/CSM9a91c686601b69439,pmsr:/CBK1786054978465925000,pmsr:/INS1739303008518495,https://www.iso.org/standard/72704.html
