instrument_uri,instrument_label,mode_hasco_type,component_uri,component_label,component_kind,has_doc_evidence,doc_family,primary_doc_url,secondary_doc_url,status
ncit:C16830,Medical Device,vstoi:Instrument,pmsr:/COM1786054978466790000,Medical Device Detector,detector,yes,General Medical Device Governance,https://www.fda.gov/medical-devices/device-advice-comprehensive-regulatory-assistance/medical-device-databases,https://www.iso.org/standard/72704.html,ok
ncit:C16830,Medical Device,vstoi:Instrument,pmsr:/COM1786054978466794000,Medical Device Actuator,actuator,yes,General Medical Device Governance,https://www.fda.gov/medical-devices/device-advice-comprehensive-regulatory-assistance/medical-device-databases,https://www.iso.org/standard/72704.html,ok
pmsr:/INS1739287021517805,Diagnostic Simulators,vstoi:Instrument,pmsr:/COM1786054978466375000,Diagnostic Simulators Detector,detector,yes,General Medical Device Governance,https://www.fda.gov/medical-devices/device-advice-comprehensive-regulatory-assistance/medical-device-databases,https://www.iso.org/standard/72704.html,ok
pmsr:/INS1739287021517805,Diagnostic Simulators,vstoi:Instrument,pmsr:/COM1786054978466380000,Diagnostic Simulators Actuator,actuator,yes,General Medical Device Governance,https://www.fda.gov/medical-devices/device-advice-comprehensive-regulatory-assistance/medical-device-databases,https://www.iso.org/standard/72704.html,ok
pmsr:/INS1739287092102085,Medical Examination Simulators,vstoi:Instrument,pmsr:/COM1786054978466811000,Medical Examination Simulators Detector,detector,yes,General Medical Device Governance,https://www.fda.gov/medical-devices/device-advice-comprehensive-regulatory-assistance/medical-device-databases,https://www.iso.org/standard/72704.html,ok
pmsr:/INS1739287092102085,Medical Examination Simulators,vstoi:Instrument,pmsr:/COM1786054978466817000,Medical Examination Simulators Actuator,actuator,yes,General Medical Device Governance,https://www.fda.gov/medical-devices/device-advice-comprehensive-regulatory-assistance/medical-device-databases,https://www.iso.org/standard/72704.html,ok
pmsr:/INS1739287159797795,High-Fidelity Mannequin,vstoi:Instrument,pmsr:/COM1786054978466495000,High-Fidelity Mannequin Detector,detector,yes,Resuscitation and Mannequin Platforms,https://laerdal.force.com/HelpCenter/s/,https://cpr.heart.org/en/resuscitation-science/cpr-and-ecc-guidelines,ok
pmsr:/INS1739287159797795,High-Fidelity Mannequin,vstoi:Instrument,pmsr:/COM1786054978466499000,High-Fidelity Mannequin Actuator,actuator,yes,Resuscitation and Mannequin Platforms,https://laerdal.force.com/HelpCenter/s/,https://cpr.heart.org/en/resuscitation-science/cpr-and-ecc-guidelines,ok
pmsr:/INS1739287212610855,Dani Model,vstoi:Instrument,pmsr:/COM1786054978466344000,Dani Model Detector,detector,yes,General Medical Device Governance,https://www.fda.gov/medical-devices/device-advice-comprehensive-regulatory-assistance/medical-device-databases,https://www.iso.org/standard/72704.html,ok
pmsr:/INS1739287212610855,Dani Model,vstoi:Instrument,pmsr:/COM1786054978466348000,Dani Model Actuator,actuator,yes,General Medical Device Governance,https://www.fda.gov/medical-devices/device-advice-comprehensive-regulatory-assistance/medical-device-databases,https://www.iso.org/standard/72704.html,ok
pmsr:/INS1739287640585765,Rectal Examination Simulator,vstoi:Instrument,pmsr:/COM1786054978467155000,Rectal Examination Simulator Detector,detector,yes,Procedure Trainers and Skills Simulators,https://limbsandthings.com/us/support/,https://www.cdc.gov/infection-control/,ok
pmsr:/INS1739287640585765,Rectal Examination Simulator,vstoi:Instrument,pmsr:/COM1786054978467160000,Rectal Examination Simulator Actuator,actuator,yes,Procedure Trainers and Skills Simulators,https://limbsandthings.com/us/support/,https://www.cdc.gov/infection-control/,ok
pmsr:/INS1739288006994165,Diagnostic Imaging Simulator,vstoi:Instrument,pmsr:/COM1786054978466360000,Diagnostic Imaging Simulator Detector,detector,yes,Point-of-Care Ultrasound and Imaging,https://support.butterflynetwork.com/hc/en-us,https://www.who.int/teams/health-product-policy-and-standards/assistive-and-medical-technology/medical-devices,ok
pmsr:/INS1739288006994165,Diagnostic Imaging Simulator,vstoi:Instrument,pmsr:/COM1786054978466364000,Diagnostic Imaging Simulator Actuator,actuator,yes,Point-of-Care Ultrasound and Imaging,https://support.butterflynetwork.com/hc/en-us,https://www.who.int/teams/health-product-policy-and-standards/assistive-and-medical-technology/medical-devices,ok
pmsr:/INS1739288153666735,Diagnostic Ultrasound,vstoi:Instrument,pmsr:/COM1786054978466392000,Diagnostic Ultrasound Detector,detector,yes,Point-of-Care Ultrasound and Imaging,https://support.butterflynetwork.com/hc/en-us,https://www.who.int/teams/health-product-policy-and-standards/assistive-and-medical-technology/medical-devices,ok
pmsr:/INS1739288153666735,Diagnostic Ultrasound,vstoi:Instrument,pmsr:/COM1786054978466395000,Diagnostic Ultrasound Actuator,actuator,yes,Point-of-Care Ultrasound and Imaging,https://support.butterflynetwork.com/hc/en-us,https://www.who.int/teams/health-product-policy-and-standards/assistive-and-medical-technology/medical-devices,ok
pmsr:/INS1739288297796655,Vascular Access Ultrasound Simulator,vstoi:Instrument,pmsr:/COM1786054978467435000,Vascular Access Ultrasound Simulator Detector,detector,yes,Point-of-Care Ultrasound and Imaging,https://support.butterflynetwork.com/hc/en-us,https://www.who.int/teams/health-product-policy-and-standards/assistive-and-medical-technology/medical-devices,ok
pmsr:/INS1739288297796655,Vascular Access Ultrasound Simulator,vstoi:Instrument,pmsr:/COM1786054978467440000,Vascular Access Ultrasound Simulator Actuator,actuator,yes,Point-of-Care Ultrasound and Imaging,https://support.butterflynetwork.com/hc/en-us,https://www.who.int/teams/health-product-policy-and-standards/assistive-and-medical-technology/medical-devices,ok
pmsr:/INS1739288428472235,Ultrasound,vstoi:Instrument,pmsr:/COM1786054978467339000,Ultrasound Detector,detector,yes,Point-of-Care Ultrasound and Imaging,https://support.butterflynetwork.com/hc/en-us,https://www.who.int/teams/health-product-policy-and-standards/assistive-and-medical-technology/medical-devices,ok
pmsr:/INS1739288428472235,Ultrasound,vstoi:Instrument,pmsr:/COM1786054978467343000,Ultrasound Actuator,actuator,yes,Point-of-Care Ultrasound and Imaging,https://support.butterflynetwork.com/hc/en-us,https://www.who.int/teams/health-product-policy-and-standards/assistive-and-medical-technology/medical-devices,ok
pmsr:/INS1739288499528465,Chison Cbit-9 Stationary Ultrasound,vstoi:Instrument,pmsr:/COM1786054978466328000,Chison Cbit-9 Stationary Ultrasound Detector,detector,yes,Point-of-Care Ultrasound and Imaging,https://support.butterflynetwork.com/hc/en-us,https://www.who.int/teams/health-product-policy-and-standards/assistive-and-medical-technology/medical-devices,ok
pmsr:/INS1739288499528465,Chison Cbit-9 Stationary Ultrasound,vstoi:Instrument,pmsr:/COM1786054978466332000,Chison Cbit-9 Stationary Ultrasound Actuator,actuator,yes,Point-of-Care Ultrasound and Imaging,https://support.butterflynetwork.com/hc/en-us,https://www.who.int/teams/health-product-policy-and-standards/assistive-and-medical-technology/medical-devices,ok
pmsr:/INS1739288566447555,Portable Ultrasound,vstoi:Instrument,pmsr:/COM1786054978467089000,Portable Ultrasound Detector,detector,yes,Point-of-Care Ultrasound and Imaging,https://support.butterflynetwork.com/hc/en-us,https://www.who.int/teams/health-product-policy-and-standards/assistive-and-medical-technology/medical-devices,ok
pmsr:/INS1739288566447555,Portable Ultrasound,vstoi:Instrument,pmsr:/COM1786054978467094000,Portable Ultrasound Actuator,actuator,yes,Point-of-Care Ultrasound and Imaging,https://support.butterflynetwork.com/hc/en-us,https://www.who.int/teams/health-product-policy-and-standards/assistive-and-medical-technology/medical-devices,ok
pmsr:/INS1739288625580975,Butterfly IQ+,vstoi:Instrument,pmsr:/COM1786054978466222000,Butterfly IQ+ Detector,detector,yes,Point-of-Care Ultrasound and Imaging,https://support.butterflynetwork.com/hc/en-us,https://www.who.int/teams/health-product-policy-and-standards/assistive-and-medical-technology/medical-devices,ok
pmsr:/INS1739288625580975,Butterfly IQ+,vstoi:Instrument,pmsr:/COM1786054978466225000,Butterfly IQ+ Actuator,actuator,yes,Point-of-Care Ultrasound and Imaging,https://support.butterflynetwork.com/hc/en-us,https://www.who.int/teams/health-product-policy-and-standards/assistive-and-medical-technology/medical-devices,ok
pmsr:/INS1739288691415495,Butterfly Ultrasound Probes,vstoi:Instrument,pmsr:/COM1786054978466236000,Butterfly Ultrasound Probes Detector,detector,yes,Point-of-Care Ultrasound and Imaging,https://support.butterflynetwork.com/hc/en-us,https://www.who.int/teams/health-product-policy-and-standards/assistive-and-medical-technology/medical-devices,ok
pmsr:/INS1739288691415495,Butterfly Ultrasound Probes,vstoi:Instrument,pmsr:/COM1786054978466241000,Butterfly Ultrasound Probes Actuator,actuator,yes,Point-of-Care Ultrasound and Imaging,https://support.butterflynetwork.com/hc/en-us,https://www.who.int/teams/health-product-policy-and-standards/assistive-and-medical-technology/medical-devices,ok
pmsr:/INS1739300958884615,Imaging,vstoi:Instrument,pmsr:/COM1786054978466531000,Imaging Detector,detector,yes,Point-of-Care Ultrasound and Imaging,https://support.butterflynetwork.com/hc/en-us,https://www.who.int/teams/health-product-policy-and-standards/assistive-and-medical-technology/medical-devices,ok
pmsr:/INS1739300958884615,Imaging,vstoi:Instrument,pmsr:/COM1786054978466538000,Imaging Actuator,actuator,yes,Point-of-Care Ultrasound and Imaging,https://support.butterflynetwork.com/hc/en-us,https://www.who.int/teams/health-product-policy-and-standards/assistive-and-medical-technology/medical-devices,ok
pmsr:/INS1739301009974715,ARTEC LEO Scanner,vstoi:Instrument,pmsr:/COM1786054978466045000,ARTEC LEO Scanner Detector,detector,yes,Dental and Oral Scanning Systems,https://support.3shape.com/,https://www.fda.gov/medical-devices/device-advice-comprehensive-regulatory-assistance/medical-device-databases,ok
pmsr:/INS1739301009974715,ARTEC LEO Scanner,vstoi:Instrument,pmsr:/COM1786054978466052000,ARTEC LEO Scanner Actuator,actuator,yes,Dental and Oral Scanning Systems,https://support.3shape.com/,https://www.fda.gov/medical-devices/device-advice-comprehensive-regulatory-assistance/medical-device-databases,ok
pmsr:/INS1739301081410085,Intraoral Scanner,vstoi:Instrument,pmsr:/COM1786054978466570000,Intraoral Scanner Detector,detector,yes,Dental and Oral Scanning Systems,https://support.3shape.com/,https://www.fda.gov/medical-devices/device-advice-comprehensive-regulatory-assistance/medical-device-databases,ok
pmsr:/INS1739301081410085,Intraoral Scanner,vstoi:Instrument,pmsr:/COM1786054978466575000,Intraoral Scanner Actuator,actuator,yes,Dental and Oral Scanning Systems,https://support.3shape.com/,https://www.fda.gov/medical-devices/device-advice-comprehensive-regulatory-assistance/medical-device-databases,ok
pmsr:/INS1739301133578555,Extraoral Scanner,vstoi:Instrument,pmsr:/COM1786054978466425000,Extraoral Scanner Detector,detector,yes,Dental and Oral Scanning Systems,https://support.3shape.com/,https://www.fda.gov/medical-devices/device-advice-comprehensive-regulatory-assistance/medical-device-databases,ok
pmsr:/INS1739301133578555,Extraoral Scanner,vstoi:Instrument,pmsr:/COM1786054978466429000,Extraoral Scanner Actuator,actuator,yes,Dental and Oral Scanning Systems,https://support.3shape.com/,https://www.fda.gov/medical-devices/device-advice-comprehensive-regulatory-assistance/medical-device-databases,ok
pmsr:/INS1739301189412025,CAD-CAM System,vstoi:Instrument,pmsr:/COM1786054978466252000,CAD-CAM System Detector,detector,yes,Dental and Oral Scanning Systems,https://support.3shape.com/,https://www.fda.gov/medical-devices/device-advice-comprehensive-regulatory-assistance/medical-device-databases,ok
pmsr:/INS1739301189412025,CAD-CAM System,vstoi:Instrument,pmsr:/COM1786054978466256000,CAD-CAM System Actuator,actuator,yes,Dental and Oral Scanning Systems,https://support.3shape.com/,https://www.fda.gov/medical-devices/device-advice-comprehensive-regulatory-assistance/medical-device-databases,ok
pmsr:/INS1739301317613705,Automated External Defibrilator,vstoi:Instrument,pmsr:/COM1786054978466180000,Automated External Defibrilator Detector,detector,yes,Resuscitation and Mannequin Platforms,https://laerdal.force.com/HelpCenter/s/,https://cpr.heart.org/en/resuscitation-science/cpr-and-ecc-guidelines,ok
pmsr:/INS1739301317613705,Automated External Defibrilator,vstoi:Instrument,pmsr:/COM1786054978466184000,Automated External Defibrilator Actuator,actuator,yes,Resuscitation and Mannequin Platforms,https://laerdal.force.com/HelpCenter/s/,https://cpr.heart.org/en/resuscitation-science/cpr-and-ecc-guidelines,ok
pmsr:/INS1739301711235865,Care Simulators,vstoi:Instrument,pmsr:/COM1786054978466312000,Care Simulators Detector,detector,yes,General Medical Device Governance,https://www.fda.gov/medical-devices/device-advice-comprehensive-regulatory-assistance/medical-device-databases,https://www.iso.org/standard/72704.html,ok
pmsr:/INS1739301711235865,Care Simulators,vstoi:Instrument,pmsr:/COM1786054978466316000,Care Simulators Actuator,actuator,yes,General Medical Device Governance,https://www.fda.gov/medical-devices/device-advice-comprehensive-regulatory-assistance/medical-device-databases,https://www.iso.org/standard/72704.html,ok
pmsr:/INS1739301814401805,Medical Procedure Simulator,vstoi:Instrument,pmsr:/COM1786054978466833000,Medical Procedure Simulator Detector,detector,yes,General Medical Device Governance,https://www.fda.gov/medical-devices/device-advice-comprehensive-regulatory-assistance/medical-device-databases,https://www.iso.org/standard/72704.html,ok
pmsr:/INS1739301814401805,Medical Procedure Simulator,vstoi:Instrument,pmsr:/COM1786054978466838000,Medical Procedure Simulator Actuator,actuator,yes,General Medical Device Governance,https://www.fda.gov/medical-devices/device-advice-comprehensive-regulatory-assistance/medical-device-databases,https://www.iso.org/standard/72704.html,ok
pmsr:/INS1739301891301765,Suture Simulator,vstoi:Instrument,pmsr:/COM1786054978467316000,Suture Simulator Detector,detector,yes,Procedure Trainers and Skills Simulators,https://limbsandthings.com/us/support/,https://www.cdc.gov/infection-control/,ok
pmsr:/INS1739301891301765,Suture Simulator,vstoi:Instrument,pmsr:/COM1786054978467320000,Suture Simulator Actuator,actuator,yes,Procedure Trainers and Skills Simulators,https://limbsandthings.com/us/support/,https://www.cdc.gov/infection-control/,ok
pmsr:/INS1739302175458785,Vascular Access Simulator,vstoi:Instrument,pmsr:/COM1786054978467411000,Vascular Access Simulator Detector,detector,yes,Procedure Trainers and Skills Simulators,https://limbsandthings.com/us/support/,https://www.cdc.gov/infection-control/,ok
pmsr:/INS1739302175458785,Vascular Access Simulator,vstoi:Instrument,pmsr:/COM1786054978467416000,Vascular Access Simulator Actuator,actuator,yes,Procedure Trainers and Skills Simulators,https://limbsandthings.com/us/support/,https://www.cdc.gov/infection-control/,ok
pmsr:/INS1739303008518495,Ventilator Care Simulator,vstoi:Instrument,pmsr:/COM1786054978467459000,Ventilator Care Simulator Detector,detector,yes,General Medical Device Governance,https://www.fda.gov/medical-devices/device-advice-comprehensive-regulatory-assistance/medical-device-databases,https://www.iso.org/standard/72704.html,ok
pmsr:/INS1739303008518495,Ventilator Care Simulator,vstoi:Instrument,pmsr:/COM1786054978467464000,Ventilator Care Simulator Actuator,actuator,yes,General Medical Device Governance,https://www.fda.gov/medical-devices/device-advice-comprehensive-regulatory-assistance/medical-device-databases,https://www.iso.org/standard/72704.html,ok
pmsr:/INS1739303195193785,Geriatic Care Simulator,vstoi:Instrument,pmsr:/COM1786054978466460000,Geriatic Care Simulator Detector,detector,yes,General Medical Device Governance,https://www.fda.gov/medical-devices/device-advice-comprehensive-regulatory-assistance/medical-device-databases,https://www.iso.org/standard/72704.html,ok
pmsr:/INS1739303195193785,Geriatic Care Simulator,vstoi:Instrument,pmsr:/COM1786054978466464000,Geriatic Care Simulator Actuator,actuator,yes,General Medical Device Governance,https://www.fda.gov/medical-devices/device-advice-comprehensive-regulatory-assistance/medical-device-databases,https://www.iso.org/standard/72704.html,ok
pmsr:/INS1739303333850795,Oncology Care Simulator,vstoi:Instrument,pmsr:/COM1786054978466920000,Oncology Care Simulator Detector,detector,yes,General Medical Device Governance,https://www.fda.gov/medical-devices/device-advice-comprehensive-regulatory-assistance/medical-device-databases,https://www.iso.org/standard/72704.html,ok
pmsr:/INS1739303333850795,Oncology Care Simulator,vstoi:Instrument,pmsr:/COM1786054978466925000,Oncology Care Simulator Actuator,actuator,yes,General Medical Device Governance,https://www.fda.gov/medical-devices/device-advice-comprehensive-regulatory-assistance/medical-device-databases,https://www.iso.org/standard/72704.html,ok
pmsr:/INS1739392122823235,Procedure Simulator,vstoi:Instrument,pmsr:/COM1786054978467110000,Procedure Simulator Detector,detector,yes,General Medical Device Governance,https://www.fda.gov/medical-devices/device-advice-comprehensive-regulatory-assistance/medical-device-databases,https://www.iso.org/standard/72704.html,ok
pmsr:/INS1739392122823235,Procedure Simulator,vstoi:Instrument,pmsr:/COM1786054978467116000,Procedure Simulator Actuator,actuator,yes,General Medical Device Governance,https://www.fda.gov/medical-devices/device-advice-comprehensive-regulatory-assistance/medical-device-databases,https://www.iso.org/standard/72704.html,ok
pmsr:/INS1739392182337835,Cardiac Procedure Simulator,vstoi:Instrument,pmsr:/COM1786054978466297000,Cardiac Procedure Simulator Detector,detector,yes,General Medical Device Governance,https://www.fda.gov/medical-devices/device-advice-comprehensive-regulatory-assistance/medical-device-databases,https://www.iso.org/standard/72704.html,ok
pmsr:/INS1739392182337835,Cardiac Procedure Simulator,vstoi:Instrument,pmsr:/COM1786054978466301000,Cardiac Procedure Simulator Actuator,actuator,yes,General Medical Device Governance,https://www.fda.gov/medical-devices/device-advice-comprehensive-regulatory-assistance/medical-device-databases,https://www.iso.org/standard/72704.html,ok
pmsr:/INS1739392275798255,ResusciAnne DAE Simulator,vstoi:Instrument,pmsr:/COM1786054978467199000,ResusciAnne DAE Simulator Detector,detector,yes,Resuscitation and Mannequin Platforms,https://laerdal.force.com/HelpCenter/s/,https://cpr.heart.org/en/resuscitation-science/cpr-and-ecc-guidelines,ok
pmsr:/INS1739392275798255,ResusciAnne DAE Simulator,vstoi:Instrument,pmsr:/COM1786054978467204000,ResusciAnne DAE Simulator Actuator,actuator,yes,Resuscitation and Mannequin Platforms,https://laerdal.force.com/HelpCenter/s/,https://cpr.heart.org/en/resuscitation-science/cpr-and-ecc-guidelines,ok
pmsr:/INS1739392367425715,Laerdal DAE Simulator,vstoi:Instrument,pmsr:/COM1786054978466628000,Laerdal DAE Simulator Detector,detector,yes,Resuscitation and Mannequin Platforms,https://laerdal.force.com/HelpCenter/s/,https://cpr.heart.org/en/resuscitation-science/cpr-and-ecc-guidelines,ok
pmsr:/INS1739392367425715,Laerdal DAE Simulator,vstoi:Instrument,pmsr:/COM1786054978466632000,Laerdal DAE Simulator Actuator,actuator,yes,Resuscitation and Mannequin Platforms,https://laerdal.force.com/HelpCenter/s/,https://cpr.heart.org/en/resuscitation-science/cpr-and-ecc-guidelines,ok
pmsr:/INS1739397137461495,Low-Fidelity Mannequin,vstoi:Instrument,pmsr:/COM1786054978466706000,Low-Fidelity Mannequin Detector,detector,yes,Resuscitation and Mannequin Platforms,https://laerdal.force.com/HelpCenter/s/,https://cpr.heart.org/en/resuscitation-science/cpr-and-ecc-guidelines,ok
pmsr:/INS1739397137461495,Low-Fidelity Mannequin,vstoi:Instrument,pmsr:/COM1786054978466711000,Low-Fidelity Mannequin Actuator,actuator,yes,Resuscitation and Mannequin Platforms,https://laerdal.force.com/HelpCenter/s/,https://cpr.heart.org/en/resuscitation-science/cpr-and-ecc-guidelines,ok
pmsr:/INS1739397556188145,Gynaecological Examination Mannequin,vstoi:Instrument,pmsr:/COM1786054978466477000,Gynaecological Examination Mannequin Detector,detector,yes,Resuscitation and Mannequin Platforms,https://laerdal.force.com/HelpCenter/s/,https://cpr.heart.org/en/resuscitation-science/cpr-and-ecc-guidelines,ok
pmsr:/INS1739397556188145,Gynaecological Examination Mannequin,vstoi:Instrument,pmsr:/COM1786054978466482000,Gynaecological Examination Mannequin Actuator,actuator,yes,Resuscitation and Mannequin Platforms,https://laerdal.force.com/HelpCenter/s/,https://cpr.heart.org/en/resuscitation-science/cpr-and-ecc-guidelines,ok
pmsr:/INS1739398437257165,Airway Simulator,vstoi:Instrument,pmsr:/COM1786054978466068000,Airway Simulator Detector,detector,yes,Procedure Trainers and Skills Simulators,https://limbsandthings.com/us/support/,https://www.cdc.gov/infection-control/,ok
pmsr:/INS1739398437257165,Airway Simulator,vstoi:Instrument,pmsr:/COM1786054978466074000,Airway Simulator Actuator,actuator,yes,Procedure Trainers and Skills Simulators,https://limbsandthings.com/us/support/,https://www.cdc.gov/infection-control/,ok
pmsr:/INS1739398519577895,Laerdal Airway Simulator,vstoi:Instrument,pmsr:/COM1786054978466608000,Laerdal Airway Simulator Detector,detector,yes,Resuscitation and Mannequin Platforms,https://laerdal.force.com/HelpCenter/s/,https://cpr.heart.org/en/resuscitation-science/cpr-and-ecc-guidelines,ok
pmsr:/INS1739398519577895,Laerdal Airway Simulator,vstoi:Instrument,pmsr:/COM1786054978466614000,Laerdal Airway Simulator Actuator,actuator,yes,Resuscitation and Mannequin Platforms,https://laerdal.force.com/HelpCenter/s/,https://cpr.heart.org/en/resuscitation-science/cpr-and-ecc-guidelines,ok
pmsr:/INS1739400689838665,Nursing Care Simulator,vstoi:Instrument,pmsr:/COM1786054978466875000,Nursing Care Simulator Detector,detector,yes,General Medical Device Governance,https://www.fda.gov/medical-devices/device-advice-comprehensive-regulatory-assistance/medical-device-databases,https://www.iso.org/standard/72704.html,ok
pmsr:/INS1739400689838665,Nursing Care Simulator,vstoi:Instrument,pmsr:/COM1786054978466881000,Nursing Care Simulator Actuator,actuator,yes,General Medical Device Governance,https://www.fda.gov/medical-devices/device-advice-comprehensive-regulatory-assistance/medical-device-databases,https://www.iso.org/standard/72704.html,ok
pmsr:/INS1739401557396065,Laerdal Nursing Care Simulator,vstoi:Instrument,pmsr:/COM1786054978466684000,Laerdal Nursing Care Simulator Detector,detector,yes,Resuscitation and Mannequin Platforms,https://laerdal.force.com/HelpCenter/s/,https://cpr.heart.org/en/resuscitation-science/cpr-and-ecc-guidelines,ok
pmsr:/INS1739401557396065,Laerdal Nursing Care Simulator,vstoi:Instrument,pmsr:/COM1786054978466690000,Laerdal Nursing Care Simulator Actuator,actuator,yes,Resuscitation and Mannequin Platforms,https://laerdal.force.com/HelpCenter/s/,https://cpr.heart.org/en/resuscitation-science/cpr-and-ecc-guidelines,ok
pmsr:/INS1739401657491675,Urine Bag Maintenance Simulator,vstoi:Instrument,pmsr:/COM1786054978467363000,Urine Bag Maintenance Simulator Detector,detector,yes,Procedure Trainers and Skills Simulators,https://limbsandthings.com/us/support/,https://www.cdc.gov/infection-control/,ok
pmsr:/INS1739401657491675,Urine Bag Maintenance Simulator,vstoi:Instrument,pmsr:/COM1786054978467367000,Urine Bag Maintenance Simulator Actuator,actuator,yes,Procedure Trainers and Skills Simulators,https://limbsandthings.com/us/support/,https://www.cdc.gov/infection-control/,ok
pmsr:/INS1739401836683455,Stomach Bag Maintenance Simulator,vstoi:Instrument,pmsr:/COM1786054978467291000,Stomach Bag Maintenance Simulator Detector,detector,yes,Procedure Trainers and Skills Simulators,https://limbsandthings.com/us/support/,https://www.cdc.gov/infection-control/,ok
pmsr:/INS1739401836683455,Stomach Bag Maintenance Simulator,vstoi:Instrument,pmsr:/COM1786054978467297000,Stomach Bag Maintenance Simulator Actuator,actuator,yes,Procedure Trainers and Skills Simulators,https://limbsandthings.com/us/support/,https://www.cdc.gov/infection-control/,ok
pmsr:/INS1739402037946315,IV Fluid Administration,vstoi:Instrument,pmsr:/COM1786054978466513000,IV Fluid Administration Detector,detector,yes,Procedure Trainers and Skills Simulators,https://limbsandthings.com/us/support/,https://www.cdc.gov/infection-control/,ok
pmsr:/INS1739402037946315,IV Fluid Administration,vstoi:Instrument,pmsr:/COM1786054978466517000,IV Fluid Administration Actuator,actuator,yes,Procedure Trainers and Skills Simulators,https://limbsandthings.com/us/support/,https://www.cdc.gov/infection-control/,ok
pmsr:/INS1739402230863265,Blood Pressure Measurement Simulator,vstoi:Instrument,pmsr:/COM1786054978466194000,Blood Pressure Measurement Simulator Detector,detector,yes,General Medical Device Governance,https://www.fda.gov/medical-devices/device-advice-comprehensive-regulatory-assistance/medical-device-databases,https://www.iso.org/standard/72704.html,ok
pmsr:/INS1739402230863265,Blood Pressure Measurement Simulator,vstoi:Instrument,pmsr:/COM1786054978466198000,Blood Pressure Measurement Simulator Actuator,actuator,yes,General Medical Device Governance,https://www.fda.gov/medical-devices/device-advice-comprehensive-regulatory-assistance/medical-device-databases,https://www.iso.org/standard/72704.html,ok
pmsr:/INS1739402477829135,Rectal Medicine Administration Simulator,vstoi:Instrument,pmsr:/COM1786054978467177000,Rectal Medicine Administration Simulator Detector,detector,yes,Procedure Trainers and Skills Simulators,https://limbsandthings.com/us/support/,https://www.cdc.gov/infection-control/,ok
pmsr:/INS1739402477829135,Rectal Medicine Administration Simulator,vstoi:Instrument,pmsr:/COM1786054978467182000,Rectal Medicine Administration Simulator Actuator,actuator,yes,Procedure Trainers and Skills Simulators,https://limbsandthings.com/us/support/,https://www.cdc.gov/infection-control/,ok
pmsr:/INS1739402585415785,Vaginal Medicine Administration Simulator,vstoi:Instrument,pmsr:/COM1786054978467387000,Vaginal Medicine Administration Simulator Detector,detector,yes,General Medical Device Governance,https://www.fda.gov/medical-devices/device-advice-comprehensive-regulatory-assistance/medical-device-databases,https://www.iso.org/standard/72704.html,ok
pmsr:/INS1739402585415785,Vaginal Medicine Administration Simulator,vstoi:Instrument,pmsr:/COM1786054978467392000,Vaginal Medicine Administration Simulator Actuator,actuator,yes,General Medical Device Governance,https://www.fda.gov/medical-devices/device-advice-comprehensive-regulatory-assistance/medical-device-databases,https://www.iso.org/standard/72704.html,ok
pmsr:/INS1739403078441215,Male Genitalia Catherization Simulator,vstoi:Instrument,pmsr:/COM1786054978466746000,Male Genitalia Catherization Simulator Detector,detector,yes,Procedure Trainers and Skills Simulators,https://limbsandthings.com/us/support/,https://www.cdc.gov/infection-control/,ok
pmsr:/INS1739403078441215,Male Genitalia Catherization Simulator,vstoi:Instrument,pmsr:/COM1786054978466752000,Male Genitalia Catherization Simulator Actuator,actuator,yes,Procedure Trainers and Skills Simulators,https://limbsandthings.com/us/support/,https://www.cdc.gov/infection-control/,ok
pmsr:/INS1739403188428355,Female Genitalia Catherization Simulator,vstoi:Instrument,pmsr:/COM1786054978466443000,Female Genitalia Catherization Simulator Detector,detector,yes,Procedure Trainers and Skills Simulators,https://limbsandthings.com/us/support/,https://www.cdc.gov/infection-control/,ok
pmsr:/INS1739403188428355,Female Genitalia Catherization Simulator,vstoi:Instrument,pmsr:/COM1786054978466447000,Female Genitalia Catherization Simulator Actuator,actuator,yes,Procedure Trainers and Skills Simulators,https://limbsandthings.com/us/support/,https://www.cdc.gov/infection-control/,ok
pmsr:/INS1739403291912375,Penis Foreskin Cleaning Simulator,vstoi:Instrument,pmsr:/COM1786054978466971000,Penis Foreskin Cleaning Simulator Detector,detector,yes,Procedure Trainers and Skills Simulators,https://limbsandthings.com/us/support/,https://www.cdc.gov/infection-control/,ok
pmsr:/INS1739403291912375,Penis Foreskin Cleaning Simulator,vstoi:Instrument,pmsr:/COM1786054978466976000,Penis Foreskin Cleaning Simulator Actuator,actuator,yes,Procedure Trainers and Skills Simulators,https://limbsandthings.com/us/support/,https://www.cdc.gov/infection-control/,ok
pmsr:/INS1739404046114785,Intramuscular Injections Simulator,vstoi:Instrument,pmsr:/COM1786054978466552000,Intramuscular Injections Simulator Detector,detector,yes,General Medical Device Governance,https://www.fda.gov/medical-devices/device-advice-comprehensive-regulatory-assistance/medical-device-databases,https://www.iso.org/standard/72704.html,ok
pmsr:/INS1739404046114785,Intramuscular Injections Simulator,vstoi:Instrument,pmsr:/COM1786054978466557000,Intramuscular Injections Simulator Actuator,actuator,yes,General Medical Device Governance,https://www.fda.gov/medical-devices/device-advice-comprehensive-regulatory-assistance/medical-device-databases,https://www.iso.org/standard/72704.html,ok
pmsr:/INS1739404158691525,Ear Irrigation Simulator,vstoi:Instrument,pmsr:/COM1786054978466408000,Ear Irrigation Simulator Detector,detector,yes,General Medical Device Governance,https://www.fda.gov/medical-devices/device-advice-comprehensive-regulatory-assistance/medical-device-databases,https://www.iso.org/standard/72704.html,ok
pmsr:/INS1739404158691525,Ear Irrigation Simulator,vstoi:Instrument,pmsr:/COM1786054978466412000,Ear Irrigation Simulator Actuator,actuator,yes,General Medical Device Governance,https://www.fda.gov/medical-devices/device-advice-comprehensive-regulatory-assistance/medical-device-databases,https://www.iso.org/standard/72704.html,ok
pmsr:/INS1739451831725785,Virtual Patient Anatomy Simulator,vstoi:Instrument,pmsr:/COM1786054978467508000,Virtual Patient Anatomy Simulator Detector,detector,yes,Virtual Patient and Digital Simulation,https://support.bodyinteract.com/,https://www.ssih.org/,ok
pmsr:/INS1739451831725785,Virtual Patient Anatomy Simulator,vstoi:Instrument,pmsr:/COM1786054978467513000,Virtual Patient Anatomy Simulator Actuator,actuator,yes,Virtual Patient and Digital Simulation,https://support.bodyinteract.com/,https://www.ssih.org/,ok
pmsr:/INS1739452063713965,Anatomage Table Simulator,vstoi:Instrument,pmsr:/COM1786054978466154000,Anatomage Table Simulator Detector,detector,yes,Anatomy Table and 3D Simulation,https://www.anatomage.com/table/,https://www.inacsl.org/healthcare-simulation-standards/,ok
pmsr:/INS1739452063713965,Anatomage Table Simulator,vstoi:Instrument,pmsr:/COM1786054978466157000,Anatomage Table Simulator Actuator,actuator,yes,Anatomy Table and 3D Simulation,https://www.anatomage.com/table/,https://www.inacsl.org/healthcare-simulation-standards/,ok
pmsr:/INS1739452783104705,Skin Care Procedure Simulator,vstoi:Instrument,pmsr:/COM1786054978467245000,Skin Care Procedure Simulator Detector,detector,yes,General Medical Device Governance,https://www.fda.gov/medical-devices/device-advice-comprehensive-regulatory-assistance/medical-device-databases,https://www.iso.org/standard/72704.html,ok
pmsr:/INS1739452783104705,Skin Care Procedure Simulator,vstoi:Instrument,pmsr:/COM1786054978467249000,Skin Care Procedure Simulator Actuator,actuator,yes,General Medical Device Governance,https://www.fda.gov/medical-devices/device-advice-comprehensive-regulatory-assistance/medical-device-databases,https://www.iso.org/standard/72704.html,ok
pmsr:/INS1739452868256965,SimSleeves Lymphedema Simulator,vstoi:Instrument,pmsr:/COM1740497043510835,Lymphedema Condition Component Stem  -- CB:EMPTY,other,yes,General Medical Device Governance,https://www.fda.gov/medical-devices/device-advice-comprehensive-regulatory-assistance/medical-device-databases,https://www.iso.org/standard/72704.html,ok
pmsr:/INS1739452868256965,SimSleeves Lymphedema Simulator,vstoi:Instrument,pmsr:/COM1786054978467222000,SimSleeves Lymphedema Simulator Detector,detector,yes,General Medical Device Governance,https://www.fda.gov/medical-devices/device-advice-comprehensive-regulatory-assistance/medical-device-databases,https://www.iso.org/standard/72704.html,ok
pmsr:/INS1739452868256965,SimSleeves Lymphedema Simulator,vstoi:Instrument,pmsr:/COM1786054978467227000,SimSleeves Lymphedema Simulator Actuator,actuator,yes,General Medical Device Governance,https://www.fda.gov/medical-devices/device-advice-comprehensive-regulatory-assistance/medical-device-databases,https://www.iso.org/standard/72704.html,ok
pmsr:/INS1739453043505715,Pitting Edema Simulator,vstoi:Instrument,pmsr:/COM1786054978467065000,Pitting Edema Simulator Detector,detector,yes,General Medical Device Governance,https://www.fda.gov/medical-devices/device-advice-comprehensive-regulatory-assistance/medical-device-databases,https://www.iso.org/standard/72704.html,ok
pmsr:/INS1739453043505715,Pitting Edema Simulator,vstoi:Instrument,pmsr:/COM1786054978467069000,Pitting Edema Simulator Actuator,actuator,yes,General Medical Device Governance,https://www.fda.gov/medical-devices/device-advice-comprehensive-regulatory-assistance/medical-device-databases,https://www.iso.org/standard/72704.html,ok
pmsr:/INS1739482671461295,Prostate Model,vstoi:Instrument,pmsr:/COM1786054978467133000,Prostate Model Detector,detector,yes,Procedure Trainers and Skills Simulators,https://limbsandthings.com/us/support/,https://www.cdc.gov/infection-control/,ok
pmsr:/INS1739482671461295,Prostate Model,vstoi:Instrument,pmsr:/COM1786054978467138000,Prostate Model Actuator,actuator,yes,Procedure Trainers and Skills Simulators,https://limbsandthings.com/us/support/,https://www.cdc.gov/infection-control/,ok
pmsr:/INS1739483351917145,Male Inguinal Hernia Anatomy Model,vstoi:Instrument,pmsr:/COM1786054978466767000,Male Inguinal Hernia Anatomy Model Detector,detector,yes,General Medical Device Governance,https://www.fda.gov/medical-devices/device-advice-comprehensive-regulatory-assistance/medical-device-databases,https://www.iso.org/standard/72704.html,ok
pmsr:/INS1739483351917145,Male Inguinal Hernia Anatomy Model,vstoi:Instrument,pmsr:/COM1786054978466773000,Male Inguinal Hernia Anatomy Model Actuator,actuator,yes,General Medical Device Governance,https://www.fda.gov/medical-devices/device-advice-comprehensive-regulatory-assistance/medical-device-databases,https://www.iso.org/standard/72704.html,ok
pmsr:/INS1739487989328225,Laerdal ALS Baby Trainer 200,vstoi:Instrument,pmsr:/COM1786054978466590000,Laerdal ALS Baby Trainer 200 Detector,detector,yes,Resuscitation and Mannequin Platforms,https://laerdal.force.com/HelpCenter/s/,https://cpr.heart.org/en/resuscitation-science/cpr-and-ecc-guidelines,ok
pmsr:/INS1739487989328225,Laerdal ALS Baby Trainer 200,vstoi:Instrument,pmsr:/COM1786054978466594000,Laerdal ALS Baby Trainer 200 Actuator,actuator,yes,Resuscitation and Mannequin Platforms,https://laerdal.force.com/HelpCenter/s/,https://cpr.heart.org/en/resuscitation-science/cpr-and-ecc-guidelines,ok
pmsr:/INS1739488340413085,Virtual Patient Interaction Simulator,vstoi:Instrument,pmsr:/COM1786054978467534000,Virtual Patient Interaction Simulator Detector,detector,yes,Virtual Patient and Digital Simulation,https://support.bodyinteract.com/,https://www.ssih.org/,ok
pmsr:/INS1739488340413085,Virtual Patient Interaction Simulator,vstoi:Instrument,pmsr:/COM1786054978467538000,Virtual Patient Interaction Simulator Actuator,actuator,yes,Virtual Patient and Digital Simulation,https://support.bodyinteract.com/,https://www.ssih.org/,ok
pmsr:/INS1739819116467195,Anatomage Large Table,vstoi:Instrument,pmsr:/COM1786054978466115000,Anatomage Large Table Detector,detector,yes,Anatomy Table and 3D Simulation,https://www.anatomage.com/table/,https://www.inacsl.org/healthcare-simulation-standards/,ok
pmsr:/INS1739819116467195,Anatomage Large Table,vstoi:Instrument,pmsr:/COM1786054978466118000,Anatomage Large Table Actuator,actuator,yes,Anatomy Table and 3D Simulation,https://www.anatomage.com/table/,https://www.inacsl.org/healthcare-simulation-standards/,ok
pmsr:/INS1739819599670195,Anatomage Small Tablet,vstoi:Instrument,pmsr:/COM1786054978466141000,Anatomage Small Tablet Detector,detector,yes,Anatomy Table and 3D Simulation,https://www.anatomage.com/table/,https://www.inacsl.org/healthcare-simulation-standards/,ok
pmsr:/INS1739819599670195,Anatomage Small Tablet,vstoi:Instrument,pmsr:/COM1786054978466145000,Anatomage Small Tablet Actuator,actuator,yes,Anatomy Table and 3D Simulation,https://www.anatomage.com/table/,https://www.inacsl.org/healthcare-simulation-standards/,ok
pmsr:/INS1739819782231595,Anatomage Clinical Table,vstoi:Instrument,pmsr:/COM1786054978466101000,Anatomage Clinical Table Detector,detector,yes,Anatomy Table and 3D Simulation,https://www.anatomage.com/table/,https://www.inacsl.org/healthcare-simulation-standards/,ok
pmsr:/INS1739819782231595,Anatomage Clinical Table,vstoi:Instrument,pmsr:/COM1786054978466106000,Anatomage Clinical Table Actuator,actuator,yes,Anatomy Table and 3D Simulation,https://www.anatomage.com/table/,https://www.inacsl.org/healthcare-simulation-standards/,ok
pmsr:/INS1739819868350395,Anatomage Vet Table,vstoi:Instrument,pmsr:/COM1786054978466167000,Anatomage Vet Table Detector,detector,yes,Anatomy Table and 3D Simulation,https://www.anatomage.com/table/,https://www.inacsl.org/healthcare-simulation-standards/,ok
pmsr:/INS1739819868350395,Anatomage Vet Table,vstoi:Instrument,pmsr:/COM1786054978466170000,Anatomage Vet Table Actuator,actuator,yes,Anatomy Table and 3D Simulation,https://www.anatomage.com/table/,https://www.inacsl.org/healthcare-simulation-standards/,ok
pmsr:/INS1739819955334025,Anatomage Science Table,vstoi:Instrument,pmsr:/COM1786054978466127000,Anatomage Science Table Detector,detector,yes,Anatomy Table and 3D Simulation,https://www.anatomage.com/table/,https://www.inacsl.org/healthcare-simulation-standards/,ok
pmsr:/INS1739819955334025,Anatomage Science Table,vstoi:Instrument,pmsr:/COM1786054978466132000,Anatomage Science Table Actuator,actuator,yes,Anatomy Table and 3D Simulation,https://www.anatomage.com/table/,https://www.inacsl.org/healthcare-simulation-standards/,ok
pmsr:/INS1739820624939265,Cancer Patient Simulator,vstoi:Instrument,pmsr:/COM1786054978466266000,Cancer Patient Simulator Detector,detector,yes,General Medical Device Governance,https://www.fda.gov/medical-devices/device-advice-comprehensive-regulatory-assistance/medical-device-databases,https://www.iso.org/standard/72704.html,ok
pmsr:/INS1739820624939265,Cancer Patient Simulator,vstoi:Instrument,pmsr:/COM1786054978466270000,Cancer Patient Simulator Actuator,actuator,yes,General Medical Device Governance,https://www.fda.gov/medical-devices/device-advice-comprehensive-regulatory-assistance/medical-device-databases,https://www.iso.org/standard/72704.html,ok
pmsr:/INS1739821032633525,Monitoring Virtual Simulator,vstoi:Instrument,pmsr:/COM1786054978466854000,Monitoring Virtual Simulator Detector,detector,yes,Point-of-Care Ultrasound and Imaging,https://support.butterflynetwork.com/hc/en-us,https://www.who.int/teams/health-product-policy-and-standards/assistive-and-medical-technology/medical-devices,ok
pmsr:/INS1739821032633525,Monitoring Virtual Simulator,vstoi:Instrument,pmsr:/COM1786054978466859000,Monitoring Virtual Simulator Actuator,actuator,yes,Point-of-Care Ultrasound and Imaging,https://support.butterflynetwork.com/hc/en-us,https://www.who.int/teams/health-product-policy-and-standards/assistive-and-medical-technology/medical-devices,ok
pmsr:/INS1739823398493725,Laerdal Nursing Anne Mannequin,vstoi:Instrument,pmsr:/COM1738099771423295,Skill Guide Device  -- CB:EMPTY,other,yes,Resuscitation and Mannequin Platforms,https://laerdal.force.com/HelpCenter/s/,https://cpr.heart.org/en/resuscitation-science/cpr-and-ecc-guidelines,ok
pmsr:/INS1739823398493725,Laerdal Nursing Anne Mannequin,vstoi:Instrument,pmsr:/COM1738100153764155,SimPad Device  -- CB:EMPTY,other,yes,Resuscitation and Mannequin Platforms,https://laerdal.force.com/HelpCenter/s/,https://cpr.heart.org/en/resuscitation-science/cpr-and-ecc-guidelines,ok
pmsr:/INS1739823398493725,Laerdal Nursing Anne Mannequin,vstoi:Instrument,pmsr:/COM1738187586682545,Electrode  -- CB:Eletrodes Adult,other,yes,Resuscitation and Mannequin Platforms,https://laerdal.force.com/HelpCenter/s/,https://cpr.heart.org/en/resuscitation-science/cpr-and-ecc-guidelines,ok
pmsr:/INS1739823398493725,Laerdal Nursing Anne Mannequin,vstoi:Instrument,pmsr:/COM1738187818694655,Electrode  -- CB:Eletrodes Pediatric,other,yes,Resuscitation and Mannequin Platforms,https://laerdal.force.com/HelpCenter/s/,https://cpr.heart.org/en/resuscitation-science/cpr-and-ecc-guidelines,ok
pmsr:/INS1739823398493725,Laerdal Nursing Anne Mannequin,vstoi:Instrument,pmsr:/COM1738188452521625,DAE Trainer  -- CB:EMPTY,other,yes,Resuscitation and Mannequin Platforms,https://laerdal.force.com/HelpCenter/s/,https://cpr.heart.org/en/resuscitation-science/cpr-and-ecc-guidelines,ok
pmsr:/INS1739823398493725,Laerdal Nursing Anne Mannequin,vstoi:Instrument,pmsr:/COM1739399134970895,Microphone  -- CB:EMPTY,other,yes,Resuscitation and Mannequin Platforms,https://laerdal.force.com/HelpCenter/s/,https://cpr.heart.org/en/resuscitation-science/cpr-and-ecc-guidelines,ok
pmsr:/INS1739823398493725,Laerdal Nursing Anne Mannequin,vstoi:Instrument,pmsr:/COM1786054978466647000,Laerdal Nursing Anne Mannequin Detector,detector,yes,Resuscitation and Mannequin Platforms,https://laerdal.force.com/HelpCenter/s/,https://cpr.heart.org/en/resuscitation-science/cpr-and-ecc-guidelines,ok
pmsr:/INS1739823398493725,Laerdal Nursing Anne Mannequin,vstoi:Instrument,pmsr:/COM1786054978466652000,Laerdal Nursing Anne Mannequin Actuator,actuator,yes,Resuscitation and Mannequin Platforms,https://laerdal.force.com/HelpCenter/s/,https://cpr.heart.org/en/resuscitation-science/cpr-and-ecc-guidelines,ok
pmsr:/INS1739878730369725,Body Interact Simulator,vstoi:Instrument,pmsr:/COM1786054978466208000,Body Interact Simulator Detector,detector,yes,Virtual Patient and Digital Simulation,https://support.bodyinteract.com/,https://www.ssih.org/,ok
pmsr:/INS1739878730369725,Body Interact Simulator,vstoi:Instrument,pmsr:/COM1786054978466212000,Body Interact Simulator Actuator,actuator,yes,Virtual Patient and Digital Simulation,https://support.bodyinteract.com/,https://www.ssih.org/,ok
pmsr:/INS1739878788687655,Sophia Body Interact AI Assistant,vstoi:Instrument,pmsr:/COM1786054978467268000,Sophia Body Interact AI Assistant Detector,detector,yes,Virtual Patient and Digital Simulation,https://support.bodyinteract.com/,https://www.ssih.org/,ok
pmsr:/INS1739878788687655,Sophia Body Interact AI Assistant,vstoi:Instrument,pmsr:/COM1786054978467273000,Sophia Body Interact AI Assistant Actuator,actuator,yes,Virtual Patient and Digital Simulation,https://support.bodyinteract.com/,https://www.ssih.org/,ok
pmsr:/INS1739879206550705,Cancer Patient Simulator,vstoi:Instrument,pmsr:/COM1786054978466282000,Cancer Patient Simulator Detector,detector,yes,General Medical Device Governance,https://www.fda.gov/medical-devices/device-advice-comprehensive-regulatory-assistance/medical-device-databases,https://www.iso.org/standard/72704.html,ok
pmsr:/INS1739879206550705,Cancer Patient Simulator,vstoi:Instrument,pmsr:/COM1786054978466286000,Cancer Patient Simulator Actuator,actuator,yes,General Medical Device Governance,https://www.fda.gov/medical-devices/device-advice-comprehensive-regulatory-assistance/medical-device-databases,https://www.iso.org/standard/72704.html,ok
pmsr:/INS1740087239872215,Physiology Simulator,vstoi:Instrument,pmsr:/COM1786054978467041000,Physiology Simulator Detector,detector,yes,General Medical Device Governance,https://www.fda.gov/medical-devices/device-advice-comprehensive-regulatory-assistance/medical-device-databases,https://www.iso.org/standard/72704.html,ok
pmsr:/INS1740087239872215,Physiology Simulator,vstoi:Instrument,pmsr:/COM1786054978467045000,Physiology Simulator Actuator,actuator,yes,General Medical Device Governance,https://www.fda.gov/medical-devices/device-advice-comprehensive-regulatory-assistance/medical-device-databases,https://www.iso.org/standard/72704.html,ok
pmsr:/INS1740087575777435,Patient Monitor Simulator,vstoi:Instrument,pmsr:/COM1786054978466941000,Patient Monitor Simulator Detector,detector,yes,Point-of-Care Ultrasound and Imaging,https://support.butterflynetwork.com/hc/en-us,https://www.who.int/teams/health-product-policy-and-standards/assistive-and-medical-technology/medical-devices,ok
pmsr:/INS1740087575777435,Patient Monitor Simulator,vstoi:Instrument,pmsr:/COM1786054978466953000,Patient Monitor Simulator Actuator,actuator,yes,Point-of-Care Ultrasound and Imaging,https://support.butterflynetwork.com/hc/en-us,https://www.who.int/teams/health-product-policy-and-standards/assistive-and-medical-technology/medical-devices,ok
pmsr:/INS1740143777940835,Male Examination Mannequin,vstoi:Instrument,pmsr:/COM1786054978466727000,Male Examination Mannequin Detector,detector,yes,Resuscitation and Mannequin Platforms,https://laerdal.force.com/HelpCenter/s/,https://cpr.heart.org/en/resuscitation-science/cpr-and-ecc-guidelines,ok
pmsr:/INS1740143777940835,Male Examination Mannequin,vstoi:Instrument,pmsr:/COM1786054978466731000,Male Examination Mannequin Actuator,actuator,yes,Resuscitation and Mannequin Platforms,https://laerdal.force.com/HelpCenter/s/,https://cpr.heart.org/en/resuscitation-science/cpr-and-ecc-guidelines,ok
pmsr:/INS1740143878244085,Obstetric Simulator,vstoi:Instrument,pmsr:/COM1786054978466898000,Obstetric Simulator Detector,detector,yes,Procedure Trainers and Skills Simulators,https://limbsandthings.com/us/support/,https://www.cdc.gov/infection-control/,ok
pmsr:/INS1740143878244085,Obstetric Simulator,vstoi:Instrument,pmsr:/COM1786054978466903000,Obstetric Simulator Actuator,actuator,yes,Procedure Trainers and Skills Simulators,https://limbsandthings.com/us/support/,https://www.cdc.gov/infection-control/,ok
pmsr:PhysicalMedicalDevice,Physical Medical Device,vstoi:Instrument,pmsr:/COM1786054978466995000,Physical Medical Device Detector,detector,yes,General Medical Device Governance,https://www.fda.gov/medical-devices/device-advice-comprehensive-regulatory-assistance/medical-device-databases,https://www.iso.org/standard/72704.html,ok
pmsr:PhysicalMedicalDevice,Physical Medical Device,vstoi:Instrument,pmsr:/COM1786054978466999000,Physical Medical Device Actuator,actuator,yes,General Medical Device Governance,https://www.fda.gov/medical-devices/device-advice-comprehensive-regulatory-assistance/medical-device-databases,https://www.iso.org/standard/72704.html,ok
pmsr:PhysicalMedicalSimulator,Physical Medical Simulator,vstoi:Instrument,pmsr:/COM1786054978467018000,Physical Medical Simulator Detector,detector,yes,General Medical Device Governance,https://www.fda.gov/medical-devices/device-advice-comprehensive-regulatory-assistance/medical-device-databases,https://www.iso.org/standard/72704.html,ok
pmsr:PhysicalMedicalSimulator,Physical Medical Simulator,vstoi:Instrument,pmsr:/COM1786054978467023000,Physical Medical Simulator Actuator,actuator,yes,General Medical Device Governance,https://www.fda.gov/medical-devices/device-advice-comprehensive-regulatory-assistance/medical-device-databases,https://www.iso.org/standard/72704.html,ok
pmsr:VirtualMedicalSimulator,Virtual Medical Simulator,vstoi:Instrument,pmsr:/COM1786054978467484000,Virtual Medical Simulator Detector,detector,yes,Virtual Patient and Digital Simulation,https://support.bodyinteract.com/,https://www.ssih.org/,ok
pmsr:VirtualMedicalSimulator,Virtual Medical Simulator,vstoi:Instrument,pmsr:/COM1786054978467488000,Virtual Medical Simulator Actuator,actuator,yes,Virtual Patient and Digital Simulation,https://support.bodyinteract.com/,https://www.ssih.org/,ok
