instrument_uri,old_owner,new_owner
pmsr:INI1784603367311,https://pmsr.net/ont/ORG174547834502865973,https://pmsr.net/ont/ORG174547834502817893
pmsr:INI1784603367312,https://pmsr.net/ont/ORG174547834502865973,https://pmsr.net/ont/ORG174547834502817893
pmsr:INI1784603367314,https://pmsr.net/ont/ORG174547834502865973,https://pmsr.net/ont/ORG174547834502817893
pmsr:INI1784603367315,https://pmsr.net/ont/ORG174547834502865973,https://pmsr.net/ont/ORG174547834502817893
pmsr:INI1784603367316,https://pmsr.net/ont/ORG174547834502865973,https://pmsr.net/ont/ORG174547834502817893
pmsr:INI1784603367318,https://pmsr.net/ont/ORG174547834502865973,https://pmsr.net/ont/ORG174547834502817893
pmsr:INI1784603367319,https://pmsr.net/ont/ORG174547834502865973,https://pmsr.net/ont/ORG174547834502817893
pmsr:INI1784603367320,https://pmsr.net/ont/ORG174547834502865973,https://pmsr.net/ont/ORG174547834502817893
pmsr:INI1784603367322,https://pmsr.net/ont/ORG174547834502865973,https://pmsr.net/ont/ORG174547834502817893
pmsr:INI1784603367323,https://pmsr.net/ont/ORG174547834502865973,https://pmsr.net/ont/ORG174547834502817893
pmsr:INI1784603367324,https://pmsr.net/ont/ORG174547834502865973,https://pmsr.net/ont/ORG174547834502817893
pmsr:INI1784603367325,https://pmsr.net/ont/ORG174547834502865973,https://pmsr.net/ont/ORG174547834502817893
pmsr:INI1784603367327,https://pmsr.net/ont/ORG174547834502865973,https://pmsr.net/ont/ORG174547834502817893
pmsr:INI1784603367328,https://pmsr.net/ont/ORG174547834502865973,https://pmsr.net/ont/ORG174547834502817893
pmsr:INI1784603367329,https://pmsr.net/ont/ORG174547834502865973,https://pmsr.net/ont/ORG174547834502817893
pmsr:INI1784603367331,https://pmsr.net/ont/ORG174547834502865973,https://pmsr.net/ont/ORG174547834502817893
pmsr:INI1784603367332,https://pmsr.net/ont/ORG174547834502865973,https://pmsr.net/ont/ORG174547834502817893
pmsr:INI1784603367333,https://pmsr.net/ont/ORG174547834502865973,https://pmsr.net/ont/ORG174547834502817893
pmsr:INI1784603367335,https://pmsr.net/ont/ORG174547834502865973,https://pmsr.net/ont/ORG174547834502817893
pmsr:INI1784603367336,https://pmsr.net/ont/ORG174547834502865973,https://pmsr.net/ont/ORG174547834502817893
pmsr:INI1784603367337,https://pmsr.net/ont/ORG174547834502865973,https://pmsr.net/ont/ORG174547834502817893
pmsr:INI1784603367339,https://pmsr.net/ont/ORG174547834502865973,https://pmsr.net/ont/ORG174547834502817893
pmsr:INI1784603367340,https://pmsr.net/ont/ORG174547834502865973,https://pmsr.net/ont/ORG174547834502817893
pmsr:INI1784603367341,https://pmsr.net/ont/ORG174547834502865973,https://pmsr.net/ont/ORG174547834502817893
pmsr:INI1784603367343,https://pmsr.net/ont/ORG174547834502865973,https://pmsr.net/ont/ORG174547834502817893
pmsr:INI1784603367344,https://pmsr.net/ont/ORG174547834502865973,https://pmsr.net/ont/ORG174547834502817893
pmsr:INI1784603367345,https://pmsr.net/ont/ORG174547834502865973,https://pmsr.net/ont/ORG174547834502817893
pmsr:INI1784603367346,https://pmsr.net/ont/ORG174547834502865973,https://pmsr.net/ont/ORG174547834502817893
pmsr:INI1784603367348,https://pmsr.net/ont/ORG174547834502865973,https://pmsr.net/ont/ORG174547834502817893
pmsr:INI1784603367349,https://pmsr.net/ont/ORG174547834502865973,https://pmsr.net/ont/ORG174547834502817893
pmsr:INI1784603367350,https://pmsr.net/ont/ORG174547834502865973,https://pmsr.net/ont/ORG174547834502817893
pmsr:INI1784603367352,https://pmsr.net/ont/ORG174547834502865973,https://pmsr.net/ont/ORG174547834502849898
pmsr:INI1784603367353,https://pmsr.net/ont/ORG174547834502865973,https://pmsr.net/ont/ORG174547834502849898
pmsr:INI1784603367354,https://pmsr.net/ont/ORG174547834502865973,https://pmsr.net/ont/ORG174547834502849898
pmsr:INI1784603367356,https://pmsr.net/ont/ORG174547834502865973,https://pmsr.net/ont/ORG174547834502849898
pmsr:INI1784603367357,https://pmsr.net/ont/ORG174547834502865973,https://pmsr.net/ont/ORG174547834502849898
pmsr:INI1784603367358,https://pmsr.net/ont/ORG174547834502865973,https://pmsr.net/ont/ORG174547834502849898
pmsr:INI1784603367360,https://pmsr.net/ont/ORG174547834502865973,https://pmsr.net/ont/ORG174547834502849898
pmsr:INI1784603367361,https://pmsr.net/ont/ORG174547834502865973,https://pmsr.net/ont/ORG174547834502849898
pmsr:INI1784603367362,https://pmsr.net/ont/ORG174547834502865973,https://pmsr.net/ont/ORG174547834502849898
pmsr:INI1784603367363,https://pmsr.net/ont/ORG174547834502865973,https://pmsr.net/ont/ORG174547834502849898
pmsr:INI1784603367365,https://pmsr.net/ont/ORG174547834502865973,https://pmsr.net/ont/ORG174547834502849898
pmsr:INI1784603367366,https://pmsr.net/ont/ORG174547834502865973,https://pmsr.net/ont/ORG174547834502849898
pmsr:INI1784603367367,https://pmsr.net/ont/ORG174547834502865973,https://pmsr.net/ont/ORG174547834502849898
pmsr:INI1784603367369,https://pmsr.net/ont/ORG174547834502865973,https://pmsr.net/ont/ORG174547834502849898
pmsr:INI1784603367370,https://pmsr.net/ont/ORG174547834502865973,https://pmsr.net/ont/ORG174547834502849898
pmsr:INI1784603367371,https://pmsr.net/ont/ORG174547834502865973,https://pmsr.net/ont/ORG174547834502849898
pmsr:INI1784603367373,https://pmsr.net/ont/ORG174547834502865973,https://pmsr.net/ont/ORG174547834502849898
pmsr:INI1784603367374,https://pmsr.net/ont/ORG174547834502865973,https://pmsr.net/ont/ORG174547834502849898
pmsr:INI1784603367375,https://pmsr.net/ont/ORG174547834502865973,https://pmsr.net/ont/ORG174547834502849898
pmsr:INI1784603367377,https://pmsr.net/ont/ORG174547834502865973,https://pmsr.net/ont/ORG174547834502849898
pmsr:INI1784603367378,https://pmsr.net/ont/ORG174547834502865973,https://pmsr.net/ont/ORG174547834502849898
pmsr:INI1784603367379,https://pmsr.net/ont/ORG174547834502865973,https://pmsr.net/ont/ORG174547834502849898
pmsr:INI1784603367381,https://pmsr.net/ont/ORG174547834502865973,https://pmsr.net/ont/ORG174547834502849898
pmsr:INI1784603367382,https://pmsr.net/ont/ORG174547834502865973,https://pmsr.net/ont/ORG174547834502849898
pmsr:INI1784603367383,https://pmsr.net/ont/ORG174547834502865973,https://pmsr.net/ont/ORG174547834502849898
pmsr:INI1784603367384,https://pmsr.net/ont/ORG174547834502865973,https://pmsr.net/ont/ORG174547834502849898
pmsr:INI1784603367386,https://pmsr.net/ont/ORG174547834502865973,https://pmsr.net/ont/ORG174547834502849898
pmsr:INI1784603367387,https://pmsr.net/ont/ORG174547834502865973,https://pmsr.net/ont/ORG174547834502849898
pmsr:INI1784603367388,https://pmsr.net/ont/ORG174547834502865973,https://pmsr.net/ont/ORG174547834502849898
pmsr:INI1784603367390,https://pmsr.net/ont/ORG174547834502865973,https://pmsr.net/ont/ORG174547834502849898
pmsr:INI1784603367391,https://pmsr.net/ont/ORG174547834502865973,https://pmsr.net/ont/ORG174547834502849898
pmsr:INI1784603367392,https://pmsr.net/ont/ORG174547834502865973,https://pmsr.net/ont/ORG174547834502849898
pmsr:INI1784603367394,https://pmsr.net/ont/ORG174547834502865973,https://pmsr.net/ont/ORG174547834502849898
pmsr:INI1784603367395,https://pmsr.net/ont/ORG174547834502865973,https://pmsr.net/ont/ORG174547834502849898
pmsr:INI1784603367396,https://pmsr.net/ont/ORG174547834502865973,https://pmsr.net/ont/ORG174547834502849898
pmsr:INI1784603367398,https://pmsr.net/ont/ORG174547834502865973,https://pmsr.net/ont/ORG174547834502849898
pmsr:INI1784603367399,https://pmsr.net/ont/ORG174547834502865973,https://pmsr.net/ont/ORG174547834502849898
pmsr:INI1784603367400,https://pmsr.net/ont/ORG174547834502865973,https://pmsr.net/ont/ORG174547834502849898
pmsr:INI1784603367402,https://pmsr.net/ont/ORG174547834502865973,https://pmsr.net/ont/ORG174547834502849898
pmsr:INI1784603367403,https://pmsr.net/ont/ORG174547834502865973,https://pmsr.net/ont/ORG174547834502882527
pmsr:INI1784603367404,https://pmsr.net/ont/ORG174547834502865973,https://pmsr.net/ont/ORG174547834502882527
pmsr:INI1784603367406,https://pmsr.net/ont/ORG174547834502865973,https://pmsr.net/ont/ORG174547834502882527
pmsr:INI1784603367407,https://pmsr.net/ont/ORG174547834502865973,https://pmsr.net/ont/ORG174547834502882527
pmsr:INI1784603367408,https://pmsr.net/ont/ORG174547834502865973,https://pmsr.net/ont/ORG174547834502882527
pmsr:INI1784603367410,https://pmsr.net/ont/ORG174547834502865973,https://pmsr.net/ont/ORG174547834502882527
pmsr:INI1784603367411,https://pmsr.net/ont/ORG174547834502865973,https://pmsr.net/ont/ORG174547834502882527
pmsr:INI1784603367412,https://pmsr.net/ont/ORG174547834502865973,https://pmsr.net/ont/ORG174547834502882527
pmsr:INI1784603367413,https://pmsr.net/ont/ORG174547834502865973,https://pmsr.net/ont/ORG174547834502882527
pmsr:INI1784603367415,https://pmsr.net/ont/ORG174547834502865973,https://pmsr.net/ont/ORG174547834502882527
pmsr:INI1784603367416,https://pmsr.net/ont/ORG174547834502865973,https://pmsr.net/ont/ORG174547834502882527
pmsr:INI1784603367417,https://pmsr.net/ont/ORG174547834502865973,https://pmsr.net/ont/ORG174547834502882527
pmsr:INI1784603367419,https://pmsr.net/ont/ORG174547834502865973,https://pmsr.net/ont/ORG174547834502882527
pmsr:INI1784603367420,https://pmsr.net/ont/ORG174547834502865973,https://pmsr.net/ont/ORG174547834502882527
pmsr:INI1784603367421,https://pmsr.net/ont/ORG174547834502865973,https://pmsr.net/ont/ORG174547834502882527
pmsr:INI1784603367423,https://pmsr.net/ont/ORG174547834502865973,https://pmsr.net/ont/ORG174547834502882527
pmsr:INI1784603367424,https://pmsr.net/ont/ORG174547834502865973,https://pmsr.net/ont/ORG174547834502882527
pmsr:INI1784603367425,https://pmsr.net/ont/ORG174547834502865973,https://pmsr.net/ont/ORG174547834502882527
pmsr:INI1784603367427,https://pmsr.net/ont/ORG174547834502865973,https://pmsr.net/ont/ORG174547834502882527
pmsr:INI1784603367428,https://pmsr.net/ont/ORG174547834502865973,https://pmsr.net/ont/ORG174547834502882527
pmsr:INI1784603367429,https://pmsr.net/ont/ORG174547834502865973,https://pmsr.net/ont/ORG174547834502882527
pmsr:INI1784603367431,https://pmsr.net/ont/ORG174547834502865973,https://pmsr.net/ont/ORG174547834502882527
pmsr:INI1784603367432,https://pmsr.net/ont/ORG174547834502865973,https://pmsr.net/ont/ORG174547834502882527
pmsr:INI1784603367433,https://pmsr.net/ont/ORG174547834502865973,https://pmsr.net/ont/ORG174547834502882527
pmsr:INI1784603367434,https://pmsr.net/ont/ORG174547834502865973,https://pmsr.net/ont/ORG174547834502882527
pmsr:INI1784603367436,https://pmsr.net/ont/ORG174547834502865973,https://pmsr.net/ont/ORG174547834502882527
pmsr:INI1784603367437,https://pmsr.net/ont/ORG174547834502865973,https://pmsr.net/ont/ORG174547834502882527
pmsr:INI1784603367438,https://pmsr.net/ont/ORG174547834502865973,https://pmsr.net/ont/ORG174547834502882527
pmsr:INI1784603367440,https://pmsr.net/ont/ORG174547834502865973,https://pmsr.net/ont/ORG174547867570660682
pmsr:INI1784603367441,https://pmsr.net/ont/ORG174547834502865973,https://pmsr.net/ont/ORG174547867570660682
pmsr:INI1784603367442,https://pmsr.net/ont/ORG174547834502865973,https://pmsr.net/ont/ORG174547867570660682
pmsr:INI1784603367444,https://pmsr.net/ont/ORG174547834502865973,https://pmsr.net/ont/ORG174547867570660682
pmsr:INI1784603367445,https://pmsr.net/ont/ORG174547834502865973,https://pmsr.net/ont/ORG174547867570660682
pmsr:INI1784603367446,https://pmsr.net/ont/ORG174547834502865973,https://pmsr.net/ont/ORG174547867570660682
pmsr:INI1784603367448,https://pmsr.net/ont/ORG174547834502865973,https://pmsr.net/ont/ORG174547867570660682
pmsr:INI1784603367449,https://pmsr.net/ont/ORG174547834502865973,https://pmsr.net/ont/ORG174547867570660682
pmsr:INI1784603367450,https://pmsr.net/ont/ORG174547834502865973,https://pmsr.net/ont/ORG174547834502816317
pmsr:INI1784603367452,https://pmsr.net/ont/ORG174547834502865973,https://pmsr.net/ont/ORG174547834502816317
pmsr:INI1784603367453,https://pmsr.net/ont/ORG174547834502865973,https://pmsr.net/ont/ORG174547834502816317
pmsr:INI1784603367454,https://pmsr.net/ont/ORG174547834502865973,https://pmsr.net/ont/ORG174547834502816317
pmsr:INI1784603367456,https://pmsr.net/ont/ORG174547834502865973,https://pmsr.net/ont/ORG174547834502816317
pmsr:INI1784603367457,https://pmsr.net/ont/ORG174547834502865973,https://pmsr.net/ont/ORG174547834502816317
pmsr:INI1784603367458,https://pmsr.net/ont/ORG174547834502865973,https://pmsr.net/ont/ORG174547834502816317
pmsr:INI1784603367459,https://pmsr.net/ont/ORG174547834502865973,https://pmsr.net/ont/ORG174547834502838939
pmsr:INI1784603367461,https://pmsr.net/ont/ORG174547834502865973,https://pmsr.net/ont/ORG174547834502838939
pmsr:INI1784603367462,https://pmsr.net/ont/ORG174547834502865973,https://pmsr.net/ont/ORG174547834502838939
pmsr:INI1784603367463,https://pmsr.net/ont/ORG174547834502865973,https://pmsr.net/ont/ORG174547834502838939
pmsr:INI1784603367465,https://pmsr.net/ont/ORG174547834502865973,https://pmsr.net/ont/ORG174547834502838939
pmsr:INI1784603367466,https://pmsr.net/ont/ORG174547834502865973,https://pmsr.net/ont/ORG174547834502838939
pmsr:INI1784603367467,https://pmsr.net/ont/ORG174547834502865973,https://pmsr.net/ont/ORG174547834502838939
pmsr:INI1784603367469,https://pmsr.net/ont/ORG174547834502865973,https://pmsr.net/ont/ORG174547834502838939
pmsr:INI1784603367470,https://pmsr.net/ont/ORG174547834502865973,https://pmsr.net/ont/ORG174547834502838939
pmsr:INI1784603367471,https://pmsr.net/ont/ORG174547834502865973,https://pmsr.net/ont/ORG174547834502838939
pmsr:INI1784603367473,https://pmsr.net/ont/ORG174547834502865973,https://pmsr.net/ont/ORG174547834502838939
pmsr:INI1784603367474,https://pmsr.net/ont/ORG174547834502865973,https://pmsr.net/ont/ORG174547834502838939
pmsr:INI1784603367475,https://pmsr.net/ont/ORG174547834502865973,https://pmsr.net/ont/ORG174547834502838939
pmsr:INI1784603367476,https://pmsr.net/ont/ORG174547834502865973,https://pmsr.net/ont/ORG174547834502838939
pmsr:INI1784603367478,https://pmsr.net/ont/ORG174547834502865973,https://pmsr.net/ont/ORG174547834502838939
pmsr:INI1784603367479,https://pmsr.net/ont/ORG174547834502865973,https://pmsr.net/ont/ORG174547834502838939
pmsr:INI1784603367480,https://pmsr.net/ont/ORG174547834502865973,https://pmsr.net/ont/ORG174547834502838939
pmsr:INI1784603367482,https://pmsr.net/ont/ORG174547834502865973,https://pmsr.net/ont/ORG174547834502838939
pmsr:INI1784603367483,https://pmsr.net/ont/ORG174547834502865973,https://pmsr.net/ont/ORG174547834502838939
pmsr:INI1784603367484,https://pmsr.net/ont/ORG174547834502865973,https://pmsr.net/ont/ORG174547834502838939
pmsr:INI1784603367486,https://pmsr.net/ont/ORG174547834502865973,https://pmsr.net/ont/ORG174547834502838939
pmsr:INI1784603367487,https://pmsr.net/ont/ORG174547834502865973,https://pmsr.net/ont/ORG174547834502838939
pmsr:INI1784603367488,https://pmsr.net/ont/ORG174547834502865973,https://pmsr.net/ont/ORG174547834502838939
pmsr:INI1784603367490,https://pmsr.net/ont/ORG174547834502865973,https://pmsr.net/ont/ORG174547834502838939
pmsr:INI1784603367491,https://pmsr.net/ont/ORG174547834502865973,https://pmsr.net/ont/ORG174547834502838939
pmsr:INI1784603367492,https://pmsr.net/ont/ORG174547834502865973,https://pmsr.net/ont/ORG174547834502838939
pmsr:INI1784603367494,https://pmsr.net/ont/ORG174547834502865973,https://pmsr.net/ont/ORG174547834502838939
pmsr:INI1784603367495,https://pmsr.net/ont/ORG174547834502865973,https://pmsr.net/ont/ORG174547834502838939
pmsr:INI1784603367496,https://pmsr.net/ont/ORG174547834502865973,https://pmsr.net/ont/ORG174547834502838939
pmsr:INI1784603367498,https://pmsr.net/ont/ORG174547834502865973,https://pmsr.net/ont/ORG174547834502838939
pmsr:INI1784603367499,https://pmsr.net/ont/ORG174547834502865973,https://pmsr.net/ont/ORG174547834502838939
pmsr:INI1784603367500,https://pmsr.net/ont/ORG174547834502865973,https://pmsr.net/ont/ORG174547834502838939
pmsr:INI1784603367502,https://pmsr.net/ont/ORG174547834502865973,https://pmsr.net/ont/ORG174547834502838939
pmsr:INI1784603367503,https://pmsr.net/ont/ORG174547834502865973,https://pmsr.net/ont/ORG174547834502838939
pmsr:INI1784603367504,https://pmsr.net/ont/ORG174547834502865973,https://pmsr.net/ont/ORG174547834502838939
pmsr:INI1784603367506,https://pmsr.net/ont/ORG174547834502865973,https://pmsr.net/ont/ORG174547834502838939
pmsr:INI1784603367507,https://pmsr.net/ont/ORG174547834502865973,https://pmsr.net/ont/ORG174547834502838939
pmsr:INI1784603367508,https://pmsr.net/ont/ORG174547834502865973,https://pmsr.net/ont/ORG174547834502838939
pmsr:INI1784603367509,https://pmsr.net/ont/ORG174547834502865973,https://pmsr.net/ont/ORG174547834502838939
pmsr:INI1784603367511,https://pmsr.net/ont/ORG174547834502865973,https://pmsr.net/ont/ORG174547834502838939
pmsr:INI1784603367512,https://pmsr.net/ont/ORG174547834502865973,https://pmsr.net/ont/ORG174547834502838939
pmsr:INI1784603367513,https://pmsr.net/ont/ORG174547834502865973,https://pmsr.net/ont/ORG174547834502838939
pmsr:INI1784603367515,https://pmsr.net/ont/ORG174547834502865973,https://pmsr.net/ont/ORG174547834502838939
pmsr:INI1784603367516,https://pmsr.net/ont/ORG174547834502865973,https://pmsr.net/ont/ORG174547834502838939
pmsr:INI1784603367517,https://pmsr.net/ont/ORG174547834502865973,https://pmsr.net/ont/ORG174547834502838939
pmsr:INI1784603367519,https://pmsr.net/ont/ORG174547834502865973,https://pmsr.net/ont/ORG174547834502838939
pmsr:INI1784603367520,https://pmsr.net/ont/ORG174547834502865973,https://pmsr.net/ont/ORG174547834502838939
pmsr:INI1784603367521,https://pmsr.net/ont/ORG174547834502865973,https://pmsr.net/ont/ORG174547834502838939
pmsr:INI1784603367523,https://pmsr.net/ont/ORG174547834502865973,https://pmsr.net/ont/ORG174547834502838939
pmsr:INI1784603367524,https://pmsr.net/ont/ORG174547834502865973,https://pmsr.net/ont/ORG174547834502838939
pmsr:INI1784603367525,https://pmsr.net/ont/ORG174547834502865973,https://pmsr.net/ont/ORG174547834502838939
pmsr:INI1784603367527,https://pmsr.net/ont/ORG174547834502865973,https://pmsr.net/ont/ORG174547834502838939
pmsr:INI1784603367528,https://pmsr.net/ont/ORG174547834502865973,https://pmsr.net/ont/ORG174547834502838939
pmsr:INI1784603367529,https://pmsr.net/ont/ORG174547834502865973,https://pmsr.net/ont/ORG174547834502838939
pmsr:INI1784603367531,https://pmsr.net/ont/ORG174547834502865973,https://pmsr.net/ont/ORG174547834502838939
pmsr:INI1784603367532,https://pmsr.net/ont/ORG174547834502865973,https://pmsr.net/ont/ORG174547834502838939
pmsr:INI1784603367533,https://pmsr.net/ont/ORG174547834502865973,https://pmsr.net/ont/ORG174547834502838939
pmsr:INI1784603367535,https://pmsr.net/ont/ORG174547834502865973,https://pmsr.net/ont/ORG174547834502838939
pmsr:INI1784603367536,https://pmsr.net/ont/ORG174547834502865973,https://pmsr.net/ont/ORG174547834502838939
pmsr:INI1784603367537,https://pmsr.net/ont/ORG174547834502865973,https://pmsr.net/ont/ORG174547834502838939
pmsr:INI1784603367539,https://pmsr.net/ont/ORG174547834502865973,https://pmsr.net/ont/ORG174547834502838939
pmsr:INI1784603367540,https://pmsr.net/ont/ORG174547834502865973,https://pmsr.net/ont/ORG174547834502838939
pmsr:INI1784603367541,https://pmsr.net/ont/ORG174547834502865973,https://pmsr.net/ont/ORG174547834502838939
pmsr:INI1784603367543,https://pmsr.net/ont/ORG174547834502865973,https://pmsr.net/ont/ORG174547834502838939
pmsr:INI1784603367544,https://pmsr.net/ont/ORG174547834502865973,https://pmsr.net/ont/ORG174547834502838939
pmsr:INI1784603367546,https://pmsr.net/ont/ORG174547834502865973,https://pmsr.net/ont/ORG174547834502838939
pmsr:INI1784603367547,https://pmsr.net/ont/ORG174547834502865973,https://pmsr.net/ont/ORG174547834502838939
pmsr:INI1784603367548,https://pmsr.net/ont/ORG174547834502865973,https://pmsr.net/ont/ORG174547834502838939
pmsr:INI1784603367550,https://pmsr.net/ont/ORG174547834502865973,https://pmsr.net/ont/ORG174547834502838939
pmsr:INI1784603367551,https://pmsr.net/ont/ORG174547834502865973,https://pmsr.net/ont/ORG174547834502838939
pmsr:INI1784603367552,https://pmsr.net/ont/ORG174547834502865973,https://pmsr.net/ont/ORG174547834502838939
pmsr:INI1784603367554,https://pmsr.net/ont/ORG174547834502865973,https://pmsr.net/ont/ORG174547834502838939
pmsr:INI1784603367555,https://pmsr.net/ont/ORG174547834502865973,https://pmsr.net/ont/ORG174547834502838939
pmsr:INI1784603367556,https://pmsr.net/ont/ORG174547834502865973,https://pmsr.net/ont/ORG174547834502838939
pmsr:INI1784603367558,https://pmsr.net/ont/ORG174547834502865973,https://pmsr.net/ont/ORG174547834502838939
pmsr:INI1784603367559,https://pmsr.net/ont/ORG174547834502865973,https://pmsr.net/ont/ORG174547834502838939
pmsr:INI1784603367561,https://pmsr.net/ont/ORG174547834502865973,https://pmsr.net/ont/ORG174547834502838939
pmsr:INI1784603367562,https://pmsr.net/ont/ORG174547834502865973,https://pmsr.net/ont/ORG174547834502838939
pmsr:INI1784603367563,https://pmsr.net/ont/ORG174547834502865973,https://pmsr.net/ont/ORG174547834502838939
pmsr:INI1784603367565,https://pmsr.net/ont/ORG174547834502865973,https://pmsr.net/ont/ORG174547834502838939
pmsr:INI1784603367566,https://pmsr.net/ont/ORG174547834502865973,https://pmsr.net/ont/ORG174547834502838939
pmsr:INI1784603367567,https://pmsr.net/ont/ORG174547834502865973,https://pmsr.net/ont/ORG174547834502838939
pmsr:INI1784603367569,https://pmsr.net/ont/ORG174547834502865973,https://pmsr.net/ont/ORG174547834502838939
pmsr:INI1784603367570,https://pmsr.net/ont/ORG174547834502865973,https://pmsr.net/ont/ORG174547834502838939
pmsr:INI1784603367571,https://pmsr.net/ont/ORG174547834502865973,https://pmsr.net/ont/ORG174547834502838939
pmsr:INI1784603367573,https://pmsr.net/ont/ORG174547834502865973,https://pmsr.net/ont/ORG174547834502838939
pmsr:INI1784603367574,https://pmsr.net/ont/ORG174547834502865973,https://pmsr.net/ont/ORG174547834502838939
pmsr:INI1784603367575,https://pmsr.net/ont/ORG174547834502865973,https://pmsr.net/ont/ORG174547834502838939
pmsr:INI1784603367577,https://pmsr.net/ont/ORG174547834502865973,https://pmsr.net/ont/ORG174547834502838939
pmsr:INI1784603367578,https://pmsr.net/ont/ORG174547834502865973,https://pmsr.net/ont/ORG174547834502838939
pmsr:INI1784603367579,https://pmsr.net/ont/ORG174547834502865973,https://pmsr.net/ont/ORG174547834502838939
pmsr:INI1784603367581,https://pmsr.net/ont/ORG174547834502865973,https://pmsr.net/ont/ORG174547834502838939
pmsr:INI1784603367582,https://pmsr.net/ont/ORG174547834502865973,https://pmsr.net/ont/ORG174547834502838939
pmsr:INI1784603367583,https://pmsr.net/ont/ORG174547834502865973,https://pmsr.net/ont/ORG174547834502838939
pmsr:INI1784603367584,https://pmsr.net/ont/ORG174547834502865973,https://pmsr.net/ont/ORG174547834502838939
pmsr:INI1784603367586,https://pmsr.net/ont/ORG174547834502865973,https://pmsr.net/ont/ORG174547834502838939
pmsr:INI1784603367587,https://pmsr.net/ont/ORG174547834502865973,https://pmsr.net/ont/ORG174547834502838939
pmsr:INI1784603367588,https://pmsr.net/ont/ORG174547834502865973,https://pmsr.net/ont/ORG174547834502838939
pmsr:INI1784603367590,https://pmsr.net/ont/ORG174547834502865973,https://pmsr.net/ont/ORG174547834502838939
pmsr:INI1784603367591,https://pmsr.net/ont/ORG174547834502865973,https://pmsr.net/ont/ORG174547834502838939
pmsr:INI1784603367592,https://pmsr.net/ont/ORG174547834502865973,https://pmsr.net/ont/ORG174547834502838939
pmsr:INI1784603367594,https://pmsr.net/ont/ORG174547834502865973,https://pmsr.net/ont/ORG174547834502838939
pmsr:INI1784603367595,https://pmsr.net/ont/ORG174547834502865973,https://pmsr.net/ont/ORG174547834502838939
pmsr:INI1784603367596,https://pmsr.net/ont/ORG174547834502865973,https://pmsr.net/ont/ORG174547834502838939
pmsr:INI1784603367598,https://pmsr.net/ont/ORG174547834502865973,https://pmsr.net/ont/ORG174547834502838939
pmsr:INI1784603367599,https://pmsr.net/ont/ORG174547834502865973,https://pmsr.net/ont/ORG174547834502838939
pmsr:INI1784603367600,https://pmsr.net/ont/ORG174547834502865973,https://pmsr.net/ont/ORG174547834502838939
pmsr:INI1784603367602,https://pmsr.net/ont/ORG174547834502865973,https://pmsr.net/ont/ORG174547834502838939
pmsr:INI1784603367603,https://pmsr.net/ont/ORG174547834502865973,https://pmsr.net/ont/ORG174547834502838939
pmsr:INI1784603367604,https://pmsr.net/ont/ORG174547834502865973,https://pmsr.net/ont/ORG174547834502838939
pmsr:INI1784603367606,https://pmsr.net/ont/ORG174547834502865973,https://pmsr.net/ont/ORG174547834502838939
pmsr:INI1784603367607,https://pmsr.net/ont/ORG174547834502865973,https://pmsr.net/ont/ORG174547834502838939
pmsr:INI1784603367608,https://pmsr.net/ont/ORG174547834502865973,https://pmsr.net/ont/ORG174547834502838939
pmsr:INI1784603367610,https://pmsr.net/ont/ORG174547834502865973,https://pmsr.net/ont/ORG174547834502838939
pmsr:INI1784603367611,https://pmsr.net/ont/ORG174547834502865973,https://pmsr.net/ont/ORG174547834502838939
pmsr:INI1784603367612,https://pmsr.net/ont/ORG174547834502865973,https://pmsr.net/ont/ORG174547834502838939
pmsr:INI1784603367614,https://pmsr.net/ont/ORG174547834502865973,https://pmsr.net/ont/ORG174547834502838939
pmsr:INI1784603367615,https://pmsr.net/ont/ORG174547834502865973,https://pmsr.net/ont/ORG174547834502838939
pmsr:INI1784603367616,https://pmsr.net/ont/ORG174547834502865973,https://pmsr.net/ont/ORG174547834502838939
pmsr:INI1784603367618,https://pmsr.net/ont/ORG174547834502865973,https://pmsr.net/ont/ORG174547834502838939
pmsr:INI1784603367619,https://pmsr.net/ont/ORG174547834502865973,https://pmsr.net/ont/ORG174547834502838939
pmsr:INI1784603367620,https://pmsr.net/ont/ORG174547834502865973,https://pmsr.net/ont/ORG174547834502838939
pmsr:INI1784603367622,https://pmsr.net/ont/ORG174547834502865973,https://pmsr.net/ont/ORG174547834502838939
pmsr:INI1784603367623,https://pmsr.net/ont/ORG174547834502865973,https://pmsr.net/ont/ORG174547834502838939
pmsr:INI1784603367624,https://pmsr.net/ont/ORG174547834502865973,https://pmsr.net/ont/ORG174547834502838939
pmsr:INI1784603367625,https://pmsr.net/ont/ORG174547834502865973,https://pmsr.net/ont/ORG174547834502838939
pmsr:INI1784603367627,https://pmsr.net/ont/ORG174547834502865973,https://pmsr.net/ont/ORG174547834502838939
pmsr:INI1784603367628,https://pmsr.net/ont/ORG174547834502865973,https://pmsr.net/ont/ORG174547834502838939
pmsr:INI1784603367629,https://pmsr.net/ont/ORG174547834502865973,https://pmsr.net/ont/ORG174547834502838939
pmsr:INI1784603367631,https://pmsr.net/ont/ORG174547834502865973,https://pmsr.net/ont/ORG174547834502838939
pmsr:INI1784603367632,https://pmsr.net/ont/ORG174547834502865973,https://pmsr.net/ont/ORG174547834502838939
pmsr:INI1784603367633,https://pmsr.net/ont/ORG174547834502865973,https://pmsr.net/ont/ORG174547834502838939
pmsr:INI1784603367635,https://pmsr.net/ont/ORG174547834502865973,https://pmsr.net/ont/ORG174547834502838939
pmsr:INI1784603367636,https://pmsr.net/ont/ORG174547834502865973,https://pmsr.net/ont/ORG174547834502838939
pmsr:INI1784603367637,https://pmsr.net/ont/ORG174547834502865973,https://pmsr.net/ont/ORG174547834502838939
pmsr:INI1784603367639,https://pmsr.net/ont/ORG174547834502865973,https://pmsr.net/ont/ORG174547834502838939
pmsr:INI1784603367640,https://pmsr.net/ont/ORG174547834502865973,https://pmsr.net/ont/ORG174547834502838939
pmsr:INI1784603367641,https://pmsr.net/ont/ORG174547834502865973,https://pmsr.net/ont/ORG174547834502838939
pmsr:INI1784603367643,https://pmsr.net/ont/ORG174547834502865973,https://pmsr.net/ont/ORG174547834502838939
pmsr:INI1784603367644,https://pmsr.net/ont/ORG174547834502865973,https://pmsr.net/ont/ORG174547834502838939
pmsr:INI1784603367645,https://pmsr.net/ont/ORG174547834502865973,https://pmsr.net/ont/ORG174547834502838939
pmsr:INI1784603367647,https://pmsr.net/ont/ORG174547834502865973,https://pmsr.net/ont/ORG174547834502838939
pmsr:INI1784603367648,https://pmsr.net/ont/ORG174547834502865973,https://pmsr.net/ont/ORG174547834502838939
pmsr:INI1784603367649,https://pmsr.net/ont/ORG174547834502865973,https://pmsr.net/ont/ORG174547834502838939
pmsr:INI1784603367651,https://pmsr.net/ont/ORG174547834502865973,https://pmsr.net/ont/ORG174547834502838939
pmsr:INI1784603367652,https://pmsr.net/ont/ORG174547834502865973,https://pmsr.net/ont/ORG174547834502838939
pmsr:INI1784603367654,https://pmsr.net/ont/ORG174547834502865973,https://pmsr.net/ont/ORG174547834502838939
pmsr:INI1784603367655,https://pmsr.net/ont/ORG174547834502865973,https://pmsr.net/ont/ORG174547834502838939
pmsr:INI1784603367656,https://pmsr.net/ont/ORG174547834502865973,https://pmsr.net/ont/ORG174547834502838939
pmsr:INI1784603367657,https://pmsr.net/ont/ORG174547834502865973,https://pmsr.net/ont/ORG174547834502838939
pmsr:INI1784603367659,https://pmsr.net/ont/ORG174547834502865973,https://pmsr.net/ont/ORG174547834502838939
pmsr:INI1784603367660,https://pmsr.net/ont/ORG174547834502865973,https://pmsr.net/ont/ORG174547834502838939
pmsr:INI1784603367662,https://pmsr.net/ont/ORG174547834502865973,https://pmsr.net/ont/ORG174547834502838939
pmsr:INI1784603367663,https://pmsr.net/ont/ORG174547834502865973,https://pmsr.net/ont/ORG174547834502838939
pmsr:INI1784603367664,https://pmsr.net/ont/ORG174547834502865973,https://pmsr.net/ont/ORG174547834502838939
pmsr:INI1784603367666,https://pmsr.net/ont/ORG174547834502865973,https://pmsr.net/ont/ORG174547834502838939
pmsr:INI1784603367667,https://pmsr.net/ont/ORG174547834502865973,https://pmsr.net/ont/ORG174547834502838939
pmsr:INI1784603367668,https://pmsr.net/ont/ORG174547834502865973,https://pmsr.net/ont/ORG174547834502838939
pmsr:INI1784603367670,https://pmsr.net/ont/ORG174547834502865973,https://pmsr.net/ont/ORG174547834502838939
pmsr:INI1784603367671,https://pmsr.net/ont/ORG174547834502865973,https://pmsr.net/ont/ORG174547834502838939
pmsr:INI1784603367672,https://pmsr.net/ont/ORG174547834502865973,https://pmsr.net/ont/ORG174547834502838939
pmsr:INI1784603367673,https://pmsr.net/ont/ORG174547834502865973,https://pmsr.net/ont/ORG174547834502838939
pmsr:INI1784603367675,https://pmsr.net/ont/ORG174547834502865973,https://pmsr.net/ont/ORG174547834502838939
pmsr:INI1784603367676,https://pmsr.net/ont/ORG174547834502865973,https://pmsr.net/ont/ORG174547834502838939
pmsr:INI1784603367677,https://pmsr.net/ont/ORG174547834502865973,https://pmsr.net/ont/ORG174547834502838939
pmsr:INI1784603367679,https://pmsr.net/ont/ORG174547834502865973,https://pmsr.net/ont/ORG174547834502838939
pmsr:INI1784603367680,https://pmsr.net/ont/ORG174547834502865973,https://pmsr.net/ont/ORG174547834502838939
pmsr:INI1784603367681,https://pmsr.net/ont/ORG174547834502865973,https://pmsr.net/ont/ORG174547834502838939
pmsr:INI1784603367683,https://pmsr.net/ont/ORG174547834502865973,https://pmsr.net/ont/ORG174547834502838939
pmsr:INI1784603367684,https://pmsr.net/ont/ORG174547834502865973,https://pmsr.net/ont/ORG174547834502838939
pmsr:INI1784603367685,https://pmsr.net/ont/ORG174547834502865973,https://pmsr.net/ont/ORG174547834502838939
pmsr:INI1784603367686,https://pmsr.net/ont/ORG174547834502865973,https://pmsr.net/ont/ORG174547834502838939
pmsr:INI1784603367688,https://pmsr.net/ont/ORG174547834502865973,https://pmsr.net/ont/ORG174547834502838939
pmsr:INI1784603367689,https://pmsr.net/ont/ORG174547834502865973,https://pmsr.net/ont/ORG174547834502838939
pmsr:INI1784603367690,https://pmsr.net/ont/ORG174547834502865973,https://pmsr.net/ont/ORG174547834502838939
pmsr:INI1784603367692,https://pmsr.net/ont/ORG174547834502865973,https://pmsr.net/ont/ORG174547834502838939
pmsr:INI1784603367693,https://pmsr.net/ont/ORG174547834502865973,https://pmsr.net/ont/ORG174547834502838939
pmsr:INI1784603367694,https://pmsr.net/ont/ORG174547834502865973,https://pmsr.net/ont/ORG174547834502838939
pmsr:INI1784603367696,https://pmsr.net/ont/ORG174547834502865973,https://pmsr.net/ont/ORG174547834502838939
pmsr:INI1784603367697,https://pmsr.net/ont/ORG174547834502865973,https://pmsr.net/ont/ORG174547834502838939
pmsr:INI1784603367698,https://pmsr.net/ont/ORG174547834502865973,https://pmsr.net/ont/ORG174547834502838939
pmsr:INI1784603367699,https://pmsr.net/ont/ORG174547834502865973,https://pmsr.net/ont/ORG174547834502838939
pmsr:INI1784603367701,https://pmsr.net/ont/ORG174547834502865973,https://pmsr.net/ont/ORG174547834502838939
pmsr:INI1784603367702,https://pmsr.net/ont/ORG174547834502865973,https://pmsr.net/ont/ORG174547834502838939
pmsr:INI1784603367703,https://pmsr.net/ont/ORG174547834502865973,https://pmsr.net/ont/ORG174547834502838939
pmsr:INI1784603367705,https://pmsr.net/ont/ORG174547834502865973,https://pmsr.net/ont/ORG174547834502838939
pmsr:INI1784603367706,https://pmsr.net/ont/ORG174547834502865973,https://pmsr.net/ont/ORG174547834502838939
pmsr:INI1784603367707,https://pmsr.net/ont/ORG174547834502865973,https://pmsr.net/ont/ORG174547834502838939
pmsr:INI1784603367709,https://pmsr.net/ont/ORG174547834502865973,https://pmsr.net/ont/ORG174547834502838939
pmsr:INI1784603367710,https://pmsr.net/ont/ORG174547834502865973,https://pmsr.net/ont/ORG174547834502838939
pmsr:INI1784603367711,https://pmsr.net/ont/ORG174547834502865973,https://pmsr.net/ont/ORG174547834502838939
pmsr:INI1784603367713,https://pmsr.net/ont/ORG174547834502865973,https://pmsr.net/ont/ORG174547834502838939
pmsr:INI1784603367714,https://pmsr.net/ont/ORG174547834502865973,https://pmsr.net/ont/ORG174547834502838939
pmsr:INI1784603367715,https://pmsr.net/ont/ORG174547834502865973,https://pmsr.net/ont/ORG174547834502838939
pmsr:INI1784603367717,https://pmsr.net/ont/ORG174547834502865973,https://pmsr.net/ont/ORG174547834502838939
pmsr:INI1784603367718,https://pmsr.net/ont/ORG174547834502865973,https://pmsr.net/ont/ORG174547834502838939
pmsr:INI1784603367719,https://pmsr.net/ont/ORG174547834502865973,https://pmsr.net/ont/ORG174547834502838939
pmsr:INI1784603367721,https://pmsr.net/ont/ORG174547834502865973,https://pmsr.net/ont/ORG174547834502838939
pmsr:INI1784603367722,https://pmsr.net/ont/ORG174547834502865973,https://pmsr.net/ont/ORG174547834502838939
pmsr:INI1784603367723,https://pmsr.net/ont/ORG174547834502865973,https://pmsr.net/ont/ORG174547834502838939
pmsr:INI1784603367725,https://pmsr.net/ont/ORG174547834502865973,https://pmsr.net/ont/ORG174547834502838939
pmsr:INI1784603367726,https://pmsr.net/ont/ORG174547834502865973,https://pmsr.net/ont/ORG174547834502838939
pmsr:INI1784603367727,https://pmsr.net/ont/ORG174547834502865973,https://pmsr.net/ont/ORG174547834502838939
pmsr:INI1784603367729,https://pmsr.net/ont/ORG174547834502865973,https://pmsr.net/ont/ORG174547834502838939
pmsr:INI1784603367730,https://pmsr.net/ont/ORG174547834502865973,https://pmsr.net/ont/ORG174547834502838939
pmsr:INI1784603367731,https://pmsr.net/ont/ORG174547834502865973,https://pmsr.net/ont/ORG174547834502838939
pmsr:INI1784603367733,https://pmsr.net/ont/ORG174547834502865973,https://pmsr.net/ont/ORG174547834502838939
pmsr:INI1784603367734,https://pmsr.net/ont/ORG174547834502865973,https://pmsr.net/ont/ORG174547834502838939
pmsr:INI1784603367735,https://pmsr.net/ont/ORG174547834502865973,https://pmsr.net/ont/ORG174547834502838939
