"person_uri","full_name","organization","cv_id","image_url","file","status"
"https://pmsr.net/ont/PER178553253779566104","Daniel Martins","IPIAGET-ALMADA","B410-117A-28A9","https://www.cienciavitae.pt/fotos/publico/B410-117A-28A9.jpg","/opt/homebrew/var/www/drupal/web/modules/custom/pmsrgui/imgpeople/daniel_martins__B410-117A-28A9.jpg","downloaded"
"https://pmsr.net/ont/PER178553253779596455","Joana Teixeira","ESS-IPIAGET-GAIA","1111-67B5-CD85","https://www.cienciavitae.pt/fotos/publico/1111-67B5-CD85.jpg","/opt/homebrew/var/www/drupal/web/modules/custom/pmsrgui/imgpeople/joana_teixeira__1111-67B5-CD85.jpg","downloaded"
"https://pmsr.net/ont/Person_003","Joana Teixeira","ESS-IPIAGET-GAIA","1111-67B5-CD85","https://www.cienciavitae.pt/fotos/publico/1111-67B5-CD85.jpg","/opt/homebrew/var/www/drupal/web/modules/custom/pmsrgui/imgpeople/joana_teixeira__1111-67B5-CD85.jpg","downloaded"
"https://pmsr.net/ont/Person_009","João Pedro das Neves Grade","ESS-IPIAGET-VISEU","981D-427A-6CB5","https://www.cienciavitae.pt/fotos/publico/981D-427A-6CB5.jpg","/opt/homebrew/var/www/drupal/web/modules/custom/pmsrgui/imgpeople/joao_pedro_das_neves_grade__981D-427A-6CB5.jpg","downloaded"
"https://pmsr.net/ont/PER178553253779511446","Luis Moreira","ESS-IPIAGET-GAIA","C71E-3B0F-7DA9","https://www.cienciavitae.pt/fotos/publico/C71E-3B0F-7DA9.jpg","/opt/homebrew/var/www/drupal/web/modules/custom/pmsrgui/imgpeople/luis_moreira__C71E-3B0F-7DA9.jpg","downloaded"
"https://pmsr.net/ont/Person_002","Luis Moreira","ESS-IPIAGET-GAIA","C71E-3B0F-7DA9","https://www.cienciavitae.pt/fotos/publico/C71E-3B0F-7DA9.jpg","/opt/homebrew/var/www/drupal/web/modules/custom/pmsrgui/imgpeople/luis_moreira__C71E-3B0F-7DA9.jpg","downloaded"
"https://pmsr.net/ont/PER178553253779513910","Margarida Ferreira","ESS-IPIAGET-GAIA","A518-4886-E7E6","https://www.cienciavitae.pt/fotos/publico/A518-4886-E7E6.jpg","/opt/homebrew/var/www/drupal/web/modules/custom/pmsrgui/imgpeople/margarida_ferreira__A518-4886-E7E6.jpg","downloaded"
"https://pmsr.net/ont/Person_021","Margarida Ferreira","ESS-IPIAGET-GAIA","A518-4886-E7E6","https://www.cienciavitae.pt/fotos/publico/A518-4886-E7E6.jpg","/opt/homebrew/var/www/drupal/web/modules/custom/pmsrgui/imgpeople/margarida_ferreira__A518-4886-E7E6.jpg","downloaded"
"https://pmsr.net/ont/PER178553253779526354","Paulo Pinheiro","ESTG-IPIAGET-ALMADA","BE11-62F5-F7F1","https://www.cienciavitae.pt/fotos/publico/BE11-62F5-F7F1.jpg","/opt/homebrew/var/www/drupal/web/modules/custom/pmsrgui/imgpeople/paulo_pinheiro__BE11-62F5-F7F1.jpg","downloaded"
"https://pmsr.net/ont/Person_001","Paulo Pinheiro","ESTG-IPIAGET-ALMADA","BE11-62F5-F7F1","https://www.cienciavitae.pt/fotos/publico/BE11-62F5-F7F1.jpg","/opt/homebrew/var/www/drupal/web/modules/custom/pmsrgui/imgpeople/paulo_pinheiro__BE11-62F5-F7F1.jpg","downloaded"
"https://pmsr.net/ont/PER178553253779525332","Pedro Araujo","ESS-IPVC","F119-533C-0441","https://www.cienciavitae.pt/fotos/publico/F119-533C-0441.jpg","/opt/homebrew/var/www/drupal/web/modules/custom/pmsrgui/imgpeople/pedro_araujo__F119-533C-0441.jpg","downloaded"
